Timestamp,Dancer_Setpoint,Dancer_Process_Value,Dancer_Output,Nip_Setpoint,Nip_Process_Value,Nip_Output,Seal1_Heat1_Setpoint,Seal1_Heat1_Process_Value,Seal1_Heat1_Draw_Temp_Correction,Seal1_Heat2_Setpoint,Seal1_Heat2_Process_Value,Seal1_Heat2_Draw_Temp_Correction,Seal1_Heat3_Setpoint,Seal1_Heat3_Process_Value,Seal1_Heat3_Draw_Temp_Correction,Seal1_Heat4_Setpoint,Seal1_Heat4_Process_Value,Seal1_Heat4_Draw_Temp_Correction,Seal2_Heat1_Setpoint,Seal2_Heat1_Process_Value,Seal2_Heat1_Draw_Temp_Correction,Seal2_Heat2_Setpoint,Seal2_Heat2_Process_Value,Seal2_Heat2_Draw_Temp_Correction,Seal2_Heat3_Setpoint,Seal2_Heat3_Process_Value,Seal2_Heat3_Draw_Temp_Correction,Seal2_Heat4_Setpoint,Seal2_Heat4_Process_Value,Seal2_Heat4_Draw_Temp_Correction,Seal1_Temperature_Setpoint,Seal1_Temperature_Process_Value,Seal2_Temperature_Setpoint,Seal2_Temperature_Process_Value,Line_Speed,Production_Length,Extrusion_Output,Printmark_Sensor_1_Offset,Printmark_Sensor_2_Offset,Punch_Position_Offset,Punch_Speed_Offset,Seal1_Position_Offset,Seal2_Position_Offset
2026-07-01T00:00:00.000Z,50,49.993,48.199,42,41.854,44.418,99.4,99.041,0.359,99.8,99.57,0.23,100.2,99.876,0.324,100.6,100.701,-0.101,100,99.988,0.012,100.4,100.484,-0.084,100.8,101.037,-0.237,101.2,101.499,-0.299,100,100.275,101,100.966,33.786,0,71.676,-0.02,0.341,0,-0.026,0,0.31
2026-07-01T00:05:00.000Z,50,49.806,47.656,42,41.742,43.89,99.4,99.587,-0.187,99.8,100.249,-0.449,100.2,100.375,-0.175,100.6,100.859,-0.259,100,100.014,-0.014,100.4,100.83,-0.43,100.8,101.067,-0.267,101.2,101.474,-0.274,100,100.557,101,100.671,34.239,10230,72.09,-0.045,0.383,0.012,0.029,0.011,0.31
2026-07-01T00:10:00.000Z,50,49.749,48.613,42,42.291,44.255,99.4,99.386,0.014,99.8,100.249,-0.449,100.2,100.06,0.14,100.6,101.05,-0.45,100,99.808,0.192,100.4,100.757,-0.357,100.8,101.311,-0.511,101.2,100.946,0.254,100,100.446,101,100.66,34.187,20460,72.484,0.124,0.443,0.023,0.022,0.021,0.309
2026-07-01T00:15:00.000Z,50,50.351,48.725,42,42.126,44.556,99.4,99.544,-0.144,99.8,100.334,-0.534,100.2,100.535,-0.335,100.6,100.727,-0.127,100,100.201,-0.201,100.4,101.013,-0.613,100.8,100.678,0.122,101.2,101.088,0.112,100,100.515,101,100.697,34.471,30690,72.861,0.016,0.41,0.035,0.057,0.032,0.308
2026-07-01T00:20:00.000Z,50,50.124,48.879,42,41.947,44.091,99.4,100.121,-0.721,99.8,99.873,-0.073,100.2,100.237,-0.037,100.6,101.065,-0.465,100,100.682,-0.682,100.4,101.001,-0.601,100.8,101.552,-0.752,101.2,101.633,-0.433,100,100.771,101,100.705,34.487,40920,72.58,0.076,0.338,0.046,0.058,0.043,0.307
2026-07-01T00:25:00.000Z,50,50.329,49.221,42,42.179,44.49,99.4,99.745,-0.345,99.8,99.979,-0.179,100.2,100.687,-0.487,100.6,101.397,-0.797,100,100.009,-0.009,100.4,101.05,-0.65,100.8,101.394,-0.594,101.2,101.897,-0.697,100,100.77,101,101.142,34.696,51150,73.393,0.198,0.399,0.058,0.084,0.053,0.305
2026-07-01T00:30:00.000Z,50,50.114,49.539,42,42.394,45.032,99.4,100.157,-0.757,99.8,100.292,-0.492,100.2,100.428,-0.228,100.6,101.326,-0.726,100,100.42,-0.42,100.4,100.953,-0.553,100.8,101.26,-0.46,101.2,101.863,-0.663,100,100.837,101,100.914,34.371,61380,73.063,0.198,0.329,0.069,0.045,0.064,0.303
2026-07-01T00:35:00.000Z,50,50.021,49.727,42,42.228,45.178,99.4,99.89,-0.49,99.8,100.45,-0.65,100.2,100.807,-0.607,100.6,101.616,-1.016,100,100.614,-0.614,100.4,100.976,-0.576,100.8,101.594,-0.794,101.2,102.069,-0.869,100,101.002,101,100.995,34.638,71610,73.284,0.202,0.352,0.081,0.077,0.074,0.301
2026-07-01T00:40:00.000Z,50,50.552,49.282,42,42.383,44.772,99.4,100.045,-0.645,99.8,100.781,-0.981,100.2,100.654,-0.454,100.6,101.656,-1.056,100,101.088,-1.088,100.4,101.22,-0.82,100.8,101.901,-1.101,101.2,102.201,-1.001,100,101.193,101,100.989,34.943,81840,73.828,0.196,0.436,0.092,0.113,0.084,0.298
2026-07-01T00:45:00.000Z,50,50.228,49.691,42,42.404,45.388,99.4,100.443,-1.043,99.8,100.092,-0.292,100.2,100.869,-0.669,100.6,101.553,-0.953,100,100.761,-0.761,100.4,100.894,-0.494,100.8,101.326,-0.526,101.2,101.792,-0.592,100,100.966,101,101.073,34.822,92070,74.633,0.244,0.34,0.103,0.099,0.095,0.295
2026-07-01T00:50:00.000Z,50,50.021,49.66,42,41.953,45.511,99.4,100.149,-0.749,99.8,100.875,-1.075,100.2,100.936,-0.736,100.6,101.442,-0.842,100,100.791,-0.791,100.4,100.847,-0.447,100.8,101.289,-0.489,101.2,102.391,-1.191,100,101.09,101,101.034,34.894,102300,74.995,0.254,0.271,0.113,0.107,0.105,0.292
2026-07-01T00:55:00.000Z,50,50.165,50.493,42,42.213,45.628,99.4,100.173,-0.773,99.8,100.584,-0.784,100.2,100.849,-0.649,100.6,101.877,-1.277,100,100.609,-0.609,100.4,101.573,-1.173,100.8,101.914,-1.114,101.2,102.019,-0.819,100,101.2,101,101.283,35.121,112530,74.789,0.3,0.341,0.124,0.135,0.115,0.288
2026-07-01T01:00:00.000Z,50,50.69,49.904,42,42.433,45.813,99.4,100.199,-0.799,99.8,100.395,-0.595,100.2,101.296,-1.096,100.6,101.15,-0.55,100,100.846,-0.846,100.4,101.254,-0.854,100.8,101.77,-0.97,101.2,102.215,-1.015,100,101.141,101,101.303,35.179,122760,74.705,0.389,0.338,0.134,0.142,0.125,0.284
2026-07-01T01:05:00.000Z,50,50.64,49.661,42,42.121,45.567,99.4,100.041,-0.641,99.8,100.558,-0.758,100.2,101.623,-1.423,100.6,101.672,-1.072,100,101.412,-1.412,100.4,101.224,-0.824,100.8,101.786,-0.986,101.2,101.887,-0.687,100,101.275,101,101.057,35.33,132990,75.615,0.418,0.296,0.144,0.16,0.134,0.279
2026-07-01T01:10:00.000Z,50,50.186,50.175,42,42.177,46.166,99.4,100.662,-1.262,99.8,100.522,-0.722,100.2,100.856,-0.656,100.6,101.37,-0.77,100,100.952,-0.952,100.4,101.068,-0.668,100.8,101.968,-1.168,101.2,102.265,-1.065,100,101.208,101,100.968,35.221,143220,74.872,0.427,0.238,0.154,0.147,0.144,0.275
2026-07-01T01:15:00.000Z,50,50.449,50.667,42,42.487,46.122,99.4,100.39,-0.99,99.8,100.685,-0.885,100.2,101.366,-1.166,100.6,101.526,-0.926,100,101.499,-1.499,100.4,101.694,-1.294,100.8,101.969,-1.169,101.2,102.032,-0.832,100,101.395,101,101.563,35.498,153450,75.463,0.456,0.321,0.164,0.18,0.153,0.269
2026-07-01T01:20:00.000Z,50,50.324,51.165,42,42.266,45.895,99.4,100.437,-1.037,99.8,100.722,-0.922,100.2,101.438,-1.238,100.6,102.088,-1.488,100,101.382,-1.382,100.4,101.377,-0.977,100.8,101.664,-0.864,101.2,102.796,-1.596,100,101.488,101,101.112,35.581,163680,75.49,0.391,0.23,0.173,0.19,0.163,0.264
2026-07-01T01:25:00.000Z,50,50.158,50.525,42,42.11,46.259,99.4,100.605,-1.205,99.8,101.087,-1.287,100.2,101.854,-1.654,100.6,101.9,-1.3,100,101.596,-1.596,100.4,101.272,-0.872,100.8,101.996,-1.196,101.2,102.759,-1.559,100,101.634,101,101.405,35.604,173910,75.065,0.335,0.176,0.182,0.192,0.172,0.258
2026-07-01T01:30:00.000Z,50,50.797,51.275,42,42.463,45.542,99.4,101.176,-1.776,99.8,100.743,-0.943,100.2,101.264,-1.064,100.6,102.175,-1.575,100,101.058,-1.058,100.4,101.487,-1.087,100.8,102.518,-1.718,101.2,102.721,-1.521,100,101.643,101,101.529,35.882,184140,76.181,0.414,0.144,0.191,0.226,0.181,0.252
2026-07-01T01:35:00.000Z,50,50.412,51.12,42,42.176,45.742,99.4,100.434,-1.034,99.8,100.779,-0.979,100.2,101.262,-1.062,100.6,102.184,-1.584,100,101.188,-1.188,100.4,101.878,-1.478,100.8,102.251,-1.451,101.2,102.63,-1.43,100,101.576,101,101.445,35.679,194370,75.937,0.364,0.212,0.199,0.201,0.189,0.246
2026-07-01T01:40:00.000Z,50,50.293,50.918,42,42.103,46.533,99.4,100.457,-1.057,99.8,101.582,-1.782,100.2,101.258,-1.058,100.6,101.804,-1.204,100,101.865,-1.865,100.4,101.527,-1.127,100.8,102.098,-1.298,101.2,102.48,-1.28,100,101.634,101,101.138,35.783,204600,75.7,0.47,0.204,0.207,0.214,0.198,0.239
2026-07-01T01:45:00.000Z,50,50.36,50.531,42,42.412,46.343,99.4,100.552,-1.152,99.8,101.65,-1.85,100.2,101.366,-1.166,100.6,102.196,-1.596,100,101.044,-1.044,100.4,101.785,-1.385,100.8,102.007,-1.207,101.2,102.806,-1.606,100,101.676,101,101.582,36.062,214830,76.513,0.364,0.131,0.215,0.247,0.206,0.232
2026-07-01T01:50:00.000Z,50,50.79,51.068,42,42.327,46.223,99.4,101.159,-1.759,99.8,101.086,-1.286,100.2,101.441,-1.241,100.6,102.426,-1.826,100,101.638,-1.638,100.4,101.842,-1.442,100.8,102.589,-1.789,101.2,103.137,-1.937,100,101.915,101,101.4,35.939,225060,76.285,0.413,0.113,0.222,0.233,0.214,0.225
2026-07-01T01:55:00.000Z,50,50.835,51.55,42,42.671,46.266,99.4,101.082,-1.682,99.8,101.545,-1.745,100.2,102.142,-1.942,100.6,102.518,-1.918,100,101.758,-1.758,100.4,101.702,-1.302,100.8,102.521,-1.721,101.2,102.909,-1.709,100,102.022,101,101.776,35.873,235290,76.172,0.464,-0.003,0.229,0.225,0.222,0.218
2026-07-01T02:00:00.000Z,50,50.588,51.471,42,42.472,46.519,99.4,100.951,-1.551,99.8,101.433,-1.633,100.2,101.838,-1.638,100.6,102.555,-1.955,100,101.45,-1.45,100.4,101.749,-1.349,100.8,102.235,-1.435,101.2,102.909,-1.709,100,101.89,101,101.479,35.797,245520,76.131,0.465,0.105,0.236,0.216,0.23,0.21
2026-07-01T02:05:00.000Z,50,50.95,50.949,42,42.224,46.282,99.4,100.786,-1.386,99.8,101.5,-1.7,100.2,101.765,-1.565,100.6,102.675,-2.075,100,101.737,-1.737,100.4,102.472,-2.072,100.8,102.709,-1.909,101.2,102.483,-1.283,100,102.016,101,101.372,36.046,255750,75.439,0.453,-0.056,0.242,0.246,0.237,0.202
2026-07-01T02:10:00.000Z,50,51.018,51.245,42,42.427,46.151,99.4,101.272,-1.872,99.8,101.59,-1.79,100.2,101.573,-1.373,100.6,102.025,-1.425,100,101.59,-1.59,100.4,101.857,-1.457,100.8,102.06,-1.26,101.2,102.494,-1.294,100,101.808,101,101.557,36.048,265980,75.953,0.397,0.027,0.247,0.246,0.244,0.194
2026-07-01T02:15:00.000Z,50,51.048,51.419,42,42.311,46.616,99.4,101.232,-1.832,99.8,101.864,-2.064,100.2,102.012,-1.812,100.6,102.526,-1.926,100,101.383,-1.383,100.4,101.969,-1.569,100.8,102.203,-1.403,101.2,102.997,-1.797,100,102.023,101,101.39,36.26,276210,76.377,0.377,-0.022,0.253,0.271,0.251,0.185
2026-07-01T02:20:00.000Z,50,50.505,51.106,42,42.548,45.644,99.4,101.138,-1.738,99.8,101.831,-2.031,100.2,101.569,-1.369,100.6,102.188,-1.588,100,101.57,-1.57,100.4,102.021,-1.621,100.8,102.132,-1.332,101.2,103.272,-2.072,100,101.965,101,101.666,36.18,286440,75.169,0.442,-0.11,0.257,0.262,0.257,0.176
2026-07-01T02:25:00.000Z,50,50.557,51.106,42,42.628,46.11,99.4,101.004,-1.604,99.8,101.641,-1.841,100.2,101.957,-1.757,100.6,102.249,-1.649,100,101.483,-1.483,100.4,102.231,-1.831,100.8,102.333,-1.533,101.2,102.603,-1.403,100,101.938,101,101.693,36.045,296670,76.429,0.408,-0.058,0.262,0.245,0.263,0.167
2026-07-01T02:30:00.000Z,50,50.559,50.374,42,42.62,45.693,99.4,101.378,-1.978,99.8,101.429,-1.629,100.2,101.85,-1.65,100.6,102.151,-1.551,100,101.875,-1.875,100.4,102.455,-2.055,100.8,102.201,-1.401,101.2,102.778,-1.578,100,102.015,101,101.565,36.064,306900,76.072,0.372,-0.087,0.266,0.248,0.269,0.158
2026-07-01T02:35:00.000Z,50,50.916,50.264,42,42.604,45.67,99.4,101.501,-2.101,99.8,101.965,-2.165,100.2,101.578,-1.378,100.6,102.662,-2.062,100,101.693,-1.693,100.4,102.589,-2.189,100.8,102.953,-2.153,101.2,103.198,-1.998,100,102.267,101,102.02,36.13,317130,75.355,0.341,-0.166,0.269,0.256,0.275,0.149
2026-07-01T02:40:00.000Z,50,50.649,50.745,42,42.599,46.237,99.4,100.816,-1.416,99.8,101.216,-1.416,100.2,101.542,-1.342,100.6,101.944,-1.344,100,101.487,-1.487,100.4,102.569,-2.169,100.8,102.666,-1.866,101.2,103.163,-1.963,100,101.925,101,101.494,36.361,327360,75.345,0.332,-0.087,0.272,0.283,0.28,0.14
2026-07-01T02:45:00.000Z,50,50.722,51.031,42,42.588,45.989,99.4,101.359,-1.959,99.8,101.122,-1.322,100.2,101.75,-1.55,100.6,102.143,-1.543,100,101.505,-1.505,100.4,102.302,-1.902,100.8,102.779,-1.979,101.2,103.085,-1.885,100,102.006,101,101.947,36.303,337590,74.702,0.313,-0.109,0.275,0.276,0.285,0.13
2026-07-01T02:50:00.000Z,50,51.139,50.611,42,42.622,45.842,99.4,101.58,-2.18,99.8,101.958,-2.158,100.2,101.57,-1.37,100.6,102.82,-2.22,100,101.519,-1.519,100.4,102.222,-1.822,100.8,102.427,-1.627,101.2,102.562,-1.362,100,102.082,101,101.747,36.085,347820,75.617,0.388,-0.283,0.277,0.25,0.29,0.12
2026-07-01T02:55:00.000Z,50,51.232,49.753,42,42.659,45.963,99.4,100.979,-1.579,99.8,101.894,-2.094,100.2,101.55,-1.35,100.6,102.67,-2.07,100,102.074,-2.074,100.4,102.252,-1.852,100.8,102.581,-1.781,101.2,103.187,-1.987,100,102.148,101,101.682,36.235,358050,74.524,0.314,-0.283,0.278,0.268,0.294,0.11
2026-07-01T03:00:00.000Z,50,51.087,50.311,42,42.807,45.101,99.4,101.492,-2.092,99.8,101.152,-1.352,100.2,101.958,-1.758,100.6,102.109,-1.509,100,101.809,-1.809,100.4,101.942,-1.542,100.8,102.696,-1.896,101.2,102.82,-1.62,100,101.997,101,101.946,36.303,368280,74.528,0.355,-0.255,0.279,0.276,0.298,0.1
2026-07-01T03:05:00.000Z,50,51.301,50.064,42,42.517,45.503,99.4,100.907,-1.507,99.8,101.655,-1.855,100.2,101.853,-1.653,100.6,102.361,-1.761,100,101.394,-1.394,100.4,102.181,-1.781,100.8,102.999,-2.199,101.2,102.572,-1.372,100,101.99,101,101.796,36.459,378510,74.196,0.222,-0.27,0.28,0.295,0.302,0.09
2026-07-01T03:10:00.000Z,50,50.763,50.28,42,42.744,45.826,99.4,101.174,-1.774,99.8,101.619,-1.819,100.2,101.832,-1.632,100.6,102.517,-1.917,100,101.889,-1.889,100.4,102.053,-1.653,100.8,102.815,-2.015,101.2,102.902,-1.702,100,102.1,101,102.042,36.272,388740,73.881,0.24,-0.345,0.28,0.273,0.305,0.08
2026-07-01T03:15:00.000Z,50,51.063,50.052,42,42.976,45.643,99.4,101.02,-1.62,99.8,101.336,-1.536,100.2,101.737,-1.537,100.6,102.3,-1.7,100,101.321,-1.321,100.4,101.817,-1.417,100.8,102.805,-2.005,101.2,102.753,-1.553,100,101.886,101,102.152,36.231,398970,74.294,0.24,-0.255,0.28,0.268,0.308,0.069
2026-07-01T03:20:00.000Z,50,50.989,49.818,42,42.698,44.891,99.4,101.189,-1.789,99.8,101.13,-1.33,100.2,102.119,-1.919,100.6,102.693,-2.093,100,101.6,-1.6,100.4,102.037,-1.637,100.8,102.231,-1.431,101.2,103.16,-1.96,100,102.02,101,101.81,36.003,409200,73.349,0.175,-0.318,0.279,0.24,0.311,0.059
2026-07-01T03:25:00.000Z,50,51.299,49.771,42,42.432,45.414,99.4,100.928,-1.528,99.8,101.946,-2.146,100.2,102.077,-1.877,100.6,102.35,-1.75,100,101.654,-1.654,100.4,102.007,-1.607,100.8,102.913,-2.113,101.2,102.842,-1.642,100,102.09,101,101.724,36.282,419430,73.098,0.178,-0.41,0.277,0.274,0.313,0.048
2026-07-01T03:30:00.000Z,50,50.927,49.588,42,42.45,45.162,99.4,100.982,-1.582,99.8,101.582,-1.782,100.2,101.944,-1.744,100.6,102.47,-1.87,100,102.047,-2.047,100.4,102.411,-2.011,100.8,102.579,-1.779,101.2,102.82,-1.62,100,102.104,101,102.067,36.343,429660,73.578,0.227,-0.346,0.276,0.281,0.315,0.038
2026-07-01T03:35:00.000Z,50,51.128,49.447,42,42.956,44.492,99.4,100.705,-1.305,99.8,101.451,-1.651,100.2,101.949,-1.749,100.6,102.042,-1.442,100,101.498,-1.498,100.4,101.682,-1.282,100.8,102.029,-1.229,101.2,103.244,-2.044,100,101.825,101,101.85,36.202,439890,73.072,0.148,-0.375,0.273,0.264,0.317,0.027
2026-07-01T03:40:00.000Z,50,51.287,48.631,42,42.99,44.292,99.4,100.721,-1.321,99.8,101.521,-1.721,100.2,102.233,-2.033,100.6,102.158,-1.558,100,101.34,-1.34,100.4,102.218,-1.818,100.8,102.369,-1.569,101.2,103.292,-2.092,100,101.982,101,102.232,36.315,450120,73.169,0.145,-0.346,0.27,0.278,0.318,0.017
2026-07-01T03:45:00.000Z,50,51.369,48.254,42,42.873,44.211,99.4,101.26,-1.86,99.8,101.211,-1.411,100.2,102.231,-2.031,100.6,101.963,-1.363,100,102.051,-2.051,100.4,101.847,-1.447,100.8,102.882,-2.082,101.2,102.671,-1.471,100,102.015,101,102.106,36.022,460350,72.364,0.133,-0.388,0.267,0.243,0.319,0.006
2026-07-01T03:50:00.000Z,50,51.309,48.136,42,42.81,44.534,99.4,101.105,-1.705,99.8,101.481,-1.681,100.2,102.114,-1.914,100.6,102.306,-1.706,100,101.82,-1.82,100.4,102.391,-1.991,100.8,102.586,-1.786,101.2,103.226,-2.026,100,102.129,101,102.307,36.332,470580,72.355,0.095,-0.392,0.263,0.28,0.32,-0.005
2026-07-01T03:55:00.000Z,50,51.399,48.28,42,43.05,43.941,99.4,101.254,-1.854,99.8,101.516,-1.716,100.2,101.998,-1.798,100.6,101.941,-1.341,100,101.796,-1.796,100.4,102.388,-1.988,100.8,102.052,-1.252,101.2,102.66,-1.46,100,101.951,101,102.166,36.268,480810,72.845,-0.009,-0.365,0.259,0.272,0.32,-0.015
2026-07-01T04:00:00.000Z,50,51.311,48.5,42,42.607,43.556,99.4,100.746,-1.346,99.8,101.219,-1.419,100.2,101.612,-1.412,100.6,102.182,-1.582,100,101.549,-1.549,100.4,101.785,-1.385,100.8,102.291,-1.491,101.2,102.489,-1.289,100,101.734,101,102.351,35.941,491040,71.305,-0.101,-0.417,0.255,0.233,0.32,-0.026
2026-07-01T04:05:00.000Z,50,51.386,47.557,42,42.503,43.997,99.4,100.531,-1.131,99.8,101.738,-1.938,100.2,102.126,-1.926,100.6,102.273,-1.673,100,101.549,-1.549,100.4,101.62,-1.22,100.8,102.092,-1.292,101.2,102.366,-1.166,100,101.787,101,101.993,36.111,501270,72.309,-0.075,-0.383,0.25,0.253,0.319,-0.037
2026-07-01T04:10:00.000Z,50,51.3,48.072,42,43.061,43.526,99.4,100.627,-1.227,99.8,101.22,-1.42,100.2,101.654,-1.454,100.6,102.455,-1.855,100,101.21,-1.21,100.4,101.832,-1.432,100.8,102.361,-1.561,101.2,102.851,-1.651,100,101.776,101,102.345,36.246,511500,71.037,-0.039,-0.485,0.244,0.27,0.319,-0.047
2026-07-01T04:15:00.000Z,50,51.388,47.496,42,43.074,43.837,99.4,100.581,-1.181,99.8,101.727,-1.927,100.2,101.692,-1.492,100.6,101.629,-1.029,100,101.638,-1.638,100.4,101.853,-1.453,100.8,102.33,-1.53,101.2,102.871,-1.671,100,101.79,101,102.241,35.863,521730,70.6,-0.093,-0.46,0.238,0.224,0.317,-0.058
2026-07-01T04:20:00.000Z,50,51.229,46.719,42,42.586,43.059,99.4,101.196,-1.796,99.8,101.041,-1.241,100.2,101.368,-1.168,100.6,102.206,-1.606,100,101.871,-1.871,100.4,101.908,-1.508,100.8,102.559,-1.759,101.2,102.833,-1.633,100,101.873,101,101.93,35.944,531960,70.908,-0.114,-0.445,0.232,0.233,0.316,-0.068
2026-07-01T04:25:00.000Z,50,51.576,46.633,42,42.806,43.15,99.4,101.215,-1.815,99.8,101.074,-1.274,100.2,101.572,-1.372,100.6,102.406,-1.806,100,101.475,-1.475,100.4,101.763,-1.363,100.8,102.281,-1.481,101.2,102.551,-1.351,100,101.792,101,101.904,36.15,542190,70.685,-0.124,-0.377,0.225,0.258,0.314,-0.079
2026-07-01T04:30:00.000Z,50,50.953,46.402,42,42.601,43.281,99.4,100.66,-1.26,99.8,101.501,-1.701,100.2,101.681,-1.481,100.6,102.024,-1.424,100,101.045,-1.045,100.4,101.973,-1.573,100.8,102.589,-1.789,101.2,102.196,-0.996,100,101.709,101,102.049,36.08,552420,70.652,-0.138,-0.401,0.218,0.25,0.312,-0.089
2026-07-01T04:35:00.000Z,50,51.53,46.345,42,42.676,42.858,99.4,100.692,-1.292,99.8,100.919,-1.119,100.2,101.742,-1.542,100.6,101.898,-1.298,100,100.932,-0.932,100.4,102.18,-1.78,100.8,102.333,-1.533,101.2,102.697,-1.497,100,101.674,101,102.043,35.826,562650,69.613,-0.291,-0.399,0.21,0.219,0.309,-0.099
2026-07-01T04:40:00.000Z,50,51.391,46.235,42,42.993,42.992,99.4,101.104,-1.704,99.8,101.524,-1.724,100.2,101.718,-1.518,100.6,102.368,-1.768,100,101.179,-1.179,100.4,102.111,-1.711,100.8,102.524,-1.724,101.2,102.645,-1.445,100,101.897,101,102.388,35.751,572880,69.867,-0.268,-0.363,0.202,0.21,0.306,-0.109
2026-07-01T04:45:00.000Z,50,51.555,45.984,42,43.014,42.567,99.4,100.384,-0.984,99.8,101.291,-1.491,100.2,101.276,-1.076,100.6,101.681,-1.081,100,101.408,-1.408,100.4,101.708,-1.308,100.8,101.92,-1.12,101.2,102.909,-1.709,100,101.572,101,101.937,35.718,583110,69.742,-0.262,-0.438,0.194,0.206,0.303,-0.119
2026-07-01T04:50:00.000Z,50,51.406,46.622,42,42.732,42.224,99.4,100.327,-0.927,99.8,101.18,-1.38,100.2,101.508,-1.308,100.6,101.725,-1.125,100,101.373,-1.373,100.4,101.698,-1.298,100.8,102.037,-1.237,101.2,102.716,-1.516,100,101.571,101,102.104,35.856,593340,69.76,-0.328,-0.381,0.186,0.223,0.299,-0.129
2026-07-01T04:55:00.000Z,50,51.152,46.012,42,42.747,42.124,99.4,100.946,-1.546,99.8,101.322,-1.522,100.2,101.052,-0.852,100.6,101.935,-1.335,100,100.933,-0.933,100.4,101.53,-1.13,100.8,101.882,-1.082,101.2,102.747,-1.547,100,101.543,101,102.462,35.88,603570,69.158,-0.353,-0.304,0.177,0.226,0.295,-0.139
2026-07-01T05:00:00.000Z,50,51.006,45.892,42,43.075,42.803,99.4,100.878,-1.478,99.8,100.898,-1.098,100.2,101.077,-0.877,100.6,101.714,-1.114,100,101.573,-1.573,100.4,101.288,-0.888,100.8,102.389,-1.589,101.2,102.407,-1.207,100,101.528,101,102.095,35.876,613800,68.877,-0.406,-0.364,0.168,0.225,0.291,-0.148
2026-07-01T05:05:00.000Z,50,51.102,46.31,42,42.976,42.173,99.4,100.768,-1.368,99.8,100.628,-0.828,100.2,101.044,-0.844,100.6,101.414,-0.814,100,101.137,-1.137,100.4,101.415,-1.015,100.8,102.157,-1.357,101.2,102.098,-0.898,100,101.333,101,102.111,35.853,624030,68.615,-0.404,-0.349,0.158,0.222,0.286,-0.157
2026-07-01T05:10:00.000Z,50,51.362,45.774,42,43.163,42.467,99.4,100.99,-1.59,99.8,101.26,-1.46,100.2,101.353,-1.153,100.6,102.013,-1.413,100,101.604,-1.604,100.4,101.833,-1.433,100.8,101.704,-0.904,101.2,102.827,-1.627,100,101.698,101,101.979,35.554,634260,69.053,-0.382,-0.335,0.148,0.186,0.281,-0.167
2026-07-01T05:15:00.000Z,50,51.564,44.951,42,42.616,41.822,99.4,100.965,-1.565,99.8,101.051,-1.251,100.2,101.228,-1.028,100.6,101.338,-0.738,100,100.739,-0.739,100.4,101.597,-1.197,100.8,102.408,-1.608,101.2,102.38,-1.18,100,101.463,101,102.023,35.493,644490,69.102,-0.405,-0.383,0.138,0.179,0.276,-0.175
2026-07-01T05:20:00.000Z,50,51.24,45.441,42,42.695,42.332,99.4,100.257,-0.857,99.8,100.628,-0.828,100.2,101.462,-1.262,100.6,102.148,-1.548,100,100.865,-0.865,100.4,101.722,-1.322,100.8,101.967,-1.167,101.2,102.436,-1.236,100,101.436,101,102.061,35.92,654720,68.553,-0.357,-0.239,0.128,0.23,0.271,-0.184
2026-07-01T05:25:00.000Z,50,51.453,45.186,42,42.825,42.332,99.4,100.23,-0.83,99.8,100.667,-0.867,100.2,101.578,-1.378,100.6,101.544,-0.944,100,101.318,-1.318,100.4,101.924,-1.524,100.8,101.827,-1.027,101.2,102.621,-1.421,100,101.464,101,102.495,35.455,664950,68.926,-0.454,-0.238,0.118,0.175,0.265,-0.193
2026-07-01T05:30:00.000Z,50,51.092,45.652,42,43.096,41.652,99.4,100.631,-1.231,99.8,100.493,-0.693,100.2,101.431,-1.231,100.6,101.976,-1.376,100,101.307,-1.307,100.4,101.392,-0.992,100.8,101.626,-0.826,101.2,102.696,-1.496,100,101.444,101,102.096,35.542,675180,68.415,-0.414,-0.178,0.107,0.185,0.259,-0.201
2026-07-01T05:35:00.000Z,50,51.328,45.263,42,42.999,41.552,99.4,100.178,-0.778,99.8,100.776,-0.976,100.2,101.169,-0.969,100.6,101.586,-0.986,100,100.905,-0.905,100.4,101.303,-0.903,100.8,101.969,-1.169,101.2,102.014,-0.814,100,101.238,101,102.374,35.601,685410,68.673,-0.479,-0.275,0.096,0.192,0.252,-0.209
2026-07-01T05:40:00.000Z,50,51.177,45.133,42,42.836,41.41,99.4,100.426,-1.026,99.8,100.567,-0.767,100.2,101.287,-1.087,100.6,101.674,-1.074,100,101.388,-1.388,100.4,101.359,-0.959,100.8,102.008,-1.208,101.2,101.977,-0.777,100,101.336,101,102.276,35.828,695640,68.27,-0.441,-0.159,0.085,0.219,0.246,-0.217
2026-07-01T05:45:00.000Z,50,51.465,44.77,42,42.783,42.073,99.4,100.1,-0.7,99.8,100.601,-0.801,100.2,100.876,-0.676,100.6,101.474,-0.874,100,101.195,-1.195,100.4,101.611,-1.211,100.8,101.512,-0.712,101.2,102.072,-0.872,100,101.18,101,102.184,35.541,705870,67.526,-0.497,-0.151,0.074,0.185,0.239,-0.224
2026-07-01T05:50:00.000Z,50,51.648,44.449,42,42.959,42.244,99.4,100.225,-0.825,99.8,100.809,-1.009,100.2,101.056,-0.856,100.6,102.06,-1.46,100,100.994,-0.994,100.4,101.651,-1.251,100.8,101.472,-0.672,101.2,102.307,-1.107,100,101.322,101,102.388,35.484,716100,67.853,-0.503,-0.213,0.062,0.178,0.231,-0.231
2026-07-01T05:55:00.000Z,50,51.464,45.47,42,43.177,41.79,99.4,100.876,-1.476,99.8,101.22,-1.42,100.2,101.572,-1.372,100.6,102.137,-1.537,100,101.212,-1.212,100.4,101.92,-1.52,100.8,102.209,-1.409,101.2,102.071,-0.871,100,101.652,101,102.158,35.685,726330,68.555,-0.484,-0.069,0.051,0.202,0.224,-0.238
2026-07-01T06:00:00.000Z,50,51.272,44.634,42,43.153,41.951,99.4,100.39,-0.99,99.8,100.57,-0.77,100.2,101.666,-1.466,100.6,101.509,-0.909,100,101.451,-1.451,100.4,101.519,-1.119,100.8,101.711,-0.911,101.2,102.476,-1.276,100,101.412,101,102.386,35.579,736560,68.281,-0.468,-0.177,0.04,0.189,0.216,-0.245
2026-07-01T06:05:00.000Z,50,51.157,44.926,42,42.889,41.323,99.4,100.948,-1.548,99.8,100.599,-0.799,100.2,101.433,-1.233,100.6,102.13,-1.53,100,101.106,-1.106,100.4,101.444,-1.044,100.8,102.23,-1.43,101.2,102.581,-1.381,100,101.559,101,102.086,35.825,746790,68.599,-0.406,-0.02,0.028,0.219,0.208,-0.252
2026-07-01T06:10:00.000Z,50,51.144,45.611,42,42.806,41.533,99.4,100.634,-1.234,99.8,101.317,-1.517,100.2,101.343,-1.143,100.6,102.002,-1.402,100,100.887,-0.887,100.4,101.296,-0.896,100.8,101.731,-0.931,101.2,102.598,-1.398,100,101.476,101,102.04,35.663,757020,68.705,-0.494,-0.096,0.016,0.2,0.2,-0.258
2026-07-01T06:15:00.000Z,50,51.505,45.035,42,42.663,42.315,99.4,100.403,-1.003,99.8,101.178,-1.378,100.2,101.33,-1.13,100.6,101.479,-0.879,100,101.449,-1.449,100.4,101.9,-1.5,100.8,102.3,-1.5,101.2,102.607,-1.407,100,101.581,101,102.58,35.42,767250,68.698,-0.355,-0.044,0.005,0.17,0.192,-0.263
2026-07-01T06:20:00.000Z,50,51.497,45.471,42,42.972,41.42,99.4,100.294,-0.894,99.8,100.491,-0.691,100.2,101.012,-0.812,100.6,101.655,-1.055,100,100.785,-0.785,100.4,101.135,-0.735,100.8,101.941,-1.141,101.2,102.484,-1.284,100,101.225,101,102.457,35.388,777480,68.433,-0.376,0.058,-0.007,0.167,0.183,-0.269
2026-07-01T06:25:00.000Z,50,51.281,45.319,42,42.895,42.324,99.4,100.126,-0.726,99.8,101.01,-1.21,100.2,101.238,-1.038,100.6,101.989,-1.389,100,101.267,-1.267,100.4,101.402,-1.002,100.8,101.858,-1.058,101.2,102.082,-0.882,100,101.372,101,102.176,35.81,787710,67.647,-0.443,0.078,-0.019,0.217,0.174,-0.274
2026-07-01T06:30:00.000Z,50,51.72,45.685,42,42.997,42.385,99.4,100.225,-0.825,99.8,101.015,-1.215,100.2,101.601,-1.401,100.6,101.553,-0.953,100,100.984,-0.984,100.4,101.668,-1.268,100.8,101.786,-0.986,101.2,102.438,-1.238,100,101.409,101,102.501,35.758,797940,68.504,-0.378,0.008,-0.03,0.211,0.165,-0.279
2026-07-01T06:35:00.000Z,50,51.592,45.789,42,42.922,41.634,99.4,100.575,-1.175,99.8,100.661,-0.861,100.2,101.129,-0.929,100.6,101.407,-0.807,100,101.532,-1.532,100.4,101.368,-0.968,100.8,101.977,-1.177,101.2,102.256,-1.056,100,101.363,101,102.401,35.441,808170,68.669,-0.387,0.037,-0.042,0.173,0.156,-0.283
2026-07-01T06:40:00.000Z,50,51.625,45.329,42,43.135,42.179,99.4,100.193,-0.793,99.8,100.646,-0.846,100.2,101.335,-1.135,100.6,101.559,-0.959,100,100.952,-0.952,100.4,101.773,-1.373,100.8,102.16,-1.36,101.2,102.412,-1.212,100,101.379,101,102.567,35.765,818400,68.207,-0.382,0.088,-0.053,0.212,0.146,-0.288
2026-07-01T06:45:00.000Z,50,51.238,45.171,42,43.146,42.618,99.4,100.413,-1.013,99.8,101.345,-1.545,100.2,100.977,-0.777,100.6,101.358,-0.758,100,100.975,-0.975,100.4,101.979,-1.579,100.8,102.073,-1.273,101.2,102.064,-0.864,100,101.398,101,102.179,35.491,828630,68.066,-0.363,0.048,-0.065,0.179,0.137,-0.291
2026-07-01T06:50:00.000Z,50,51.532,45.939,42,42.612,42.704,99.4,100.314,-0.914,99.8,101.009,-1.209,100.2,101.14,-0.94,100.6,102.105,-1.505,100,100.92,-0.92,100.4,102.005,-1.605,100.8,102.264,-1.464,101.2,102.796,-1.596,100,101.569,101,102.364,35.956,838860,69.309,-0.255,0.163,-0.076,0.235,0.127,-0.295
2026-07-01T06:55:00.000Z,50,51.434,45.983,42,42.62,42.748,99.4,100.901,-1.501,99.8,101.264,-1.464,100.2,101.654,-1.454,100.6,102.151,-1.551,100,100.79,-0.79,100.4,101.293,-0.893,100.8,101.869,-1.069,101.2,102.48,-1.28,100,101.55,101,102.553,35.526,849090,69.017,-0.366,0.089,-0.087,0.183,0.117,-0.298
2026-07-01T07:00:00.000Z,50,51.628,45.82,42,43.039,42.762,99.4,100.766,-1.366,99.8,101.435,-1.635,100.2,101.042,-0.842,100.6,101.98,-1.38,100,100.811,-0.811,100.4,101.872,-1.472,100.8,101.904,-1.104,101.2,102.822,-1.622,100,101.579,101,102.283,35.95,859320,69.79,-0.251,0.162,-0.098,0.234,0.107,-0.301
2026-07-01T07:05:00.000Z,50,51.467,45.63,42,42.916,42.983,99.4,100.768,-1.368,99.8,100.734,-0.934,100.2,101.333,-1.133,100.6,101.627,-1.027,100,101.001,-1.001,100.4,101.341,-0.941,100.8,101.797,-0.997,101.2,102.02,-0.82,100,101.328,101,102.146,36.022,869550,69.009,-0.255,0.201,-0.109,0.243,0.097,-0.303
2026-07-01T07:10:00.000Z,50,51.601,46.215,42,42.946,42.849,99.4,100.343,-0.943,99.8,101.235,-1.435,100.2,101.067,-0.867,100.6,101.911,-1.311,100,101.314,-1.314,100.4,101.533,-1.133,100.8,101.793,-0.993,101.2,102.533,-1.333,100,101.466,101,102.473,35.764,879780,69.174,-0.213,0.168,-0.12,0.212,0.087,-0.305
2026-07-01T07:15:00.000Z,50,51.024,46.242,42,42.888,42.956,99.4,100.843,-1.443,99.8,101.465,-1.665,100.2,101.785,-1.585,100.6,101.75,-1.15,100,101.31,-1.31,100.4,101.317,-0.917,100.8,101.765,-0.965,101.2,102.348,-1.148,100,101.573,101,102.077,35.815,890010,70.256,-0.135,0.333,-0.13,0.218,0.077,-0.307
2026-07-01T07:20:00.000Z,50,51.594,47.042,42,42.946,42.995,99.4,101.033,-1.633,99.8,100.712,-0.912,100.2,101.241,-1.041,100.6,102.196,-1.596,100,101.524,-1.524,100.4,102,-1.6,100.8,102.588,-1.788,101.2,102.73,-1.53,100,101.753,101,102.443,35.931,900240,70.371,-0.218,0.279,-0.14,0.232,0.066,-0.308
2026-07-01T07:25:00.000Z,50,51.4,47.152,42,43.103,43.444,99.4,100.457,-1.057,99.8,101.596,-1.796,100.2,101.182,-0.982,100.6,102.279,-1.679,100,101.176,-1.176,100.4,101.955,-1.555,100.8,102.083,-1.283,101.2,102.783,-1.583,100,101.689,101,102.296,35.741,910470,70.302,-0.192,0.316,-0.15,0.209,0.056,-0.309
2026-07-01T07:30:00.000Z,50,51.522,47.424,42,42.648,42.873,99.4,101.204,-1.804,99.8,101.128,-1.328,100.2,101.589,-1.389,100.6,102.408,-1.808,100,101.105,-1.105,100.4,101.633,-1.233,100.8,102.641,-1.841,101.2,102.452,-1.252,100,101.77,101,102.066,35.941,920700,69.77,-0.173,0.316,-0.16,0.233,0.045,-0.31
2026-07-01T07:35:00.000Z,50,51.629,46.603,42,42.745,43.457,99.4,100.865,-1.465,99.8,101.594,-1.794,100.2,101.297,-1.097,100.6,102.293,-1.693,100,101.162,-1.162,100.4,101.938,-1.538,100.8,102.433,-1.633,101.2,102.879,-1.679,100,101.808,101,102.341,36.089,930930,70.197,-0.16,0.291,-0.169,0.251,0.035,-0.31
2026-07-01T07:40:00.000Z,50,51.464,47.591,42,42.9,43.839,99.4,101.152,-1.752,99.8,101.079,-1.279,100.2,101.236,-1.036,100.6,102.244,-1.644,100,101.019,-1.019,100.4,102.038,-1.638,100.8,102.394,-1.594,101.2,102.292,-1.092,100,101.682,101,102.323,35.882,941160,71.186,-0.006,0.387,-0.179,0.226,0.024,-0.31
2026-07-01T07:45:00.000Z,50,51.339,47.399,42,42.564,43.554,99.4,100.516,-1.116,99.8,101.06,-1.26,100.2,102.1,-1.9,100.6,102.37,-1.77,100,101.271,-1.271,100.4,101.861,-1.461,100.8,102.502,-1.702,101.2,102.35,-1.15,100,101.754,101,101.931,36.091,951390,71.01,-0.031,0.359,-0.187,0.251,0.013,-0.309
2026-07-01T07:50:00.000Z,50,51.166,47.777,42,42.651,43.919,99.4,100.806,-1.406,99.8,101.136,-1.336,100.2,102.009,-1.809,100.6,101.699,-1.099,100,101.745,-1.745,100.4,102.106,-1.706,100.8,102.522,-1.722,101.2,102.75,-1.55,100,101.847,101,102.063,36.195,961620,71.476,-0.024,0.33,-0.196,0.263,0.003,-0.308
2026-07-01T07:55:00.000Z,50,51.003,47.369,42,43.069,44.35,99.4,100.58,-1.18,99.8,101.618,-1.818,100.2,101.764,-1.564,100.6,102.065,-1.465,100,101.293,-1.293,100.4,102.13,-1.73,100.8,102.636,-1.836,101.2,102.83,-1.63,100,101.865,101,102.404,35.843,971850,71.188,-0.005,0.394,-0.204,0.221,-0.008,-0.307
2026-07-01T08:00:00.000Z,50,51.321,48.404,42,42.525,44.47,99.4,101.309,-1.909,99.8,101.558,-1.758,100.2,102.133,-1.933,100.6,102.351,-1.751,100,101.313,-1.313,100.4,101.721,-1.321,100.8,102.103,-1.303,101.2,103.062,-1.862,100,101.944,101,102.33,36.118,982080,72.091,0.063,0.461,-0.212,0.254,-0.019,-0.306
2026-07-01T08:05:00.000Z,50,51.004,47.872,42,42.498,43.693,99.4,100.848,-1.448,99.8,101.382,-1.582,100.2,102.06,-1.86,100.6,102.557,-1.957,100,101.994,-1.994,100.4,102.318,-1.918,100.8,102.715,-1.915,101.2,102.752,-1.552,100,102.078,101,101.864,36.082,992310,71.582,0.105,0.445,-0.219,0.25,-0.029,-0.304
2026-07-01T08:10:00.000Z,50,50.989,48.148,42,42.711,44.442,99.4,101.298,-1.898,99.8,101.25,-1.45,100.2,101.633,-1.433,100.6,102.578,-1.978,100,101.705,-1.705,100.4,102.345,-1.945,100.8,102.799,-1.999,101.2,103.137,-1.937,100,102.093,101,102.288,36.252,1002540,72.422,0.098,0.438,-0.226,0.27,-0.04,-0.301
2026-07-01T08:15:00.000Z,50,50.829,48.233,42,42.993,44.557,99.4,101.072,-1.672,99.8,101.664,-1.864,100.2,102.059,-1.859,100.6,101.86,-1.26,100,101.594,-1.594,100.4,101.78,-1.38,100.8,102.758,-1.958,101.2,102.746,-1.546,100,101.942,101,101.816,35.977,1012770,72.244,0.062,0.396,-0.233,0.237,-0.05,-0.299
2026-07-01T08:20:00.000Z,50,50.917,48.637,42,42.873,44.56,99.4,100.953,-1.553,99.8,101.597,-1.797,100.2,101.436,-1.236,100.6,102.038,-1.438,100,101.447,-1.447,100.4,101.794,-1.394,100.8,102.689,-1.889,101.2,102.961,-1.761,100,101.864,101,101.92,35.931,1023000,72.704,0.21,0.464,-0.239,0.232,-0.061,-0.296
2026-07-01T08:25:00.000Z,50,51.255,48.826,42,42.765,44.687,99.4,100.934,-1.534,99.8,101.597,-1.797,100.2,101.732,-1.532,100.6,102.345,-1.745,100,101.85,-1.85,100.4,102.42,-2.02,100.8,102.11,-1.31,101.2,102.856,-1.656,100,101.981,101,101.869,36.08,1033230,73.689,0.156,0.433,-0.245,0.25,-0.071,-0.292
2026-07-01T08:30:00.000Z,50,51.233,48.677,42,42.467,44.72,99.4,100.66,-1.26,99.8,101.673,-1.873,100.2,101.566,-1.366,100.6,101.95,-1.35,100,101.724,-1.724,100.4,102.535,-2.135,100.8,102.097,-1.297,101.2,102.803,-1.603,100,101.876,101,102.021,36.306,1043460,73.983,0.27,0.432,-0.251,0.277,-0.082,-0.288
2026-07-01T08:35:00.000Z,50,51.115,49.306,42,42.567,45.38,99.4,101.356,-1.956,99.8,101.41,-1.61,100.2,101.952,-1.752,100.6,102.634,-2.034,100,101.927,-1.927,100.4,101.936,-1.536,100.8,102.104,-1.304,101.2,102.805,-1.605,100,102.016,101,101.906,36.08,1053690,73.377,0.293,0.347,-0.256,0.25,-0.092,-0.284
2026-07-01T08:40:00.000Z,50,50.879,49.35,42,42.431,45.056,99.4,100.921,-1.521,99.8,101.87,-2.07,100.2,102.05,-1.85,100.6,102.15,-1.55,100,101.533,-1.533,100.4,102.026,-1.626,100.8,102.337,-1.537,101.2,103.253,-2.053,100,102.018,101,102.084,35.999,1063920,74.374,0.231,0.43,-0.26,0.24,-0.102,-0.28
2026-07-01T08:45:00.000Z,50,51.39,49.305,42,42.648,45.572,99.4,101.384,-1.984,99.8,101.816,-2.016,100.2,101.789,-1.589,100.6,102.579,-1.979,100,101.569,-1.569,100.4,101.861,-1.461,100.8,102.096,-1.296,101.2,102.928,-1.728,100,102.003,101,101.727,36.246,1074150,73.886,0.292,0.419,-0.264,0.27,-0.112,-0.275
2026-07-01T08:50:00.000Z,50,51.015,50.345,42,42.509,45.001,99.4,100.77,-1.37,99.8,101.464,-1.664,100.2,102.014,-1.814,100.6,102.193,-1.593,100,101.837,-1.837,100.4,101.974,-1.574,100.8,102.753,-1.953,101.2,102.724,-1.524,100,101.966,101,101.77,36.116,1084380,73.769,0.368,0.389,-0.268,0.254,-0.122,-0.27
2026-07-01T08:55:00.000Z,50,51.29,49.648,42,42.613,45.911,99.4,101.476,-2.076,99.8,101.424,-1.624,100.2,102.114,-1.914,100.6,102.354,-1.754,100,101.761,-1.761,100.4,102.576,-2.176,100.8,102.585,-1.785,101.2,103.368,-2.168,100,102.207,101,102.18,36.298,1094610,75.016,0.357,0.341,-0.271,0.276,-0.132,-0.265
2026-07-01T09:00:00.000Z,50,51.063,49.666,42,42.807,45.281,99.4,101.305,-1.905,99.8,101.691,-1.891,100.2,102.384,-2.184,100.6,102.088,-1.488,100,101.682,-1.682,100.4,101.85,-1.45,100.8,102.867,-2.067,101.2,103.076,-1.876,100,102.118,101,101.994,36.06,1104840,74.633,0.328,0.431,-0.274,0.247,-0.142,-0.259
2026-07-01T09:05:00.000Z,50,50.862,50.202,42,42.451,45.395,99.4,101.58,-2.18,99.8,101.312,-1.512,100.2,102,-1.8,100.6,102.774,-2.174,100,101.89,-1.89,100.4,102.121,-1.721,100.8,102.736,-1.936,101.2,102.539,-1.339,100,102.119,101,102.054,36.292,1115070,74.516,0.369,0.315,-0.276,0.275,-0.151,-0.253
2026-07-01T09:10:00.000Z,50,50.638,50.749,42,42.428,45.703,99.4,101.314,-1.914,99.8,101.583,-1.783,100.2,102.286,-2.086,100.6,102.763,-2.163,100,101.788,-1.788,100.4,102.048,-1.648,100.8,102.892,-2.092,101.2,102.885,-1.685,100,102.195,101,101.608,36.225,1125300,75.587,0.344,0.414,-0.278,0.267,-0.16,-0.247
2026-07-01T09:15:00.000Z,50,50.902,49.993,42,42.794,45.9,99.4,101.108,-1.708,99.8,101.629,-1.829,100.2,102.318,-2.118,100.6,102.213,-1.613,100,101.915,-1.915,100.4,101.968,-1.568,100.8,102.769,-1.969,101.2,102.952,-1.752,100,102.109,101,101.584,36.325,1135530,74.79,0.4,0.362,-0.279,0.279,-0.17,-0.24
2026-07-01T09:20:00.000Z,50,50.831,50.878,42,42.324,45.617,99.4,101.594,-2.194,99.8,101.674,-1.874,100.2,101.747,-1.547,100.6,102.772,-2.172,100,101.358,-1.358,100.4,102.394,-1.994,100.8,102.113,-1.313,101.2,102.69,-1.49,100,102.043,101,101.852,36.278,1145760,75.568,0.388,0.363,-0.28,0.273,-0.178,-0.233
2026-07-01T09:25:00.000Z,50,50.904,50.22,42,42.512,46.136,99.4,101.335,-1.935,99.8,101.23,-1.43,100.2,102.139,-1.939,100.6,102.651,-2.051,100,102.197,-2.197,100.4,102.546,-2.146,100.8,102.677,-1.877,101.2,102.739,-1.539,100,102.189,101,101.73,36.383,1155990,75.778,0.449,0.366,-0.28,0.286,-0.187,-0.226
2026-07-01T09:30:00.000Z,50,50.535,51.307,42,42.476,46.48,99.4,100.798,-1.398,99.8,101.879,-2.079,100.2,101.693,-1.493,100.6,102.141,-1.541,100,102.111,-2.111,100.4,102.186,-1.786,100.8,102.407,-1.607,101.2,103.255,-2.055,100,102.059,101,101.548,35.953,1166220,75.294,0.417,0.288,-0.28,0.234,-0.196,-0.218
2026-07-01T09:35:00.000Z,50,50.944,51.142,42,42.325,45.931,99.4,101.32,-1.92,99.8,101.442,-1.642,100.2,102.336,-2.136,100.6,102.204,-1.604,100,101.553,-1.553,100.4,101.678,-1.278,100.8,102.892,-2.092,101.2,103.259,-2.059,100,102.086,101,101.906,36.151,1176450,75.672,0.521,0.309,-0.279,0.258,-0.204,-0.211
2026-07-01T09:40:00.000Z,50,51.128,50.982,42,42.454,46.105,99.4,100.974,-1.574,99.8,101.421,-1.621,100.2,102.151,-1.951,100.6,102.67,-2.07,100,101.263,-1.263,100.4,102.286,-1.886,100.8,102.353,-1.553,101.2,102.638,-1.438,100,101.97,101,101.931,36.12,1186680,75.203,0.465,0.252,-0.278,0.254,-0.212,-0.203
2026-07-01T09:45:00.000Z,50,50.748,50.649,42,42.442,45.793,99.4,101.1,-1.7,99.8,101.6,-1.8,100.2,101.98,-1.78,100.6,101.959,-1.359,100,102.061,-2.061,100.4,101.827,-1.427,100.8,102.785,-1.985,101.2,103.171,-1.971,100,102.06,101,101.898,36.22,1196910,76.012,0.501,0.225,-0.276,0.266,-0.22,-0.194
2026-07-01T09:50:00.000Z,50,50.877,51.076,42,42.65,46.29,99.4,100.743,-1.343,99.8,101.476,-1.676,100.2,102.249,-2.049,100.6,102.107,-1.507,100,102.102,-2.102,100.4,102.199,-1.799,100.8,102.199,-1.399,101.2,102.616,-1.416,100,101.961,101,101.872,36.176,1207140,75.775,0.432,0.163,-0.274,0.261,-0.228,-0.186
2026-07-01T09:55:00.000Z,50,50.446,51.319,42,42.326,46.466,99.4,100.945,-1.545,99.8,101.875,-2.075,100.2,101.944,-1.744,100.6,102.681,-2.081,100,102.033,-2.033,100.4,101.684,-1.284,100.8,102.389,-1.589,101.2,103.281,-2.081,100,102.104,101,101.877,36.083,1217370,76.422,0.507,0.178,-0.272,0.25,-0.235,-0.177
2026-07-01T10:00:00.000Z,50,50.763,51.491,42,42.336,46.472,99.4,100.945,-1.545,99.8,101.32,-1.52,100.2,102.013,-1.813,100.6,102.076,-1.476,100,101.621,-1.621,100.4,102.282,-1.882,100.8,102.666,-1.866,101.2,102.574,-1.374,100,101.937,101,101.552,36.006,1227600,76.662,0.454,0.183,-0.268,0.241,-0.242,-0.168
2026-07-01T10:05:00.000Z,50,50.852,50.604,42,42.653,46.288,99.4,101.181,-1.781,99.8,101.013,-1.213,100.2,102.2,-2,100.6,102.106,-1.506,100,101.741,-1.741,100.4,101.677,-1.277,100.8,102.493,-1.693,101.2,102.686,-1.486,100,101.887,101,101.615,36.137,1237830,76.524,0.38,0.105,-0.265,0.256,-0.249,-0.159
2026-07-01T10:10:00.000Z,50,50.62,51.266,42,42.141,45.975,99.4,100.882,-1.482,99.8,101.241,-1.441,100.2,101.471,-1.271,100.6,101.98,-1.38,100,101.83,-1.83,100.4,101.646,-1.246,100.8,102.589,-1.789,101.2,102.916,-1.716,100,101.819,101,101.506,36.033,1248060,75.988,0.39,0.055,-0.261,0.244,-0.256,-0.15
2026-07-01T10:15:00.000Z,50,50.681,51.083,42,42.258,46.101,99.4,101.084,-1.684,99.8,100.918,-1.118,100.2,101.821,-1.621,100.6,101.725,-1.125,100,101.862,-1.862,100.4,101.837,-1.437,100.8,102.265,-1.465,101.2,102.906,-1.706,100,101.802,101,101.46,36.08,1258290,75.737,0.441,0.168,-0.257,0.25,-0.262,-0.141
2026-07-01T10:20:00.000Z,50,50.243,51.407,42,42.538,45.71,99.4,100.49,-1.09,99.8,101.22,-1.42,100.2,101.552,-1.352,100.6,102.362,-1.762,100,101.526,-1.526,100.4,101.999,-1.599,100.8,102.065,-1.265,101.2,102.615,-1.415,100,101.729,101,101.313,35.763,1268520,75.418,0.353,0.159,-0.252,0.212,-0.268,-0.131
2026-07-01T10:25:00.000Z,50,50.23,51.306,42,42.639,46.55,99.4,100.402,-1.002,99.8,101.159,-1.359,100.2,101.679,-1.479,100.6,102.272,-1.672,100,101.026,-1.026,100.4,102.142,-1.742,100.8,102.624,-1.824,101.2,102.79,-1.59,100,101.762,101,101.166,35.916,1278750,76.241,0.447,0.111,-0.246,0.23,-0.274,-0.121
2026-07-01T10:30:00.000Z,50,50.761,51.28,42,42.602,45.805,99.4,101.007,-1.607,99.8,101.486,-1.686,100.2,101.382,-1.182,100.6,101.58,-0.98,100,101.773,-1.773,100.4,102.061,-1.661,100.8,101.843,-1.043,101.2,102.6,-1.4,100,101.717,101,101.475,35.762,1288980,76.13,0.403,-0.003,-0.241,0.211,-0.279,-0.111
2026-07-01T10:35:00.000Z,50,50.718,51.256,42,42.566,45.992,99.4,100.68,-1.28,99.8,100.69,-0.89,100.2,101.748,-1.548,100.6,102.249,-1.649,100,101.487,-1.487,100.4,101.453,-1.053,100.8,101.631,-0.831,101.2,102.519,-1.319,100,101.557,101,101.076,35.527,1299210,76.182,0.418,0.059,-0.234,0.183,-0.284,-0.101
2026-07-01T10:40:00.000Z,50,50.717,50.616,42,42.559,45.979,99.4,100.959,-1.559,99.8,101.19,-1.39,100.2,100.991,-0.791,100.6,102.095,-1.495,100,101.664,-1.664,100.4,101.882,-1.482,100.8,102.022,-1.222,101.2,102.311,-1.111,100,101.639,101,101.552,35.416,1309440,75.254,0.425,-0.035,-0.228,0.17,-0.289,-0.091
2026-07-01T10:45:00.000Z,50,50.678,50.096,42,42.11,45.35,99.4,100.138,-0.738,99.8,100.618,-0.818,100.2,101.1,-0.9,100.6,102.135,-1.535,100,101.441,-1.441,100.4,101.355,-0.955,100.8,101.538,-0.738,101.2,102.175,-0.975,100,101.313,101,101.063,35.389,1319670,75.474,0.381,-0.059,-0.221,0.167,-0.293,-0.081
2026-07-01T10:50:00.000Z,50,50.586,50.692,42,42.021,45.415,99.4,100.624,-1.224,99.8,100.459,-0.659,100.2,101.307,-1.107,100.6,102.081,-1.481,100,101.033,-1.033,100.4,101.224,-0.824,100.8,101.651,-0.851,101.2,102.108,-0.908,100,101.311,101,101.361,35.283,1329900,74.917,0.233,-0.026,-0.213,0.154,-0.297,-0.071
2026-07-01T10:55:00.000Z,50,50.351,50.433,42,42.268,45.393,99.4,100.448,-1.048,99.8,100.946,-1.146,100.2,101.508,-1.308,100.6,101.635,-1.035,100,101.115,-1.115,100.4,101.461,-1.061,100.8,101.476,-0.676,101.2,102.602,-1.402,100,101.399,101,101.149,35.42,1340130,75.484,0.302,-0.112,-0.206,0.17,-0.301,-0.06
2026-07-01T11:00:00.000Z,50,50.222,50.416,42,42.321,45.502,99.4,100.659,-1.259,99.8,100.346,-0.546,100.2,101.458,-1.258,100.6,101.217,-0.617,100,101.008,-1.008,100.4,101.413,-1.013,100.8,101.925,-1.125,101.2,102.07,-0.87,100,101.262,101,101.019,34.965,1350360,75.098,0.216,-0.177,-0.198,0.116,-0.305,-0.05
2026-07-01T11:05:00.000Z,50,50.418,49.519,42,42.083,45.77,99.4,100.097,-0.697,99.8,100.347,-0.547,100.2,101.147,-0.947,100.6,101.647,-1.047,100,100.58,-0.58,100.4,101.669,-1.269,100.8,101.491,-0.691,101.2,101.786,-0.586,100,101.095,101,101.253,35.013,1360590,74.683,0.295,-0.195,-0.189,0.122,-0.308,-0.039
2026-07-01T11:10:00.000Z,50,50.253,49.963,42,42.237,45.489,99.4,100.127,-0.727,99.8,100.615,-0.815,100.2,100.574,-0.374,100.6,101.754,-1.154,100,101.172,-1.172,100.4,101.445,-1.045,100.8,101.268,-0.468,101.2,101.627,-0.427,100,101.073,101,101.29,34.932,1370820,74.872,0.243,-0.194,-0.18,0.112,-0.31,-0.028
2026-07-01T11:15:00.000Z,50,50.502,49.499,42,42.034,45.654,99.4,100.155,-0.755,99.8,100.827,-1.027,100.2,100.89,-0.69,100.6,101.058,-0.458,100,100.72,-0.72,100.4,101.326,-0.926,100.8,101.802,-1.002,101.2,102.292,-1.092,100,101.134,101,101.215,35.013,1381050,74.507,0.165,-0.207,-0.171,0.122,-0.313,-0.018
2026-07-01T11:20:00.000Z,50,50.122,50.086,42,42.431,44.775,99.4,99.814,-0.414,99.8,100.741,-0.941,100.2,100.483,-0.283,100.6,101.273,-0.673,100,100.981,-0.981,100.4,101.171,-0.771,100.8,101.653,-0.853,101.2,101.475,-0.275,100,100.949,101,100.989,34.572,1391280,74.166,0.097,-0.17,-0.162,0.069,-0.315,-0.007
2026-07-01T11:25:00.000Z,50,50.044,48.961,42,41.984,45.373,99.4,100.395,-0.995,99.8,100.149,-0.349,100.2,100.711,-0.511,100.6,100.953,-0.353,100,100.908,-0.908,100.4,100.608,-0.208,100.8,101.463,-0.663,101.2,102.044,-0.844,100,100.904,101,101.317,34.781,1401510,74.376,0.135,-0.248,-0.152,0.094,-0.317,0.004
2026-07-01T11:30:00.000Z,50,50.491,49.312,42,41.853,44.461,99.4,100.351,-0.951,99.8,100.559,-0.759,100.2,100.314,-0.114,100.6,101.386,-0.786,100,100.323,-0.323,100.4,100.526,-0.126,100.8,100.879,-0.079,101.2,101.386,-0.186,100,100.715,101,101.295,34.563,1411740,73.854,0.028,-0.224,-0.142,0.068,-0.318,0.014
2026-07-01T11:35:00.000Z,50,50.255,48.484,42,42.256,44.979,99.4,100.141,-0.741,99.8,99.896,-0.096,100.2,100.582,-0.382,100.6,100.994,-0.394,100,100.582,-0.582,100.4,101.033,-0.633,100.8,100.967,-0.167,101.2,101.508,-0.308,100,100.713,101,101.078,34.698,1421970,73.263,0.108,-0.233,-0.132,0.084,-0.319,0.025
2026-07-01T11:40:00.000Z,50,49.863,48.45,42,42.052,44.825,99.4,99.939,-0.539,99.8,99.726,0.074,100.2,100.097,0.103,100.6,100.864,-0.264,100,100.352,-0.352,100.4,100.304,0.096,100.8,100.807,-0.007,101.2,101.711,-0.511,100,100.475,101,100.666,34.247,1432200,72.588,0.051,-0.323,-0.122,0.03,-0.32,0.036
2026-07-01T11:45:00.000Z,50,49.847,48.797,42,41.921,44.121,99.4,99.997,-0.597,99.8,100.261,-0.461,100.2,100.479,-0.279,100.6,100.607,-0.007,100,100.097,-0.097,100.4,100.849,-0.449,100.8,101.383,-0.583,101.2,101.307,-0.107,100,100.623,101,100.645,34.327,1442430,72.194,0.063,-0.288,-0.111,0.039,-0.32,0.046
2026-07-01T11:50:00.000Z,50,50.213,48.564,42,42.011,43.978,99.4,99.667,-0.267,99.8,99.693,0.107,100.2,100.761,-0.561,100.6,101.03,-0.43,100,99.826,0.174,100.4,100.152,0.248,100.8,101.124,-0.324,101.2,101.682,-0.482,100,100.492,101,100.936,34.282,1452660,72.304,-0.059,-0.371,-0.1,0.034,-0.32,0.057
2026-07-01T11:55:00.000Z,50,49.907,48.755,42,42.047,44.175,99.4,99.11,0.29,99.8,99.478,0.322,100.2,100.376,-0.176,100.6,100.534,0.066,100,99.998,0.002,100.4,100.168,0.232,100.8,100.998,-0.198,101.2,101.665,-0.465,100,100.291,101,101.069,34.127,1462890,72.832,-0.036,-0.281,-0.089,0.015,-0.32,0.067
2026-07-01T12:00:00.000Z,50,50.251,48.553,42,41.858,43.822,99.4,99.564,-0.164,99.8,100.229,-0.429,100.2,100.535,-0.335,100.6,100.835,-0.235,100,99.555,0.445,100.4,100.015,0.385,100.8,100.834,-0.034,101.2,100.924,0.276,100,100.311,101,100.995,33.781,1473120,72.167,-0.133,-0.436,-0.078,-0.026,-0.319,0.078
2026-07-01T12:05:00.000Z,50,50.235,47.545,42,41.939,43.437,99.4,98.947,0.453,99.8,99.497,0.303,100.2,100.245,-0.045,100.6,100.335,0.265,100,99.614,0.386,100.4,100.307,0.093,100.8,101.104,-0.304,101.2,100.821,0.379,100,100.109,101,100.64,33.809,1483350,72.385,-0.097,-0.419,-0.067,-0.023,-0.318,0.088
2026-07-01T12:10:00.000Z,50,49.91,47.292,42,41.732,43.3,99.4,99.289,0.111,99.8,99.67,0.13,100.2,100.348,-0.148,100.6,100.458,0.142,100,99.612,0.388,100.4,99.848,0.552,100.8,100.324,0.476,101.2,101.191,0.009,100,100.092,101,100.447,33.764,1493580,70.883,-0.207,-0.42,-0.056,-0.028,-0.316,0.098
2026-07-01T12:15:00.000Z,50,49.855,47.92,42,41.887,43.455,99.4,99.161,0.239,99.8,99.766,0.034,100.2,100.062,0.138,100.6,100.021,0.579,100,99.526,0.474,100.4,100.584,-0.184,100.8,100.451,0.349,101.2,101.047,0.153,100,100.077,101,100.785,33.781,1503810,70.634,-0.203,-0.378,-0.044,-0.026,-0.314,0.108
2026-07-01T12:20:00.000Z,50,50.131,47.657,42,41.879,43.41,99.4,99.284,0.116,99.8,99.079,0.721,100.2,100.231,-0.031,100.6,99.812,0.788,100,99.289,0.711,100.4,100.432,-0.032,100.8,100.209,0.591,101.2,101.093,0.107,100,99.929,101,100.715,33.518,1514040,71.305,-0.135,-0.463,-0.033,-0.058,-0.312,0.118
2026-07-01T12:25:00.000Z,50,50.02,47.419,42,41.644,43.18,99.4,98.736,0.664,99.8,99.577,0.223,100.2,99.8,0.4,100.6,100.526,0.074,100,99.424,0.576,100.4,100.193,0.207,100.8,100.367,0.433,101.2,100.821,0.379,100,99.931,101,100.724,33.283,1524270,71.302,-0.222,-0.387,-0.021,-0.086,-0.31,0.128
2026-07-01T12:30:00.000Z,50,49.9,46.711,42,41.785,43.315,99.4,98.688,0.712,99.8,99.729,0.071,100.2,99.313,0.887,100.6,99.976,0.624,100,99.858,0.142,100.4,99.467,0.933,100.8,99.851,0.949,101.2,100.859,0.341,100,99.718,101,100.455,33.201,1534500,70.759,-0.246,-0.443,-0.009,-0.096,-0.307,0.138
2026-07-01T12:35:00.000Z,50,49.613,46.099,42,41.59,42.901,99.4,98.953,0.447,99.8,98.891,0.909,100.2,99.434,0.766,100.6,100.406,0.194,100,99.375,0.625,100.4,99.802,0.598,100.8,99.807,0.993,101.2,100.581,0.619,100,99.656,101,100.298,33.317,1544730,69.741,-0.194,-0.369,0.002,-0.082,-0.304,0.147
2026-07-01T12:40:00.000Z,50,49.489,46.048,42,41.658,42.994,99.4,99.119,0.281,99.8,99.541,0.259,100.2,99.422,0.778,100.6,100.232,0.368,100,99.761,0.239,100.4,99.356,1.044,100.8,100.519,0.281,101.2,100.698,0.502,100,99.831,101,100.269,33.391,1554960,70.587,-0.305,-0.391,0.014,-0.073,-0.3,0.156
2026-07-01T12:45:00.000Z,50,49.411,46.75,42,41.612,42.476,99.4,98.537,0.863,99.8,99.187,0.613,100.2,99.836,0.364,100.6,99.686,0.914,100,99.708,0.292,100.4,99.216,1.184,100.8,100.193,0.607,101.2,100.271,0.929,100,99.579,101,100.461,33.227,1565190,69.125,-0.333,-0.489,0.026,-0.093,-0.296,0.166
2026-07-01T12:50:00.000Z,50,50.014,45.93,42,41.958,43.039,99.4,98.588,0.812,99.8,98.599,1.201,100.2,99.688,0.512,100.6,99.6,1,100,99.07,0.93,100.4,99.787,0.613,100.8,99.585,1.215,101.2,99.96,1.24,100,99.36,101,100.482,32.958,1575420,70.06,-0.312,-0.343,0.037,-0.125,-0.292,0.175
2026-07-01T12:55:00.000Z,50,49.869,45.457,42,41.539,42.342,99.4,98.582,0.818,99.8,98.725,1.075,100.2,99.182,1.018,100.6,99.272,1.328,100,99.04,0.96,100.4,99.24,1.16,100.8,99.858,0.942,101.2,100.452,0.748,100,99.294,101,100.321,32.842,1585650,69.744,-0.395,-0.439,0.049,-0.139,-0.288,0.183
2026-07-01T13:00:00.000Z,50,49.926,45.489,42,42.032,41.959,99.4,98.594,0.806,99.8,98.665,1.135,100.2,99.24,0.96,100.6,100.069,0.531,100,98.652,1.348,100.4,99.348,1.052,100.8,100.194,0.606,101.2,100.199,1.001,100,99.37,101,100.194,32.874,1595880,69.007,-0.425,-0.368,0.06,-0.135,-0.283,0.192
2026-07-01T13:05:00.000Z,50,49.343,45.616,42,41.828,42.207,99.4,98.317,1.083,99.8,99.093,0.707,100.2,99.245,0.955,100.6,99.607,0.993,100,98.819,1.181,100.4,99.565,0.835,100.8,100.094,0.706,101.2,99.822,1.378,100,99.32,101,100.261,32.97,1606110,68.649,-0.366,-0.481,0.072,-0.124,-0.278,0.2
2026-07-01T13:10:00.000Z,50,49.849,45.439,42,41.629,42.083,99.4,98.039,1.361,99.8,98.72,1.08,100.2,99.007,1.193,100.6,99.708,0.892,100,98.597,1.403,100.4,99.206,1.194,100.8,99.982,0.818,101.2,99.767,1.433,100,99.128,101,100.485,32.799,1616340,69.526,-0.346,-0.443,0.083,-0.144,-0.272,0.208
2026-07-01T13:15:00.000Z,50,49.686,45.157,42,41.745,42.534,99.4,98.165,1.235,99.8,98.535,1.265,100.2,99.098,1.102,100.6,99.616,0.984,100,99.278,0.722,100.4,99.648,0.752,100.8,99.603,1.197,101.2,100.212,0.988,100,99.269,101,100.341,32.781,1626570,69.107,-0.386,-0.407,0.094,-0.146,-0.266,0.216
2026-07-01T13:20:00.000Z,50,49.342,45.752,42,41.565,41.606,99.4,98.409,0.991,99.8,98.423,1.377,100.2,99.018,1.182,100.6,98.958,1.642,100,98.507,1.493,100.4,99.031,1.369,100.8,100.023,0.777,101.2,99.94,1.26,100,99.039,101,100.459,32.576,1636800,68.848,-0.449,-0.351,0.105,-0.171,-0.26,0.223
2026-07-01T13:25:00.000Z,50,49.541,45.571,42,41.531,42.364,99.4,98.287,1.113,99.8,98.857,0.943,100.2,98.715,1.485,100.6,99.601,0.999,100,99.055,0.945,100.4,98.935,1.465,100.8,99.931,0.869,101.2,99.957,1.243,100,99.167,101,100.056,32.577,1647030,68.649,-0.469,-0.412,0.115,-0.171,-0.254,0.231
2026-07-01T13:30:00.000Z,50,49.491,45.603,42,41.585,41.63,99.4,98.42,0.98,99.8,98.87,0.93,100.2,99.302,0.898,100.6,99.313,1.287,100,98.865,1.135,100.4,98.743,1.657,100.8,99.28,1.52,101.2,99.852,1.348,100,99.081,101,100.476,32.244,1657260,67.635,-0.503,-0.426,0.126,-0.211,-0.247,0.238
2026-07-01T13:35:00.000Z,50,49.662,45.419,42,41.487,42.028,99.4,97.808,1.592,99.8,98.765,1.035,100.2,98.97,1.23,100.6,99.201,1.399,100,98.444,1.556,100.4,98.926,1.474,100.8,98.997,1.803,101.2,99.994,1.206,100,98.888,101,100.379,32.058,1667490,67.536,-0.435,-0.323,0.136,-0.233,-0.24,0.244
2026-07-01T13:40:00.000Z,50,49.279,44.73,42,41.847,41.988,99.4,97.534,1.866,99.8,98.095,1.705,100.2,98.986,1.214,100.6,98.81,1.79,100,98.149,1.851,100.4,98.744,1.656,100.8,99.303,1.497,101.2,99.815,1.385,100,98.679,101,100.204,32.424,1677720,68.096,-0.473,-0.347,0.146,-0.189,-0.233,0.251
2026-07-01T13:45:00.000Z,50,49.185,44.717,42,41.356,41.93,99.4,98.302,1.098,99.8,98.698,1.102,100.2,98.935,1.265,100.6,99.473,1.127,100,98.954,1.046,100.4,99.129,1.271,100.8,99.401,1.399,101.2,99.666,1.534,100,99.07,101,100.149,32.122,1687950,68.441,-0.413,-0.294,0.156,-0.225,-0.226,0.257
2026-07-01T13:50:00.000Z,50,49.36,44.521,42,41.525,41.917,99.4,98.193,1.207,99.8,98.536,1.264,100.2,98.999,1.201,100.6,98.658,1.942,100,98.411,1.589,100.4,98.512,1.888,100.8,99.404,1.396,101.2,99.996,1.204,100,98.839,101,100.316,32.007,1698180,68.236,-0.401,-0.276,0.166,-0.239,-0.218,0.263
2026-07-01T13:55:00.000Z,50,49.063,45.386,42,41.69,41.423,99.4,97.428,1.972,99.8,98.146,1.654,100.2,98.583,1.617,100.6,99.271,1.329,100,98.291,1.709,100.4,98.841,1.559,100.8,99.489,1.311,101.2,99.842,1.358,100,98.736,101,100.261,32.264,1708410,68.219,-0.446,-0.204,0.175,-0.208,-0.21,0.268
2026-07-01T14:00:00.000Z,50,49.421,45.23,42,41.778,41.915,99.4,97.88,1.52,99.8,98.635,1.165,100.2,98.47,1.73,100.6,99.337,1.263,100,98.271,1.729,100.4,98.563,1.837,100.8,98.917,1.883,101.2,99.466,1.734,100,98.692,101,99.784,31.868,1718640,68.463,-0.386,-0.169,0.184,-0.256,-0.202,0.274
2026-07-01T14:05:00.000Z,50,49.182,45.519,42,41.733,41.697,99.4,97.743,1.657,99.8,98.016,1.784,100.2,98.788,1.412,100.6,98.567,2.033,100,98.787,1.213,100.4,98.798,1.602,100.8,99.271,1.529,101.2,99.757,1.443,100,98.716,101,100.222,31.826,1728870,67.605,-0.433,-0.186,0.193,-0.261,-0.194,0.278
2026-07-01T14:10:00.000Z,50,48.922,45.051,42,41.658,41.788,99.4,97.897,1.503,99.8,98.316,1.484,100.2,98.325,1.875,100.6,98.754,1.846,100,98.516,1.484,100.4,98.842,1.558,100.8,98.805,1.995,101.2,99.918,1.282,100,98.672,101,99.936,31.856,1739100,68.209,-0.501,-0.191,0.201,-0.257,-0.185,0.283
2026-07-01T14:15:00.000Z,50,48.99,45.469,42,41.735,42.02,99.4,98.025,1.375,99.8,98.114,1.686,100.2,98.622,1.578,100.6,98.833,1.767,100,98.18,1.82,100.4,98.901,1.499,100.8,98.93,1.87,101.2,99.421,1.779,100,98.628,101,100.263,32.057,1749330,68.763,-0.442,-0.101,0.209,-0.233,-0.176,0.287
2026-07-01T14:20:00.000Z,50,48.852,45.036,42,41.228,42.299,99.4,97.844,1.556,99.8,98.54,1.26,100.2,98.592,1.608,100.6,98.713,1.887,100,98.393,1.607,100.4,99.062,1.338,100.8,98.686,2.114,101.2,99.114,2.086,100,98.618,101,99.961,31.779,1759560,67.844,-0.467,-0.08,0.216,-0.267,-0.167,0.291
2026-07-01T14:25:00.000Z,50,49.147,45.596,42,41.756,41.868,99.4,98.113,1.287,99.8,97.866,1.934,100.2,98.057,2.143,100.6,98.718,1.882,100,98.441,1.559,100.4,98.88,1.52,100.8,99.508,1.292,101.2,99.212,1.988,100,98.599,101,99.699,31.674,1769790,68.324,-0.398,-0.074,0.224,-0.279,-0.158,0.294
2026-07-01T14:30:00.000Z,50,48.916,44.724,42,41.188,41.501,99.4,97.703,1.697,99.8,98.487,1.313,100.2,98.399,1.801,100.6,99.002,1.598,100,98.364,1.636,100.4,98.952,1.448,100.8,99.481,1.319,101.2,99.04,2.16,100,98.679,101,99.767,31.792,1780020,68.407,-0.324,-0.102,0.23,-0.265,-0.149,0.298
2026-07-01T14:35:00.000Z,50,48.822,45.409,42,41.232,41.583,99.4,97.529,1.871,99.8,97.651,2.149,100.2,98.866,1.334,100.6,98.494,2.106,100,98.35,1.65,100.4,98.898,1.502,100.8,99.308,1.492,101.2,99.099,2.101,100,98.524,101,99.561,31.533,1790250,68.037,-0.344,-0.014,0.237,-0.296,-0.139,0.3
2026-07-01T14:40:00.000Z,50,48.957,45.057,42,41.489,41.976,99.4,97.872,1.528,99.8,98.387,1.413,100.2,98.672,1.528,100.6,98.907,1.693,100,97.825,2.175,100.4,98.454,1.946,100.8,98.772,2.028,101.2,99.794,1.406,100,98.585,101,99.539,31.698,1800480,67.873,-0.323,0.019,0.243,-0.276,-0.129,0.303
2026-07-01T14:45:00.000Z,50,49.32,45.948,42,41.685,41.74,99.4,97.526,1.874,99.8,98.136,1.664,100.2,98.321,1.879,100.6,98.87,1.73,100,98.651,1.349,100.4,98.981,1.419,100.8,99.349,1.451,101.2,99.855,1.345,100,98.711,101,99.806,31.703,1810710,69.139,-0.291,-0.002,0.248,-0.276,-0.12,0.305
2026-07-01T14:50:00.000Z,50,49.137,45.887,42,41.142,42.167,99.4,97.889,1.511,99.8,97.983,1.817,100.2,98.538,1.662,100.6,98.993,1.607,100,97.878,2.122,100.4,98.525,1.875,100.8,98.656,2.144,101.2,99.673,1.527,100,98.517,101,99.822,31.969,1820940,69.273,-0.263,0.046,0.254,-0.244,-0.11,0.307
2026-07-01T14:55:00.000Z,50,49.169,45.158,42,41.317,42.214,99.4,97.738,1.662,99.8,97.754,2.046,100.2,98.193,2.007,100.6,98.612,1.988,100,98.194,1.806,100.4,98.741,1.659,100.8,98.643,2.157,101.2,99.167,2.033,100,98.38,101,99.703,31.897,1831170,68.413,-0.254,-0.024,0.258,-0.252,-0.1,0.308
2026-07-01T15:00:00.000Z,50,49.241,45.636,42,41.522,42.261,99.4,97.602,1.798,99.8,97.664,2.136,100.2,98.024,2.176,100.6,98.685,1.915,100,97.946,2.054,100.4,98.671,1.729,100.8,99.437,1.363,101.2,99.299,1.901,100,98.416,101,99.731,31.893,1841400,69.509,-0.275,0.115,0.263,-0.253,-0.089,0.309
2026-07-01T15:05:00.000Z,50,49.167,45.508,42,41.233,42.899,99.4,97.556,1.844,99.8,98.399,1.401,100.2,98.456,1.744,100.6,99.037,1.563,100,98.29,1.71,100.4,98.236,2.164,100.8,98.59,2.21,101.2,99.074,2.126,100,98.455,101,99.478,31.548,1851630,69.904,-0.148,-0.005,0.266,-0.294,-0.079,0.31
2026-07-01T15:10:00.000Z,50,48.984,45.911,42,41.183,42.534,99.4,97.522,1.878,99.8,97.611,2.189,100.2,98.057,2.143,100.6,98.725,1.875,100,97.815,2.185,100.4,99.094,1.306,100.8,99.447,1.353,101.2,99.136,2.064,100,98.426,101,99.469,31.733,1861860,69.664,-0.168,0.059,0.27,-0.272,-0.069,0.31
2026-07-01T15:15:00.000Z,50,49.103,46.793,42,41.473,42.766,99.4,97.781,1.619,99.8,97.907,1.893,100.2,98.179,2.021,100.6,99.092,1.508,100,98.358,1.642,100.4,98.371,2.029,100.8,99.477,1.323,101.2,99.454,1.746,100,98.577,101,99.542,31.577,1872090,70.017,-0.162,0.068,0.273,-0.291,-0.058,0.31
2026-07-01T15:20:00.000Z,50,49.103,46.44,42,41.604,42.943,99.4,97.721,1.679,99.8,98.317,1.483,100.2,98.662,1.538,100.6,98.671,1.929,100,98.642,1.358,100.4,98.34,2.06,100.8,98.701,2.099,101.2,99.043,2.157,100,98.512,101,99.521,31.748,1882320,70.38,-0.171,0.123,0.275,-0.27,-0.048,0.309
2026-07-01T15:25:00.000Z,50,48.801,47.093,42,41.486,43.228,99.4,97.819,1.581,99.8,98.366,1.434,100.2,98.236,1.964,100.6,98.949,1.651,100,98.299,1.701,100.4,98.976,1.424,100.8,98.763,2.037,101.2,99.829,1.371,100,98.655,101,99.533,31.605,1892550,70.442,-0.113,0.124,0.277,-0.287,-0.037,0.309
2026-07-01T15:30:00.000Z,50,49.025,47.356,42,41.143,43.235,99.4,97.795,1.605,99.8,97.801,1.999,100.2,98.065,2.135,100.6,98.535,2.065,100,98.367,1.633,100.4,98.856,1.544,100.8,99.439,1.361,101.2,99.736,1.464,100,98.574,101,99.791,31.646,1902780,69.912,-0.059,0.195,0.278,-0.282,-0.027,0.307
2026-07-01T15:35:00.000Z,50,49.179,47.384,42,41.265,43.657,99.4,97.58,1.82,99.8,98.053,1.747,100.2,98.597,1.603,100.6,98.521,2.079,100,98.343,1.657,100.4,99.042,1.358,100.8,99.023,1.777,101.2,99.142,2.058,100,98.538,101,99.724,31.678,1913010,71.363,-0.023,0.214,0.279,-0.279,-0.016,0.306
2026-07-01T15:40:00.000Z,50,48.553,46.81,42,41.009,43.621,99.4,98.016,1.384,99.8,97.867,1.933,100.2,98.993,1.207,100.6,99.247,1.353,100,98.605,1.395,100.4,98.623,1.777,100.8,98.949,1.851,101.2,99.383,1.817,100,98.71,101,99.843,31.863,1923240,71.58,0.038,0.251,0.28,-0.256,-0.005,0.304
2026-07-01T15:45:00.000Z,50,48.85,47.287,42,41.23,43.363,99.4,98.088,1.312,99.8,97.832,1.968,100.2,98.335,1.865,100.6,98.881,1.719,100,98.171,1.829,100.4,98.91,1.49,100.8,98.736,2.064,101.2,99.71,1.49,100,98.583,101,99.8,31.894,1933470,71.818,-0.064,0.261,0.28,-0.253,0.005,0.302
2026-07-01T15:50:00.000Z,50,49.065,47.308,42,41.174,43.531,99.4,97.57,1.83,99.8,98.479,1.321,100.2,98.771,1.429,100.6,99.36,1.24,100,98.208,1.792,100.4,98.899,1.501,100.8,99.597,1.203,101.2,99.856,1.344,100,98.843,101,99.464,31.687,1943700,71.71,0.043,0.36,0.279,-0.278,0.016,0.299
2026-07-01T15:55:00.000Z,50,48.763,47.317,42,41.195,43.909,99.4,97.669,1.731,99.8,97.954,1.846,100.2,98.32,1.88,100.6,99.309,1.291,100,98.635,1.365,100.4,99.18,1.22,100.8,99.163,1.637,101.2,99.655,1.545,100,98.736,101,99.589,32.056,1953930,72.107,0.08,0.327,0.278,-0.233,0.027,0.296
2026-07-01T16:00:00.000Z,50,48.871,47.557,42,41.455,43.529,99.4,97.692,1.708,99.8,98.047,1.753,100.2,98.324,1.876,100.6,98.896,1.704,100,98.37,1.63,100.4,98.574,1.826,100.8,99.67,1.13,101.2,99.503,1.697,100,98.635,101,99.782,31.76,1964160,71.442,0.051,0.246,0.277,-0.269,0.037,0.293
2026-07-01T16:05:00.000Z,50,49.09,48.115,42,41.347,43.799,99.4,98.057,1.343,99.8,98.051,1.749,100.2,98.524,1.676,100.6,98.822,1.778,100,98.42,1.58,100.4,98.49,1.91,100.8,99.489,1.311,101.2,99.674,1.526,100,98.691,101,99.39,32.141,1974390,72.489,0.208,0.413,0.275,-0.223,0.048,0.289
2026-07-01T16:10:00.000Z,50,48.956,48.192,42,41.207,44.004,99.4,97.783,1.617,99.8,98.487,1.313,100.2,98.578,1.622,100.6,98.755,1.845,100,98.493,1.507,100.4,98.674,1.726,100.8,98.882,1.918,101.2,99.762,1.438,100,98.677,101,99.543,31.735,1984620,72.646,0.094,0.392,0.273,-0.272,0.058,0.285
2026-07-01T16:15:00.000Z,50,48.779,49.002,42,41.067,44.251,99.4,98.12,1.28,99.8,98.752,1.048,100.2,98.918,1.282,100.6,99.41,1.19,100,98.46,1.54,100.4,99.037,1.363,100.8,99.191,1.609,101.2,99.551,1.649,100,98.93,101,99.603,31.995,1994850,73.315,0.259,0.41,0.27,-0.241,0.069,0.28
2026-07-01T16:20:00.000Z,50,48.707,48.986,42,41.177,44.097,99.4,98.176,1.224,99.8,98.698,1.102,100.2,98.659,1.541,100.6,99.378,1.222,100,98.189,1.811,100.4,99.175,1.225,100.8,98.994,1.806,101.2,99.82,1.38,100,98.886,101,99.357,31.985,2005080,73.591,0.182,0.325,0.266,-0.242,0.079,0.276
2026-07-01T16:25:00.000Z,50,48.766,48.454,42,40.908,44.656,99.4,98.424,0.976,99.8,98.78,1.02,100.2,98.575,1.625,100.6,99.139,1.461,100,98.925,1.075,100.4,99.253,1.147,100.8,99.496,1.304,101.2,99.761,1.439,100,99.044,101,99.648,31.95,2015310,73.981,0.308,0.389,0.263,-0.246,0.09,0.271
2026-07-01T16:30:00.000Z,50,48.662,49.112,42,41.27,45.315,99.4,97.765,1.635,99.8,98.751,1.049,100.2,98.592,1.608,100.6,98.782,1.818,100,98.255,1.745,100.4,99.401,0.999,100.8,99.727,1.073,101.2,99.904,1.296,100,98.897,101,99.713,32.299,2025540,74.168,0.31,0.332,0.258,-0.204,0.1,0.265
2026-07-01T16:35:00.000Z,50,48.725,49.563,42,40.966,44.602,99.4,98.361,1.039,99.8,98.482,1.318,100.2,99.266,0.934,100.6,99.35,1.25,100,98.223,1.777,100.4,98.871,1.529,100.8,99.308,1.492,101.2,99.512,1.688,100,98.922,101,99.168,32.164,2035770,73.852,0.304,0.328,0.254,-0.22,0.11,0.259
2026-07-01T16:40:00.000Z,50,48.519,49.277,42,40.931,45.073,99.4,97.862,1.538,99.8,98.499,1.301,100.2,99.302,0.898,100.6,99.066,1.534,100,99.029,0.971,100.4,99.48,0.92,100.8,99.227,1.573,101.2,99.977,1.223,100,99.055,101,99.143,31.977,2046000,74.476,0.383,0.436,0.248,-0.243,0.12,0.253
2026-07-01T16:45:00.000Z,50,48.645,49.457,42,41.142,45.673,99.4,98.344,1.056,99.8,98.226,1.574,100.2,99.162,1.038,100.6,98.839,1.761,100,98.345,1.655,100.4,99.154,1.246,100.8,99.724,1.076,101.2,99.829,1.371,100,98.953,101,99.224,31.986,2056230,73.922,0.351,0.376,0.243,-0.242,0.13,0.247
2026-07-01T16:50:00.000Z,50,48.865,50.354,42,40.914,45.669,99.4,97.684,1.716,99.8,98.571,1.229,100.2,99.015,1.185,100.6,98.962,1.638,100,99.054,0.946,100.4,98.672,1.728,100.8,99.336,1.464,101.2,100.268,0.932,100,98.945,101,99.497,32.173,2066460,74.575,0.292,0.458,0.237,-0.219,0.139,0.241
2026-07-01T16:55:00.000Z,50,48.457,50.535,42,41.216,45.655,99.4,98.301,1.099,99.8,98.919,0.881,100.2,99.136,1.064,100.6,99.244,1.356,100,98.315,1.685,100.4,99.54,0.86,100.8,99.919,0.881,101.2,99.523,1.677,100,99.112,101,99.533,32.018,2076690,74.334,0.302,0.461,0.23,-0.238,0.149,0.234
2026-07-01T17:00:00.000Z,50,48.55,50.289,42,40.976,45.578,99.4,97.853,1.547,99.8,98.315,1.485,100.2,98.656,1.544,100.6,99.522,1.078,100,98.767,1.233,100.4,99.322,1.078,100.8,99.124,1.676,101.2,99.662,1.538,100,98.903,101,99.171,32.388,2086920,74.298,0.43,0.467,0.224,-0.193,0.158,0.227
2026-07-01T17:05:00.000Z,50,48.434,49.755,42,41.169,45.956,99.4,98.545,0.855,99.8,98.413,1.387,100.2,99.16,1.04,100.6,99.075,1.525,100,99.024,0.976,100.4,99.312,1.088,100.8,99.428,1.372,101.2,99.656,1.544,100,99.077,101,99.56,32.314,2097150,75.282,0.36,0.363,0.216,-0.202,0.167,0.219
2026-07-01T17:10:00.000Z,50,48.506,50.187,42,41.088,45.347,99.4,98.327,1.073,99.8,98.759,1.041,100.2,99.151,1.049,100.6,99.595,1.005,100,99.09,0.91,100.4,99.614,0.786,100.8,99.811,0.989,101.2,100.074,1.126,100,99.303,101,99.418,32.526,2107380,75.72,0.423,0.491,0.209,-0.177,0.176,0.211
2026-07-01T17:15:00.000Z,50,48.668,50.146,42,41.13,45.756,99.4,98.242,1.158,99.8,98.173,1.627,100.2,99.206,0.994,100.6,99.715,0.885,100,98.697,1.303,100.4,99.227,1.173,100.8,99.759,1.041,101.2,99.78,1.42,100,99.1,101,99.489,32.079,2117610,75.181,0.499,0.378,0.201,-0.231,0.185,0.203
2026-07-01T17:20:00.000Z,50,48.742,51.078,42,40.847,45.959,99.4,98.435,0.965,99.8,98.908,0.892,100.2,98.726,1.474,100.6,99.147,1.453,100,98.577,1.423,100.4,98.869,1.531,100.8,99.394,1.406,101.2,100.285,0.915,100,99.043,101,99.467,32.501,2127840,75.027,0.356,0.484,0.193,-0.18,0.194,0.195
2026-07-01T17:25:00.000Z,50,48.68,51.033,42,41.205,45.678,99.4,98.194,1.206,99.8,98.594,1.206,100.2,99.247,0.953,100.6,99.074,1.526,100,99.123,0.877,100.4,99.057,1.343,100.8,99.44,1.36,101.2,100.196,1.004,100,99.116,101,99.569,32.272,2138070,75.163,0.519,0.341,0.184,-0.207,0.202,0.187
2026-07-01T17:30:00.000Z,50,48.578,50.473,42,41.366,45.868,99.4,98.418,0.982,99.8,98.948,0.852,100.2,99.205,0.995,100.6,99.645,0.955,100,98.765,1.235,100.4,99.265,1.135,100.8,99.462,1.338,101.2,99.804,1.396,100,99.189,101,99.069,32.569,2148300,76.007,0.479,0.338,0.175,-0.172,0.21,0.178
2026-07-01T17:35:00.000Z,50,48.489,51.389,42,41.061,46.527,99.4,98.108,1.292,99.8,99.06,0.74,100.2,99.255,0.945,100.6,99.859,0.741,100,98.938,1.062,100.4,99.546,0.854,100.8,99.769,1.031,101.2,99.812,1.388,100,99.293,101,99.44,32.44,2158530,76.005,0.492,0.415,0.166,-0.187,0.218,0.169
2026-07-01T17:40:00.000Z,50,48.304,50.509,42,41.236,46.471,99.4,98.178,1.222,99.8,98.745,1.055,100.2,98.815,1.385,100.6,99.734,0.866,100,99.25,0.75,100.4,99.407,0.993,100.8,99.714,1.086,101.2,100.14,1.06,100,99.248,101,99.37,32.198,2168760,76.532,0.376,0.403,0.156,-0.216,0.226,0.16
2026-07-01T17:45:00.000Z,50,48.278,50.874,42,40.835,45.836,99.4,98.088,1.312,99.8,99.046,0.754,100.2,99.203,0.997,100.6,99.161,1.439,100,99.085,0.915,100.4,99.613,0.787,100.8,99.297,1.503,101.2,100.426,0.774,100,99.24,101,99.456,32.31,2178990,75.441,0.506,0.327,0.146,-0.203,0.233,0.151
2026-07-01T17:50:00.000Z,50,48.744,51.372,42,41.322,45.846,99.4,98.403,0.997,99.8,98.977,0.823,100.2,99.382,0.818,100.6,99.683,0.917,100,98.893,1.107,100.4,99.137,1.263,100.8,99.856,0.944,101.2,100.018,1.182,100,99.294,101,99.324,32.322,2189220,76.058,0.526,0.316,0.136,-0.201,0.24,0.142
2026-07-01T17:55:00.000Z,50,48.561,50.71,42,40.911,46.516,99.4,98.266,1.134,99.8,98.311,1.489,100.2,99.065,1.135,100.6,99.87,0.73,100,98.952,1.048,100.4,98.882,1.518,100.8,99.463,1.337,101.2,100.413,0.787,100,99.153,101,99.401,32.227,2199450,76.031,0.454,0.372,0.126,-0.213,0.247,0.132
2026-07-01T18:00:00.000Z,50,48.824,50.875,42,40.944,45.974,99.4,97.854,1.546,99.8,98.77,1.03,100.2,99.132,1.068,100.6,99.295,1.305,100,98.731,1.269,100.4,99.057,1.343,100.8,100.023,0.777,101.2,100.239,0.961,100,99.138,101,99.483,32.433,2209680,76.603,0.377,0.265,0.115,-0.188,0.254,0.122
2026-07-01T18:05:00.000Z,50,48.797,50.652,42,41.381,45.914,99.4,98.665,0.735,99.8,98.694,1.106,100.2,98.815,1.385,100.6,99.854,0.746,100,98.585,1.415,100.4,99.576,0.824,100.8,99.322,1.478,101.2,100.123,1.077,100,99.204,101,99.18,32.42,2219910,76.382,0.42,0.347,0.105,-0.19,0.26,0.112
2026-07-01T18:10:00.000Z,50,48.81,50.522,42,41.164,45.788,99.4,97.888,1.512,99.8,99.015,0.785,100.2,98.99,1.21,100.6,99.137,1.463,100,98.861,1.139,100.4,98.855,1.545,100.8,99.44,1.36,101.2,100.468,0.732,100,99.082,101,99.202,32.418,2230140,75.541,0.436,0.24,0.094,-0.19,0.266,0.102
2026-07-01T18:15:00.000Z,50,48.652,50.62,42,40.963,46.353,99.4,98.555,0.845,99.8,98.321,1.479,100.2,99.325,0.875,100.6,99.442,1.158,100,99.147,0.853,100.4,99.187,1.213,100.8,99.551,1.249,101.2,100.124,1.076,100,99.207,101,99.387,32.406,2240370,75.582,0.45,0.186,0.083,-0.191,0.272,0.092
2026-07-01T18:20:00.000Z,50,48.542,50.643,42,41.235,46.021,99.4,98.194,1.206,99.8,98.991,0.809,100.2,98.983,1.217,100.6,99.621,0.979,100,98.991,1.009,100.4,98.849,1.551,100.8,99.947,0.853,101.2,100.288,0.912,100,99.233,101,99.22,32.247,2250600,76.25,0.311,0.258,0.071,-0.21,0.278,0.082
2026-07-01T18:25:00.000Z,50,48.542,50.928,42,41.185,46.264,99.4,98.68,0.72,99.8,98.703,1.097,100.2,98.771,1.429,100.6,99.38,1.22,100,99.195,0.805,100.4,99.062,1.338,100.8,99.612,1.188,101.2,99.875,1.325,100,99.16,101,99.159,32.573,2260830,76.022,0.366,0.199,0.06,-0.171,0.283,0.072
2026-07-01T18:30:00.000Z,50,48.948,51.106,42,41.208,46.255,99.4,97.918,1.482,99.8,99.105,0.695,100.2,99.138,1.062,100.6,99.695,0.905,100,98.728,1.272,100.4,98.964,1.436,100.8,100.11,0.69,101.2,100.15,1.05,100,99.226,101,99.148,32.565,2271060,75.345,0.36,0.158,0.049,-0.172,0.288,0.061
2026-07-01T18:35:00.000Z,50,48.315,51.001,42,41,46.25,99.4,98.503,0.897,99.8,98.396,1.404,100.2,98.926,1.274,100.6,99.229,1.371,100,98.784,1.216,100.4,99.482,0.918,100.8,99.464,1.336,101.2,99.642,1.558,100,99.053,101,99.276,32.215,2281290,75.422,0.359,0.154,0.037,-0.214,0.292,0.051
2026-07-01T18:40:00.000Z,50,48.359,50.244,42,40.953,46.235,99.4,98.671,0.729,99.8,98.285,1.515,100.2,99.48,0.72,100.6,99.532,1.068,100,99.238,0.762,100.4,98.89,1.51,100.8,100.045,0.755,101.2,100.048,1.152,100,99.274,101,99.17,32.187,2291520,74.837,0.385,0.058,0.026,-0.218,0.296,0.04
2026-07-01T18:45:00.000Z,50,48.576,51.081,42,41.291,45.473,99.4,98.665,0.735,99.8,98.202,1.598,100.2,98.866,1.334,100.6,99.004,1.596,100,98.607,1.393,100.4,99.18,1.22,100.8,99.766,1.034,101.2,99.949,1.251,100,99.03,101,99.463,32.104,2301750,75.831,0.298,0.154,0.014,-0.227,0.3,0.03
2026-07-01T18:50:00.000Z,50,48.481,50.599,42,41.298,46.138,99.4,98.104,1.296,99.8,98.847,0.953,100.2,99.136,1.064,100.6,99.043,1.557,100,98.976,1.024,100.4,98.854,1.546,100.8,99.858,0.942,101.2,99.977,1.223,100,99.099,101,99.604,32.088,2311980,75.097,0.217,0.11,0.002,-0.229,0.304,0.019
2026-07-01T18:55:00.000Z,50,48.493,50.279,42,40.964,45.554,99.4,98.34,1.06,99.8,98.774,1.026,100.2,98.565,1.635,100.6,99.637,0.963,100,98.775,1.225,100.4,98.777,1.623,100.8,99.429,1.371,101.2,99.969,1.231,100,99.033,101,99.217,32.476,2322210,74.915,0.199,0.025,-0.009,-0.183,0.307,0.008
2026-07-01T19:00:00.000Z,50,48.962,50.449,42,41.2,45.222,99.4,98.091,1.309,99.8,98.362,1.438,100.2,99.034,1.166,100.6,99.306,1.294,100,99.092,0.908,100.4,98.771,1.629,100.8,99.365,1.435,101.2,99.977,1.223,100,99,101,99.226,32.13,2332440,75.513,0.299,0.007,-0.021,-0.224,0.31,-0.003
2026-07-01T19:05:00.000Z,50,48.668,49.484,42,40.876,45.063,99.4,98.179,1.221,99.8,98.534,1.266,100.2,98.898,1.302,100.6,99.683,0.917,100,98.787,1.213,100.4,98.988,1.412,100.8,99.488,1.312,101.2,100.081,1.119,100,99.08,101,99.189,31.98,2342670,74.952,0.263,-0.052,-0.033,-0.242,0.312,-0.013
2026-07-01T19:10:00.000Z,50,48.815,50.286,42,40.882,45.325,99.4,98.525,0.875,99.8,98.416,1.384,100.2,99.199,1.001,100.6,99.601,0.999,100,98.385,1.615,100.4,98.8,1.6,100.8,99.165,1.635,101.2,99.794,1.406,100,98.986,101,99.66,32.07,2352900,74.498,0.106,-0.088,-0.044,-0.232,0.314,-0.024
2026-07-01T19:15:00.000Z,50,48.417,49.718,42,41.231,44.78,99.4,98.203,1.197,99.8,98.886,0.914,100.2,98.941,1.259,100.6,99.168,1.432,100,98.235,1.765,100.4,99.261,1.139,100.8,99.48,1.32,101.2,99.737,1.463,100,98.989,101,99.624,32.318,2363130,74.769,0.079,-0.096,-0.056,-0.202,0.316,-0.035
2026-07-01T19:20:00.000Z,50,48.984,49.398,42,41.128,44.867,99.4,97.698,1.702,99.8,98.047,1.753,100.2,98.758,1.442,100.6,98.952,1.648,100,98.451,1.549,100.4,99.104,1.296,100.8,99.014,1.786,101.2,99.503,1.697,100,98.691,101,99.659,31.982,2373360,73.823,0.11,-0.045,-0.067,-0.242,0.318,-0.045
2026-07-01T19:25:00.000Z,50,48.805,48.993,42,41.219,44.52,99.4,97.583,1.817,99.8,98.589,1.211,100.2,98.67,1.53,100.6,98.992,1.608,100,98.4,1.6,100.4,98.616,1.784,100.8,99.854,0.946,101.2,99.925,1.275,100,98.829,101,99.659,32.092,2383590,73.45,0.105,-0.088,-0.078,-0.229,0.319,-0.056
2026-07-01T19:30:00.000Z,50,48.404,48.61,42,40.942,45.075,99.4,98.293,1.107,99.8,98.113,1.687,100.2,98.638,1.562,100.6,99.35,1.25,100,98.465,1.535,100.4,98.997,1.403,100.8,99.585,1.215,101.2,99.467,1.733,100,98.864,101,99.145,31.928,2393820,73.11,-0.009,-0.056,-0.089,-0.249,0.32,-0.066
2026-07-01T19:35:00.000Z,50,48.559,49.337,42,41.364,44.558,99.4,97.775,1.625,99.8,98.72,1.08,100.2,98.96,1.24,100.6,99.596,1.004,100,98.476,1.524,100.4,98.53,1.87,100.8,99.204,1.596,101.2,100.186,1.014,100,98.931,101,99.288,32.158,2404050,73.83,-0.002,-0.176,-0.1,-0.221,0.32,-0.077
2026-07-01T19:40:00.000Z,50,48.498,49.003,42,41.142,44.088,99.4,98.086,1.314,99.8,98.711,1.089,100.2,98.867,1.333,100.6,98.867,1.733,100,98.625,1.375,100.4,99.382,1.018,100.8,99.196,1.604,101.2,99.566,1.634,100,98.913,101,99.266,31.927,2414280,72.445,0.05,-0.14,-0.111,-0.249,0.32,-0.087
2026-07-01T19:45:00.000Z,50,48.658,48.334,42,41.061,44.566,99.4,98.024,1.376,99.8,98.353,1.447,100.2,98.887,1.313,100.6,99.001,1.599,100,98.457,1.543,100.4,99.077,1.323,100.8,99.21,1.59,101.2,100.018,1.182,100,98.878,101,99.41,31.779,2424510,73.337,-0.049,-0.222,-0.122,-0.266,0.32,-0.097
2026-07-01T19:50:00.000Z,50,48.612,48.612,42,41.426,44.654,99.4,97.591,1.809,99.8,98.72,1.08,100.2,98.569,1.631,100.6,98.851,1.749,100,98.207,1.793,100.4,99.05,1.35,100.8,99.559,1.241,101.2,99.546,1.654,100,98.762,101,99.198,31.784,2434740,72.494,-0.065,-0.239,-0.132,-0.266,0.319,-0.107
2026-07-01T19:55:00.000Z,50,48.823,47.978,42,41.142,43.694,99.4,97.811,1.589,99.8,97.98,1.82,100.2,98.428,1.772,100.6,99.302,1.298,100,98.476,1.524,100.4,99.31,1.09,100.8,98.852,1.948,101.2,99.611,1.589,100,98.721,101,99.194,32.069,2444970,72.807,-0.176,-0.249,-0.142,-0.232,0.318,-0.117
2026-07-01T20:00:00.000Z,50,48.891,48.349,42,41.055,43.599,99.4,97.891,1.509,99.8,98.424,1.376,100.2,98.673,1.527,100.6,99.001,1.599,100,98.473,1.527,100.4,98.537,1.863,100.8,99.009,1.791,101.2,99.595,1.605,100,98.7,101,99.242,31.708,2455200,72.395,-0.201,-0.33,-0.152,-0.275,0.317,-0.127
2026-07-01T20:05:00.000Z,50,48.633,47.989,42,41.194,43.983,99.4,97.896,1.504,99.8,98.046,1.754,100.2,98.459,1.741,100.6,99.232,1.368,100,98.737,1.263,100.4,98.862,1.538,100.8,99.157,1.643,101.2,99.541,1.659,100,98.741,101,99.569,31.975,2465430,72.267,-0.103,-0.339,-0.162,-0.243,0.315,-0.137
2026-07-01T20:10:00.000Z,50,48.694,47.17,42,40.977,43.847,99.4,97.617,1.783,99.8,98.011,1.789,100.2,98.305,1.895,100.6,99.165,1.435,100,98.177,1.823,100.4,98.779,1.621,100.8,99.28,1.52,101.2,99.676,1.524,100,98.626,101,99.456,31.772,2475660,71.479,-0.125,-0.375,-0.171,-0.267,0.313,-0.146
2026-07-01T20:15:00.000Z,50,48.929,47.451,42,41.015,43.353,99.4,97.825,1.575,99.8,98.03,1.77,100.2,98.956,1.244,100.6,98.943,1.657,100,98,2,100.4,98.667,1.733,100.8,99.396,1.404,101.2,99.764,1.436,100,98.698,101,99.353,31.927,2485890,70.978,-0.275,-0.287,-0.18,-0.249,0.31,-0.155
2026-07-01T20:20:00.000Z,50,49.052,47.486,42,41.4,43.424,99.4,97.643,1.757,99.8,98.204,1.596,100.2,98.392,1.808,100.6,98.756,1.844,100,98.662,1.338,100.4,98.942,1.458,100.8,98.904,1.896,101.2,99.334,1.866,100,98.605,101,99.446,31.671,2496120,71.091,-0.282,-0.411,-0.189,-0.279,0.308,-0.165
2026-07-01T20:25:00.000Z,50,48.767,46.495,42,41.505,42.927,99.4,97.548,1.852,99.8,97.91,1.89,100.2,98.096,2.104,100.6,99.083,1.517,100,98.573,1.427,100.4,98.466,1.934,100.8,99.042,1.758,101.2,99.083,2.117,100,98.475,101,99.721,31.923,2506350,70.579,-0.273,-0.396,-0.198,-0.249,0.304,-0.174
2026-07-01T20:30:00.000Z,50,48.589,47.254,42,41.377,42.825,99.4,97.583,1.817,99.8,98.461,1.339,100.2,98.058,2.142,100.6,99.164,1.436,100,97.97,2.03,100.4,98.727,1.673,100.8,98.805,1.995,101.2,99.247,1.953,100,98.502,101,99.538,31.636,2516580,70.116,-0.349,-0.4,-0.206,-0.284,0.301,-0.182
2026-07-01T20:35:00.000Z,50,48.586,46.292,42,41.032,43.362,99.4,97.858,1.542,99.8,98.534,1.266,100.2,98.555,1.645,100.6,98.714,1.886,100,98.285,1.715,100.4,99.007,1.393,100.8,99.535,1.265,101.2,99.725,1.475,100,98.777,101,99.704,31.755,2526810,69.717,-0.317,-0.34,-0.213,-0.269,0.297,-0.191
2026-07-01T20:40:00.000Z,50,48.764,46.5,42,41.55,42.779,99.4,97.751,1.649,99.8,98.016,1.784,100.2,98.232,1.968,100.6,99.207,1.393,100,98.044,1.956,100.4,98.659,1.741,100.8,99.114,1.686,101.2,99.553,1.647,100,98.572,101,99.854,31.67,2537040,69.851,-0.296,-0.325,-0.221,-0.28,0.293,-0.199
2026-07-01T20:45:00.000Z,50,49.136,45.851,42,41.26,43.146,99.4,97.711,1.689,99.8,98.305,1.495,100.2,98.511,1.689,100.6,99.305,1.295,100,97.916,2.084,100.4,98.702,1.698,100.8,99.344,1.456,101.2,99.858,1.342,100,98.707,101,99.652,31.554,2547270,69.702,-0.306,-0.38,-0.228,-0.293,0.289,-0.207
2026-07-01T20:50:00.000Z,50,49.317,45.767,42,41.445,42.342,99.4,97.282,2.118,99.8,97.819,1.981,100.2,98.039,2.161,100.6,98.897,1.703,100,98.452,1.548,100.4,98.387,2.013,100.8,98.745,2.055,101.2,99.391,1.809,100,98.377,101,99.786,31.782,2557500,68.949,-0.363,-0.355,-0.234,-0.266,0.284,-0.215
2026-07-01T20:55:00.000Z,50,48.802,46.53,42,41.127,42.991,99.4,97.738,1.662,99.8,98.055,1.745,100.2,98.839,1.361,100.6,98.596,2.004,100,97.93,2.07,100.4,98.54,1.86,100.8,98.908,1.892,101.2,99.233,1.967,100,98.48,101,99.836,31.775,2567730,69.694,-0.366,-0.444,-0.241,-0.267,0.279,-0.223
2026-07-01T21:00:00.000Z,50,48.79,45.663,42,41.294,42.92,99.4,97.446,1.954,99.8,97.797,2.003,100.2,98.404,1.796,100.6,98.929,1.671,100,98.381,1.619,100.4,98.247,2.153,100.8,99.173,1.627,101.2,99.698,1.502,100,98.509,101,99.501,31.549,2577960,68.776,-0.357,-0.486,-0.246,-0.294,0.273,-0.23
2026-07-01T21:05:00.000Z,50,48.806,45.939,42,41.536,42.454,99.4,97.709,1.691,99.8,98.106,1.694,100.2,98.616,1.584,100.6,98.654,1.946,100,98.191,1.809,100.4,98.583,1.817,100.8,98.801,1.999,101.2,99.646,1.554,100,98.538,101,99.783,31.909,2588190,69.025,-0.469,-0.347,-0.252,-0.251,0.268,-0.237
2026-07-01T21:10:00.000Z,50,48.896,45.818,42,41.107,41.806,99.4,97.737,1.663,99.8,98.234,1.566,100.2,98.453,1.747,100.6,98.6,2,100,97.88,2.12,100.4,98.472,1.928,100.8,99.011,1.789,101.2,99.824,1.376,100,98.526,101,99.506,31.73,2598420,68.917,-0.397,-0.47,-0.257,-0.272,0.262,-0.244
2026-07-01T21:15:00.000Z,50,49.303,45.73,42,41.696,41.883,99.4,98.072,1.328,99.8,97.598,2.202,100.2,98.72,1.48,100.6,98.383,2.217,100,98.148,1.852,100.4,98.273,2.127,100.8,99.22,1.58,101.2,99.415,1.785,100,98.479,101,99.738,31.658,2608650,69.199,-0.394,-0.428,-0.261,-0.281,0.256,-0.25
2026-07-01T21:20:00.000Z,50,49.259,45.725,42,41.259,41.65,99.4,97.442,1.958,99.8,97.858,1.942,100.2,98.212,1.988,100.6,98.483,2.117,100,98.636,1.364,100.4,98.937,1.463,100.8,99.153,1.647,101.2,99.055,2.145,100,98.472,101,99.978,31.705,2618880,68.304,-0.503,-0.413,-0.265,-0.275,0.249,-0.256
2026-07-01T21:25:00.000Z,50,49.238,45.716,42,41.714,42.217,99.4,97.327,2.073,99.8,98.142,1.658,100.2,98.226,1.974,100.6,99.244,1.356,100,97.886,2.114,100.4,98.215,2.185,100.8,99.285,1.515,101.2,99.833,1.367,100,98.52,101,99.667,31.885,2629110,68.983,-0.417,-0.41,-0.269,-0.254,0.242,-0.262
2026-07-01T21:30:00.000Z,50,49.213,45.487,42,41.347,41.954,99.4,97.942,1.458,99.8,98.306,1.494,100.2,98.605,1.595,100.6,98.908,1.692,100,98.517,1.483,100.4,98.355,2.045,100.8,99.173,1.627,101.2,99.813,1.387,100,98.702,101,99.94,31.567,2639340,68.142,-0.418,-0.471,-0.272,-0.292,0.235,-0.268
2026-07-01T21:35:00.000Z,50,49.395,45.443,42,41.377,41.464,99.4,98.102,1.298,99.8,98.501,1.299,100.2,98.911,1.289,100.6,98.949,1.651,100,98.652,1.348,100.4,98.966,1.434,100.8,99.429,1.371,101.2,99.153,2.047,100,98.833,101,100.171,31.948,2649570,68.25,-0.398,-0.371,-0.274,-0.246,0.228,-0.273
2026-07-01T21:40:00.000Z,50,49.467,45.646,42,41.279,42.363,99.4,97.668,1.732,99.8,98.535,1.265,100.2,98.757,1.443,100.6,98.826,1.774,100,98.338,1.662,100.4,98.554,1.846,100.8,99.37,1.43,101.2,99.667,1.533,100,98.714,101,99.791,31.633,2659800,67.595,-0.461,-0.452,-0.276,-0.284,0.22,-0.278
2026-07-01T21:45:00.000Z,50,49.276,45.208,42,41.624,41.801,99.4,97.971,1.429,99.8,98.533,1.267,100.2,98.951,1.249,100.6,99.145,1.455,100,97.881,2.119,100.4,98.531,1.869,100.8,98.854,1.946,101.2,99.136,2.064,100,98.625,101,100.197,31.656,2670030,67.627,-0.52,-0.329,-0.278,-0.281,0.212,-0.282
2026-07-01T21:50:00.000Z,50,49.328,44.648,42,41.242,41.516,99.4,98.123,1.277,99.8,97.869,1.931,100.2,98.693,1.507,100.6,98.699,1.901,100,98.07,1.93,100.4,99.118,1.282,100.8,99.091,1.709,101.2,99.354,1.846,100,98.627,101,100.283,32.029,2680260,67.922,-0.493,-0.398,-0.279,-0.236,0.204,-0.287
2026-07-01T21:55:00.000Z,50,49.508,45.177,42,41.669,41.421,99.4,97.863,1.537,99.8,98.221,1.579,100.2,98.324,1.876,100.6,99.101,1.499,100,98.443,1.557,100.4,98.585,1.815,100.8,99.135,1.665,101.2,99.418,1.782,100,98.636,101,99.965,31.825,2690490,68.309,-0.48,-0.377,-0.28,-0.261,0.196,-0.291
2026-07-01T22:00:00.000Z,50,49.503,45.289,42,41.752,41.709,99.4,98.204,1.196,99.8,98.445,1.355,100.2,98.435,1.765,100.6,99.443,1.157,100,98.494,1.506,100.4,98.526,1.874,100.8,99.281,1.519,101.2,99.27,1.93,100,98.762,101,100.334,32.247,2700720,67.913,-0.411,-0.316,-0.28,-0.21,0.187,-0.294
2026-07-01T22:05:00.000Z,50,49.023,45.086,42,41.5,41.509,99.4,98.251,1.149,99.8,98.286,1.514,100.2,98.804,1.396,100.6,98.728,1.872,100,98.088,1.912,100.4,99.21,1.19,100.8,98.972,1.828,101.2,99.623,1.577,100,98.745,101,100.071,31.984,2710950,67.802,-0.395,-0.322,-0.28,-0.242,0.178,-0.297
2026-07-01T22:10:00.000Z,50,49.529,45.064,42,41.398,41.603,99.4,98.293,1.107,99.8,97.892,1.908,100.2,98.909,1.291,100.6,99.289,1.311,100,98.638,1.362,100.4,99.047,1.353,100.8,99.145,1.655,101.2,99.609,1.591,100,98.853,101,99.936,32.308,2721180,68.201,-0.376,-0.322,-0.279,-0.203,0.169,-0.3
2026-07-01T22:15:00.000Z,50,49.228,44.753,42,41.527,42.24,99.4,97.604,1.796,99.8,98.065,1.735,100.2,98.569,1.631,100.6,99.102,1.498,100,98.479,1.521,100.4,99.27,1.13,100.8,99.665,1.135,101.2,99.462,1.738,100,98.777,101,100.242,31.912,2731410,68.417,-0.367,-0.34,-0.278,-0.251,0.16,-0.303
2026-07-01T22:20:00.000Z,50,49.697,44.945,42,41.391,41.93,99.4,98.234,1.166,99.8,98.158,1.642,100.2,98.338,1.862,100.6,99.493,1.107,100,98.577,1.423,100.4,99.25,1.15,100.8,99.444,1.356,101.2,99.364,1.836,100,98.857,101,100.334,32.177,2741640,68.466,-0.421,-0.337,-0.276,-0.219,0.151,-0.305
2026-07-01T22:25:00.000Z,50,49.321,45.2,42,41.412,42.388,99.4,98.193,1.207,99.8,98.012,1.788,100.2,98.495,1.705,100.6,99.503,1.097,100,98.244,1.756,100.4,98.797,1.603,100.8,99.37,1.43,101.2,100.158,1.042,100,98.847,101,100.342,32.356,2751870,68.259,-0.411,-0.314,-0.274,-0.197,0.142,-0.307
2026-07-01T22:30:00.000Z,50,49.203,45.164,42,41.726,41.72,99.4,98.204,1.196,99.8,98.85,0.95,100.2,98.543,1.657,100.6,99.176,1.424,100,98.556,1.444,100.4,99.43,0.97,100.8,99.221,1.579,101.2,99.853,1.347,100,98.979,101,100.182,32.123,2762100,67.739,-0.372,-0.274,-0.271,-0.225,0.132,-0.308
2026-07-01T22:35:00.000Z,50,49.237,45.216,42,41.552,42.04,99.4,98.121,1.279,99.8,98.844,0.956,100.2,98.557,1.643,100.6,98.952,1.648,100,98.96,1.04,100.4,99.213,1.187,100.8,99.569,1.231,101.2,99.522,1.678,100,98.967,101,100.422,32.541,2772330,68.574,-0.246,-0.156,-0.268,-0.175,0.122,-0.309
2026-07-01T22:40:00.000Z,50,49.336,44.85,42,41.94,42.415,99.4,97.85,1.55,99.8,98.386,1.414,100.2,98.649,1.551,100.6,99.237,1.363,100,99.136,0.864,100.4,99.11,1.29,100.8,99.817,0.983,101.2,99.711,1.489,100,98.987,101,100.104,32.452,2782560,68.563,-0.373,-0.132,-0.264,-0.186,0.112,-0.31
2026-07-01T22:45:00.000Z,50,49.461,45.247,42,41.949,41.784,99.4,98.147,1.253,99.8,98.306,1.494,100.2,98.732,1.468,100.6,99.442,1.158,100,98.827,1.173,100.4,98.796,1.604,100.8,99.965,0.835,101.2,99.705,1.495,100,98.99,101,100.146,32.708,2792790,68.972,-0.303,-0.248,-0.26,-0.155,0.102,-0.31
2026-07-01T22:50:00.000Z,50,49.241,45.452,42,41.964,42.624,99.4,98.089,1.311,99.8,98.393,1.407,100.2,98.678,1.522,100.6,99.213,1.387,100,99.016,0.984,100.4,99.739,0.661,100.8,100.067,0.733,101.2,100.336,0.864,100,99.191,101,100.601,32.712,2803020,69.251,-0.282,-0.189,-0.256,-0.155,0.092,-0.31
2026-07-01T22:55:00.000Z,50,49.348,45.149,42,41.932,42.433,99.4,98.188,1.212,99.8,99.115,0.685,100.2,98.995,1.205,100.6,99.944,0.656,100,98.527,1.473,100.4,99.587,0.813,100.8,99.468,1.332,101.2,100.456,0.744,100,99.285,101,100.195,32.521,2813250,69.243,-0.24,-0.195,-0.251,-0.177,0.082,-0.309
2026-07-01T23:00:00.000Z,50,49.39,46.449,42,41.98,42.941,99.4,98.679,0.721,99.8,98.724,1.076,100.2,99.551,0.649,100.6,99.818,0.782,100,99.08,0.92,100.4,99.107,1.293,100.8,100.008,0.792,101.2,100.136,1.064,100,99.388,101,100.344,32.849,2823480,69.097,-0.221,-0.074,-0.245,-0.138,0.071,-0.309
2026-07-01T23:05:00.000Z,50,49.588,46.198,42,42.009,42.918,99.4,98.527,0.873,99.8,99.282,0.518,100.2,99.323,0.877,100.6,100.005,0.595,100,99.071,0.929,100.4,99.452,0.948,100.8,99.978,0.822,101.2,100.133,1.067,100,99.471,101,100.696,32.845,2833710,68.835,-0.24,-0.132,-0.239,-0.139,0.061,-0.308
2026-07-01T23:10:00.000Z,50,49.653,46.217,42,42.093,42.784,99.4,98.735,0.665,99.8,99.311,0.489,100.2,99.49,0.71,100.6,99.545,1.055,100,98.749,1.251,100.4,99.663,0.737,100.8,100.02,0.78,101.2,100.631,0.569,100,99.518,101,100.472,32.913,2843940,69.426,-0.156,-0.076,-0.233,-0.13,0.05,-0.306
2026-07-01T23:15:00.000Z,50,49.424,46.886,42,41.664,43.09,99.4,99.067,0.333,99.8,98.969,0.831,100.2,99.691,0.509,100.6,100.226,0.374,100,99.198,0.802,100.4,99.48,0.92,100.8,100.154,0.646,101.2,100.71,0.49,100,99.687,101,100.603,32.997,2854170,69.218,-0.123,0.012,-0.226,-0.12,0.04,-0.304
2026-07-01T23:20:00.000Z,50,49.808,46.957,42,41.586,43.114,99.4,98.883,0.517,99.8,99.006,0.794,100.2,99.418,0.782,100.6,99.819,0.781,100,99.518,0.482,100.4,99.755,0.645,100.8,99.727,1.073,101.2,100.872,0.328,100,99.625,101,100.437,33.291,2864400,69.949,-0.086,0.079,-0.219,-0.085,0.029,-0.302
2026-07-01T23:25:00.000Z,50,49.992,46.177,42,42.053,43.384,99.4,98.895,0.505,99.8,99.522,0.278,100.2,99.175,1.025,100.6,100.454,0.146,100,99.213,0.787,100.4,99.887,0.513,100.8,100.533,0.267,101.2,100.351,0.849,100,99.754,101,100.619,33.477,2874630,69.721,-0.108,0.084,-0.212,-0.063,0.019,-0.299
2026-07-01T23:30:00.000Z,50,49.663,47.041,42,42.169,43.481,99.4,99.014,0.386,99.8,99.614,0.186,100.2,99.354,0.846,100.6,99.884,0.716,100,99.464,0.536,100.4,99.965,0.435,100.8,100.581,0.219,101.2,100.648,0.552,100,99.816,101,100.32,33.397,2884860,69.819,-0.039,0.133,-0.204,-0.072,0.008,-0.296
2026-07-01T23:35:00.000Z,50,49.636,47.329,42,41.744,43.528,99.4,98.974,0.426,99.8,99.049,0.751,100.2,99.551,0.649,100.6,100.104,0.496,100,99.288,0.712,100.4,100.028,0.372,100.8,100.268,0.532,101.2,101.169,0.031,100,99.804,101,100.446,33.476,2895090,70.216,-0.008,0.019,-0.196,-0.063,-0.003,-0.293
2026-07-01T23:40:00.000Z,50,49.732,47.746,42,41.94,43.463,99.4,98.951,0.449,99.8,99.034,0.766,100.2,100.22,-0.02,100.6,100.383,0.217,100,99.621,0.379,100.4,100.035,0.365,100.8,100.705,0.095,101.2,100.93,0.27,100,99.985,101,100.701,33.832,2905320,70.691,0.078,0.14,-0.187,-0.02,-0.013,-0.289
2026-07-01T23:45:00.000Z,50,49.86,47.05,42,41.76,43.903,99.4,98.907,0.493,99.8,99.711,0.089,100.2,99.896,0.304,100.6,100.567,0.033,100,99.671,0.329,100.4,100.381,0.019,100.8,100.242,0.558,101.2,101.331,-0.131,100,100.088,101,100.673,33.84,2915550,71.585,0.056,0.181,-0.179,-0.019,-0.024,-0.285
2026-07-01T23:50:00.000Z,50,50.263,47.13,42,41.761,43.488,99.4,98.974,0.426,99.8,99.78,0.02,100.2,100.236,-0.036,100.6,100.372,0.228,100,99.553,0.447,100.4,99.827,0.573,100.8,100.727,0.073,101.2,100.742,0.458,100,100.026,101,100.654,33.859,2925780,72.019,0.128,0.188,-0.169,-0.017,-0.035,-0.281
2026-07-01T23:55:00.000Z,50,49.646,47.956,42,41.997,43.401,99.4,98.923,0.477,99.8,99.541,0.259,100.2,100.185,0.015,100.6,100.661,-0.061,100,99.755,0.245,100.4,100.653,-0.253,100.8,101.101,-0.301,101.2,101.312,-0.112,100,100.266,101,100.531,34.032,2936010,71.556,0.151,0.228,-0.16,0.004,-0.045,-0.276
2026-07-02T00:00:00.000Z,50,49.748,47.896,42,41.947,43.804,99.4,99.251,0.149,99.8,99.768,0.032,100.2,100.324,-0.124,100.6,100.411,0.189,100,99.63,0.37,100.4,100.826,-0.426,100.8,100.743,0.057,101.2,101.407,-0.207,100,100.295,101,100.773,33.924,2946240,72.157,0.077,0.236,-0.15,-0.009,-0.056,-0.271
2026-07-02T00:05:00.000Z,50,50.172,48.452,42,42.051,44.047,99.4,99.444,-0.044,99.8,100.107,-0.307,100.2,100.394,-0.194,100.6,100.399,0.201,100,100.477,-0.477,100.4,100.325,0.075,100.8,100.583,0.217,101.2,101.16,0.04,100,100.361,101,100.556,34.058,2956470,72.009,0.152,0.195,-0.14,0.007,-0.066,-0.266
2026-07-02T00:10:00.000Z,50,49.971,47.95,42,42.018,43.93,99.4,99.193,0.207,99.8,99.773,0.027,100.2,100.504,-0.304,100.6,100.933,-0.333,100,100.213,-0.213,100.4,100.65,-0.25,100.8,101.382,-0.582,101.2,101.044,0.156,100,100.461,101,101.15,34.271,2966700,72.797,0.198,0.229,-0.13,0.032,-0.077,-0.26
2026-07-02T00:15:00.000Z,50,50.082,49.185,42,41.985,44.606,99.4,99.407,-0.007,99.8,100.077,-0.277,100.2,100.5,-0.3,100.6,100.477,0.123,100,100.404,-0.404,100.4,100.3,0.1,100.8,101.165,-0.365,101.2,101.714,-0.514,100,100.505,101,100.757,34.233,2976930,73.429,0.225,0.19,-0.12,0.028,-0.087,-0.254
2026-07-02T00:20:00.000Z,50,50.362,48.337,42,42.214,44.94,99.4,99.47,-0.07,99.8,99.879,-0.079,100.2,100.795,-0.595,100.6,101.302,-0.702,100,100.344,-0.344,100.4,100.349,0.051,100.8,101.362,-0.562,101.2,101.849,-0.649,100,100.669,101,101.035,34.332,2987160,73.735,0.247,0.341,-0.109,0.04,-0.097,-0.248
2026-07-02T00:25:00.000Z,50,50.099,49.316,42,42.293,45.125,99.4,99.578,-0.178,99.8,100.592,-0.792,100.2,100.478,-0.278,100.6,101.094,-0.494,100,100.185,-0.185,100.4,100.619,-0.219,100.8,101.562,-0.762,101.2,102.026,-0.826,100,100.767,101,101.013,34.346,2997390,73.169,0.216,0.296,-0.098,0.041,-0.107,-0.241
2026-07-02T00:30:00.000Z,50,50.055,48.655,42,42.103,44.469,99.4,100.078,-0.678,99.8,100.455,-0.655,100.2,100.318,-0.118,100.6,101.311,-0.711,100,100.609,-0.609,100.4,101.205,-0.805,100.8,101.515,-0.715,101.2,101.403,-0.203,100,100.862,101,101.167,34.392,3007620,73.239,0.348,0.336,-0.087,0.047,-0.117,-0.234
2026-07-02T00:35:00.000Z,50,50.161,49.757,42,42.11,45.339,99.4,100.367,-0.967,99.8,100.59,-0.79,100.2,101.207,-1.007,100.6,101.02,-0.42,100,100.6,-0.6,100.4,100.89,-0.49,100.8,101.708,-0.908,101.2,102.151,-0.951,100,101.067,101,100.944,34.663,3017850,73.539,0.379,0.374,-0.076,0.08,-0.127,-0.227
2026-07-02T00:40:00.000Z,50,50.245,49.926,42,42.311,44.903,99.4,99.852,-0.452,99.8,100.674,-0.874,100.2,100.892,-0.692,100.6,101.518,-0.918,100,100.67,-0.67,100.4,101.172,-0.772,100.8,101.866,-1.066,101.2,101.613,-0.413,100,101.032,101,101.146,34.827,3028080,73.318,0.323,0.36,-0.065,0.099,-0.137,-0.22
2026-07-02T00:45:00.000Z,50,50.459,49.909,42,42.141,45.359,99.4,99.89,-0.49,99.8,100.783,-0.983,100.2,100.862,-0.662,100.6,101.49,-0.89,100,101.031,-1.031,100.4,101.307,-0.907,100.8,101.256,-0.456,101.2,102.309,-1.109,100,101.116,101,101.082,34.983,3038310,74.484,0.387,0.29,-0.053,0.118,-0.146,-0.212
2026-07-02T00:50:00.000Z,50,50.357,49.532,42,42.125,45.456,99.4,100.529,-1.129,99.8,100.21,-0.41,100.2,100.739,-0.539,100.6,101.431,-0.831,100,100.81,-0.81,100.4,100.834,-0.434,100.8,101.982,-1.182,101.2,102.137,-0.937,100,101.084,101,100.884,35.085,3048540,73.829,0.446,0.378,-0.042,0.13,-0.156,-0.204
2026-07-02T00:55:00.000Z,50,50.398,49.622,42,42.093,45.423,99.4,99.944,-0.544,99.8,100.744,-0.944,100.2,101.221,-1.021,100.6,101.452,-0.852,100,100.718,-0.718,100.4,101.716,-1.316,100.8,102.041,-1.241,101.2,101.805,-0.605,100,101.205,101,101.384,34.945,3058770,74.406,0.354,0.413,-0.03,0.113,-0.165,-0.196
2026-07-02T01:00:00.000Z,50,50.516,50.568,42,41.995,45.07,99.4,100.721,-1.321,99.8,100.699,-0.899,100.2,100.777,-0.577,100.6,101.791,-1.191,100,100.787,-0.787,100.4,101.779,-1.379,100.8,102.076,-1.276,101.2,101.717,-0.517,100,101.293,101,101.067,34.969,3069000,74.459,0.484,0.356,-0.019,0.116,-0.174,-0.188
2026-07-02T01:05:00.000Z,50,50.157,50.124,42,42.067,45.32,99.4,100.828,-1.428,99.8,100.644,-0.844,100.2,101.361,-1.161,100.6,101.37,-0.77,100,101.023,-1.023,100.4,101.054,-0.654,100.8,102.026,-1.226,101.2,101.952,-0.752,100,101.282,101,101.171,35.413,3079230,74.887,0.417,0.365,-0.007,0.17,-0.183,-0.179
2026-07-02T01:10:00.000Z,50,50.333,49.937,42,42.508,45.591,99.4,100.394,-0.994,99.8,100.863,-1.063,100.2,101.026,-0.826,100.6,101.865,-1.265,100,101.089,-1.089,100.4,101.589,-1.189,100.8,101.984,-1.184,101.2,102.389,-1.189,100,101.4,101,101.549,35.571,3089460,75.666,0.427,0.391,0.005,0.189,-0.192,-0.17
2026-07-02T01:15:00.000Z,50,50.684,49.988,42,42.149,46.183,99.4,100.363,-0.963,99.8,101.131,-1.331,100.2,101.26,-1.06,100.6,102.159,-1.559,100,100.848,-0.848,100.4,101.754,-1.354,100.8,101.962,-1.162,101.2,101.911,-0.711,100,101.423,101,101.389,35.511,3099690,75.184,0.499,0.422,0.016,0.181,-0.2,-0.161
2026-07-02T01:20:00.000Z,50,50.196,51.13,42,42.06,46.385,99.4,100.943,-1.543,99.8,100.743,-0.943,100.2,101.506,-1.306,100.6,101.562,-0.962,100,101.407,-1.407,100.4,101.903,-1.503,100.8,102.331,-1.531,101.2,102.118,-0.918,100,101.564,101,101.389,35.265,3109920,75.858,0.38,0.441,0.028,0.152,-0.208,-0.152
2026-07-02T01:25:00.000Z,50,50.241,50.61,42,42.279,46.429,99.4,100.314,-0.914,99.8,101.252,-1.452,100.2,101.796,-1.596,100.6,102.05,-1.45,100,101.237,-1.237,100.4,101.255,-0.855,100.8,101.899,-1.099,101.2,102.703,-1.503,100,101.563,101,101.478,35.589,3120150,75.344,0.371,0.447,0.04,0.191,-0.216,-0.143
2026-07-02T01:30:00.000Z,50,50.824,51.107,42,42.276,45.887,99.4,100.951,-1.551,99.8,100.771,-0.971,100.2,101.337,-1.137,100.6,101.955,-1.355,100,101.372,-1.372,100.4,102.134,-1.734,100.8,102.43,-1.63,101.2,102.971,-1.771,100,101.74,101,101.67,35.584,3130380,75.809,0.408,0.495,0.051,0.19,-0.224,-0.133
2026-07-02T01:35:00.000Z,50,50.81,50.267,42,42.523,46.517,99.4,100.827,-1.427,99.8,101.473,-1.673,100.2,101.147,-0.947,100.6,102.297,-1.697,100,101.589,-1.589,100.4,102.105,-1.705,100.8,102.563,-1.763,101.2,102.924,-1.724,100,101.866,101,101.558,35.498,3140610,75.305,0.418,0.422,0.063,0.18,-0.231,-0.123
2026-07-02T01:40:00.000Z,50,50.38,50.886,42,42.619,46.363,99.4,101.046,-1.646,99.8,101.159,-1.359,100.2,101.44,-1.24,100.6,102.326,-1.726,100,101.729,-1.729,100.4,101.89,-1.49,100.8,102.633,-1.833,101.2,102.738,-1.538,100,101.87,101,101.458,35.67,3150840,76.263,0.414,0.457,0.074,0.2,-0.239,-0.114
2026-07-02T01:45:00.000Z,50,50.854,51.044,42,42.615,46.253,99.4,100.56,-1.16,99.8,100.957,-1.157,100.2,101.992,-1.792,100.6,102.023,-1.423,100,101.038,-1.038,100.4,102.254,-1.854,100.8,102.586,-1.786,101.2,102.417,-1.217,100,101.728,101,101.341,36.022,3161070,75.384,0.511,0.481,0.085,0.243,-0.246,-0.103
2026-07-02T01:50:00.000Z,50,50.604,50.826,42,42.396,46.509,99.4,100.769,-1.369,99.8,101.666,-1.866,100.2,101.832,-1.632,100.6,101.696,-1.096,100,101.761,-1.761,100.4,101.8,-1.4,100.8,102.611,-1.811,101.2,102.944,-1.744,100,101.885,101,101.252,35.787,3171300,75.436,0.415,0.458,0.096,0.214,-0.252,-0.093
2026-07-02T01:55:00.000Z,50,50.413,50.545,42,42.627,46.376,99.4,100.756,-1.356,99.8,101.662,-1.862,100.2,101.61,-1.41,100.6,102.123,-1.523,100,101.271,-1.271,100.4,101.772,-1.372,100.8,102.423,-1.623,101.2,103.129,-1.929,100,101.843,101,101.574,36.088,3181530,75.608,0.378,0.424,0.107,0.251,-0.259,-0.083
2026-07-02T02:00:00.000Z,50,50.429,50.669,42,42.226,45.845,99.4,101.269,-1.869,99.8,101.738,-1.938,100.2,101.636,-1.436,100.6,102.059,-1.459,100,101.372,-1.372,100.4,102.124,-1.724,100.8,102.597,-1.797,101.2,102.37,-1.17,100,101.896,101,101.411,36.027,3191760,75.382,0.34,0.331,0.118,0.243,-0.265,-0.073
2026-07-02T02:05:00.000Z,50,51.023,51.016,42,42.487,46.29,99.4,101.204,-1.804,99.8,101.263,-1.463,100.2,101.78,-1.58,100.6,102.133,-1.533,100,101.878,-1.878,100.4,102.282,-1.882,100.8,102.177,-1.377,101.2,103.182,-1.982,100,101.987,101,101.41,35.917,3201990,76.541,0.36,0.426,0.128,0.23,-0.271,-0.062
2026-07-02T02:10:00.000Z,50,50.787,50.882,42,42.43,45.848,99.4,101.263,-1.863,99.8,101.893,-2.093,100.2,101.769,-1.569,100.6,102.391,-1.791,100,101.23,-1.23,100.4,101.832,-1.432,100.8,102.019,-1.219,101.2,102.719,-1.519,100,101.89,101,101.546,36.214,3212220,76.651,0.429,0.299,0.138,0.266,-0.276,-0.052
2026-07-02T02:15:00.000Z,50,50.514,50.586,42,42.589,46.505,99.4,101.259,-1.859,99.8,101.078,-1.278,100.2,101.582,-1.382,100.6,101.867,-1.267,100,102.086,-2.086,100.4,102.059,-1.659,100.8,102.045,-1.245,101.2,103.298,-2.098,100,101.909,101,101.898,36.348,3222450,75.855,0.354,0.341,0.148,0.282,-0.282,-0.041
2026-07-02T02:20:00.000Z,50,50.67,50.473,42,42.35,46.241,99.4,101.149,-1.749,99.8,101.786,-1.986,100.2,102.253,-2.053,100.6,102.241,-1.641,100,101.568,-1.568,100.4,102.544,-2.144,100.8,102.374,-1.574,101.2,103.238,-2.038,100,102.144,101,101.827,36.315,3232680,75.286,0.418,0.298,0.158,0.278,-0.286,-0.031
2026-07-02T02:25:00.000Z,50,50.826,50.758,42,42.293,45.605,99.4,100.933,-1.533,99.8,101.152,-1.352,100.2,101.896,-1.696,100.6,102.514,-1.914,100,101.94,-1.94,100.4,102.242,-1.842,100.8,102.848,-2.048,101.2,102.941,-1.741,100,102.058,101,101.388,36.349,3242910,75.859,0.289,0.261,0.168,0.282,-0.291,-0.02
2026-07-02T02:30:00.000Z,50,51.027,50.611,42,42.596,46.414,99.4,101.11,-1.71,99.8,101.122,-1.322,100.2,102.208,-2.008,100.6,102.215,-1.615,100,102.056,-2.056,100.4,102.064,-1.664,100.8,102.968,-2.168,101.2,102.692,-1.492,100,102.054,101,101.955,36.107,3253140,75.213,0.284,0.266,0.177,0.253,-0.295,-0.009
2026-07-02T02:35:00.000Z,50,50.664,50.296,42,42.369,46.23,99.4,101.36,-1.96,99.8,101.562,-1.762,100.2,101.804,-1.604,100.6,102.8,-2.2,100,101.572,-1.572,100.4,102.454,-2.054,100.8,102.832,-2.032,101.2,103.404,-2.204,100,102.224,101,101.782,36.31,3263370,76.165,0.247,0.234,0.186,0.277,-0.299,0.001
2026-07-02T02:40:00.000Z,50,51.182,50.404,42,42.358,45.992,99.4,101.386,-1.986,99.8,101.503,-1.703,100.2,101.653,-1.453,100.6,102.164,-1.564,100,101.921,-1.921,100.4,101.803,-1.403,100.8,102.964,-2.164,101.2,102.702,-1.502,100,102.012,101,101.879,36.4,3273600,75.488,0.213,0.333,0.194,0.288,-0.303,0.012
2026-07-02T02:45:00.000Z,50,51.097,50.233,42,42.445,45.816,99.4,100.991,-1.591,99.8,101.985,-2.185,100.2,102.185,-1.985,100.6,101.967,-1.367,100,101.81,-1.81,100.4,102.195,-1.795,100.8,102.514,-1.714,101.2,103.163,-1.963,100,102.101,101,102.037,36.265,3283830,74.885,0.225,0.275,0.203,0.272,-0.306,0.023
2026-07-02T02:50:00.000Z,50,51.039,50.511,42,42.578,45.249,99.4,101.605,-2.205,99.8,101.803,-2.003,100.2,102.408,-2.208,100.6,102.411,-1.811,100,101.511,-1.511,100.4,101.826,-1.426,100.8,102.575,-1.775,101.2,103.342,-2.142,100,102.185,101,101.885,36.24,3294060,75.187,0.244,0.212,0.21,0.269,-0.309,0.033
2026-07-02T02:55:00.000Z,50,50.931,49.788,42,42.531,45.619,99.4,101.464,-2.064,99.8,101.512,-1.712,100.2,102.121,-1.921,100.6,102.454,-1.854,100,101.811,-1.811,100.4,102.574,-2.174,100.8,102.535,-1.735,101.2,102.917,-1.717,100,102.173,101,101.777,36.047,3304290,74.732,0.219,0.124,0.218,0.246,-0.312,0.044
2026-07-02T03:00:00.000Z,50,51.087,50.006,42,42.474,45.778,99.4,85.33,14.07,99.8,101.3,-1.5,100.2,101.794,-1.594,100.6,102.551,-1.951,100,101.533,-1.533,100.4,102.514,-2.114,100.8,102.28,-1.48,101.2,103.345,-2.145,100,100.081,101,101.978,36.059,3314520,74.282,0.148,0.154,0.225,0.247,-0.314,0.055
2026-07-02T03:05:00.000Z,50,51.115,50.204,42,42.746,45.201,99.4,85.667,13.733,99.8,85.779,14.021,100.2,85.394,14.806,100.6,102.418,-1.818,100,101.462,-1.462,100.4,102.062,-1.662,100.8,102.771,-1.971,101.2,103.068,-1.868,100,96.078,101,102.12,36.476,3324750,74.383,0.077,0.141,0.232,0.297,-0.316,0.065
2026-07-02T03:10:00.000Z,50,50.93,50.004,42,42.448,45.72,99.4,85.586,13.814,99.8,85.487,14.313,100.2,85.431,14.769,100.6,85.76,14.84,100,85.3,14.7,100.4,84.643,15.757,100.8,102.922,-2.122,101.2,103.213,-2.013,100,89.793,101,101.779,36.473,3334980,74.646,0.165,0.198,0.238,0.297,-0.317,0.075
2026-07-02T03:15:00.000Z,50,51.242,49.8,42,42.431,45.396,99.4,85.644,13.756,99.8,85.921,13.879,100.2,86.185,14.015,100.6,85.867,14.733,100,84.434,15.566,100.4,85.014,15.386,100.8,85.27,15.53,101.2,84.948,16.252,100,85.41,101,101.72,36.044,3345210,74.182,0.146,0.091,0.244,0.245,-0.319,0.086
2026-07-02T03:20:00.000Z,50,50.982,49.56,42,42.869,44.896,99.4,85.318,14.082,99.8,85.841,13.959,100.2,85.738,14.462,100.6,86.056,14.544,100,84.508,15.492,100.4,85.111,15.289,100.8,84.653,16.147,101.2,85.296,15.904,100,85.315,101,101.668,36.27,3355440,73.564,0.048,0.083,0.25,0.272,-0.319,0.096
2026-07-02T03:25:00.000Z,50,50.851,49.374,42,42.778,44.989,99.4,85.349,14.051,99.8,85.343,14.457,100.2,85.578,14.622,100.6,85.433,15.167,100,84.532,15.468,100.4,84.684,15.716,100.8,84.706,16.094,101.2,84.807,16.393,100,85.054,101,101.736,36.291,3365670,73.703,0.016,0.013,0.255,0.275,-0.32,0.106
2026-07-02T03:30:00.000Z,50,51.088,49.107,42,42.674,44.376,99.4,101.323,-1.923,99.8,85.461,14.339,100.2,85.636,14.564,100.6,85.795,14.805,100,84.785,15.215,100.4,84.588,15.812,100.8,84.688,16.112,101.2,85.346,15.854,100,87.203,101,101.896,36.13,3375900,73.473,0.054,-0.007,0.259,0.256,-0.32,0.116
2026-07-02T03:35:00.000Z,50,50.858,48.639,42,42.601,44.425,99.4,101.194,-1.794,99.8,101.064,-1.264,100.2,101.554,-1.354,100.6,85.729,14.871,100,84.914,15.086,100.4,85.028,15.372,100.8,85.056,15.744,101.2,85.013,16.187,100,91.194,101,101.859,36.128,3386130,73.825,0,-0.012,0.263,0.255,-0.32,0.126
2026-07-02T03:40:00.000Z,50,51.124,48.49,42,42.502,44.233,99.4,100.93,-1.53,99.8,101.424,-1.624,100.2,102.244,-2.044,100.6,102.629,-2.029,100,101.629,-1.629,100.4,102.061,-1.661,100.8,84.85,15.95,101.2,84.689,16.511,100,97.557,101,102.187,36.138,3396360,73.361,-0.01,-0.052,0.267,0.257,-0.319,0.136
2026-07-02T03:45:00.000Z,50,51.426,48.552,42,42.873,44.4,99.4,100.859,-1.459,99.8,101.631,-1.831,100.2,101.696,-1.496,100.6,102.198,-1.598,100,101.233,-1.233,100.4,102.251,-1.851,100.8,102.584,-1.784,101.2,102.43,-1.23,100,101.86,101,101.771,36.314,3406590,73.108,-0.064,-0.029,0.27,0.278,-0.318,0.145
2026-07-02T03:50:00.000Z,50,51.16,48.403,42,42.84,43.963,99.4,100.702,-1.302,99.8,101.767,-1.967,100.2,101.382,-1.182,100.6,102.237,-1.637,100,101.844,-1.844,100.4,102.226,-1.826,100.8,102.668,-1.868,101.2,103.107,-1.907,100,101.992,101,101.874,35.941,3416820,72.488,-0.1,-0.018,0.273,0.233,-0.317,0.154
2026-07-02T03:55:00.000Z,50,51.387,47.633,42,42.817,44.243,99.4,100.724,-1.324,99.8,101.832,-2.032,100.2,102.188,-1.988,100.6,102.298,-1.698,100,101.658,-1.658,100.4,102.072,-1.672,100.8,102.822,-2.022,101.2,102.612,-1.412,100,102.026,101,102.009,36.268,3427050,72.843,-0.216,-0.109,0.276,0.272,-0.315,0.164
2026-07-02T04:00:00.000Z,50,51.242,47.889,42,42.678,43.919,99.4,100.761,-1.361,99.8,101.469,-1.669,100.2,101.97,-1.77,100.6,102.408,-1.808,100,101.251,-1.251,100.4,101.843,-1.443,100.8,102.274,-1.474,101.2,102.921,-1.721,100,101.862,101,102.239,35.895,3437280,72.035,-0.162,-0.085,0.277,0.227,-0.313,0.173
2026-07-02T04:05:00.000Z,50,51.432,47.605,42,42.623,43.614,99.4,100.927,-1.527,99.8,101.562,-1.762,100.2,102.113,-1.913,100.6,102.087,-1.487,100,101.37,-1.37,100.4,102.237,-1.837,100.8,102.661,-1.861,101.2,102.679,-1.479,100,101.954,101,102,36.278,3447510,72.148,-0.157,-0.185,0.279,0.273,-0.311,0.181
2026-07-02T04:10:00.000Z,50,51.342,47.274,42,42.635,43.899,99.4,100.656,-1.256,99.8,101.699,-1.899,100.2,101.328,-1.128,100.6,102.096,-1.496,100,101.274,-1.274,100.4,101.621,-1.221,100.8,101.997,-1.197,101.2,103.135,-1.935,100,101.726,101,102.359,35.952,3457740,71.878,-0.2,-0.171,0.28,0.234,-0.308,0.19
2026-07-02T04:15:00.000Z,50,51.072,47.866,42,42.748,43.539,99.4,100.443,-1.043,99.8,101.344,-1.544,100.2,101.455,-1.255,100.6,102.306,-1.706,100,101.041,-1.041,100.4,101.714,-1.314,100.8,102.071,-1.271,101.2,102.828,-1.628,100,101.65,101,102.181,35.811,3467970,71.518,-0.184,-0.208,0.28,0.217,-0.305,0.198
2026-07-02T04:20:00.000Z,50,51.111,46.832,42,43.092,43.665,99.4,100.642,-1.242,99.8,100.952,-1.152,100.2,101.274,-1.074,100.6,101.771,-1.171,100,101.303,-1.303,100.4,102.082,-1.682,100.8,102.455,-1.655,101.2,102.695,-1.495,100,101.647,101,101.965,36.135,3478200,70.748,-0.315,-0.178,0.28,0.256,-0.302,0.206
2026-07-02T04:25:00.000Z,50,51.187,46.572,42,43.123,43.433,99.4,100.533,-1.133,99.8,101.32,-1.52,100.2,101.996,-1.796,100.6,102.226,-1.626,100,101.54,-1.54,100.4,101.477,-1.077,100.8,102.331,-1.531,101.2,102.468,-1.268,100,101.736,101,102.149,35.973,3488430,71.41,-0.265,-0.233,0.279,0.237,-0.298,0.214
2026-07-02T04:30:00.000Z,50,51.285,47.41,42,42.561,42.895,99.4,100.412,-1.012,99.8,100.85,-1.05,100.2,101.828,-1.628,100.6,102.349,-1.749,100,101.784,-1.784,100.4,101.368,-0.968,100.8,102.39,-1.59,101.2,103.024,-1.824,100,101.751,101,101.985,35.728,3498660,70.407,-0.346,-0.315,0.278,0.207,-0.294,0.222
2026-07-02T04:35:00.000Z,50,51.185,46.846,42,42.796,42.607,99.4,100.677,-1.277,99.8,101.474,-1.674,100.2,101.922,-1.722,100.6,101.755,-1.155,100,101.419,-1.419,100.4,101.349,-0.949,100.8,101.983,-1.183,101.2,102.817,-1.617,100,101.675,101,102.324,35.886,3508890,70.714,-0.342,-0.314,0.277,0.226,-0.29,0.229
2026-07-02T04:40:00.000Z,50,51.64,46.966,42,42.922,43.062,99.4,100.692,-1.292,99.8,100.791,-0.991,100.2,101.209,-1.009,100.6,102.067,-1.467,100,101.074,-1.074,100.4,102.09,-1.69,100.8,102.353,-1.553,101.2,102.402,-1.202,100,101.585,101,102.111,35.799,3519120,70.435,-0.314,-0.384,0.275,0.216,-0.285,0.236
2026-07-02T04:45:00.000Z,50,51.263,46.77,42,43.087,42.507,99.4,101.026,-1.626,99.8,101.309,-1.509,100.2,101.216,-1.016,100.6,101.97,-1.37,100,101.682,-1.682,100.4,101.617,-1.217,100.8,102.371,-1.571,101.2,102.519,-1.319,100,101.714,101,102.441,35.655,3529350,69.749,-0.333,-0.347,0.272,0.199,-0.28,0.243
2026-07-02T04:50:00.000Z,50,51.396,46.347,42,43.038,43.149,99.4,100.562,-1.162,99.8,101.232,-1.432,100.2,101.235,-1.035,100.6,102.18,-1.58,100,101.381,-1.381,100.4,101.431,-1.031,100.8,102.414,-1.614,101.2,102.486,-1.286,100,101.615,101,102.327,35.557,3539580,69.109,-0.41,-0.283,0.269,0.187,-0.275,0.25
2026-07-02T04:55:00.000Z,50,51.225,45.576,42,42.886,42.544,99.4,100.528,-1.128,99.8,100.817,-1.017,100.2,101.662,-1.462,100.6,102.154,-1.554,100,101.681,-1.681,100.4,102,-1.6,100.8,102.417,-1.617,101.2,102.672,-1.472,100,101.741,101,102.387,35.867,3549810,69.421,-0.457,-0.28,0.266,0.224,-0.269,0.256
2026-07-02T05:00:00.000Z,50,51.009,45.636,42,42.911,42.378,99.4,100.781,-1.381,99.8,101.186,-1.386,100.2,101.025,-0.825,100.6,101.813,-1.213,100,101.64,-1.64,100.4,101.405,-1.005,100.8,101.601,-0.801,101.2,102.659,-1.459,100,101.514,101,102.16,35.548,3560040,69.785,-0.436,-0.347,0.262,0.186,-0.263,0.262
2026-07-02T05:05:00.000Z,50,51.373,45.601,42,42.684,42.768,99.4,100.27,-0.87,99.8,100.887,-1.087,100.2,101.445,-1.245,100.6,102.232,-1.632,100,101.174,-1.174,100.4,101.288,-0.888,100.8,102.288,-1.488,101.2,102.575,-1.375,100,101.52,101,102.291,35.964,3570270,68.833,-0.478,-0.447,0.257,0.236,-0.257,0.267
2026-07-02T05:10:00.000Z,50,51.024,45.207,42,42.961,41.79,99.4,100.584,-1.184,99.8,100.816,-1.016,100.2,101.496,-1.296,100.6,101.86,-1.26,100,101.164,-1.164,100.4,101.589,-1.189,100.8,101.845,-1.045,101.2,102.292,-1.092,100,101.456,101,102.483,35.888,3580500,69.052,-0.38,-0.332,0.253,0.227,-0.251,0.272
2026-07-02T05:15:00.000Z,50,51.551,45.97,42,43.051,41.858,99.4,100.837,-1.437,99.8,101.296,-1.496,100.2,101.449,-1.249,100.6,101.5,-0.9,100,101.372,-1.372,100.4,101.805,-1.405,100.8,101.929,-1.129,101.2,102.176,-0.976,100,101.546,101,102.196,35.774,3590730,69,-0.506,-0.364,0.247,0.213,-0.244,0.277
2026-07-02T05:20:00.000Z,50,51.457,45.85,42,42.922,42.591,99.4,100.153,-0.753,99.8,101.091,-1.291,100.2,101.767,-1.567,100.6,101.858,-1.258,100,101.277,-1.277,100.4,101.153,-0.753,100.8,102.392,-1.592,101.2,102.287,-1.087,100,101.497,101,102.398,35.538,3600960,67.866,-0.46,-0.419,0.242,0.185,-0.237,0.282
2026-07-02T05:25:00.000Z,50,51.517,45.006,42,42.797,42.242,99.4,100.459,-1.059,99.8,100.672,-0.872,100.2,101.657,-1.457,100.6,101.637,-1.037,100,101.561,-1.561,100.4,101.89,-1.49,100.8,102.148,-1.348,101.2,101.963,-0.763,100,101.498,101,102.25,35.432,3611190,68.753,-0.437,-0.358,0.236,0.172,-0.229,0.286
2026-07-02T05:30:00.000Z,50,51.21,45.53,42,42.91,41.765,99.4,100.87,-1.47,99.8,100.643,-0.843,100.2,100.954,-0.754,100.6,101.619,-1.019,100,101.173,-1.173,100.4,101.45,-1.05,100.8,101.851,-1.051,101.2,102.621,-1.421,100,101.398,101,102.562,35.579,3621420,67.781,-0.372,-0.365,0.229,0.19,-0.222,0.29
2026-07-02T05:35:00.000Z,50,51.056,44.615,42,43.135,42.141,99.4,100.429,-1.029,99.8,100.974,-1.174,100.2,101.156,-0.956,100.6,101.296,-0.696,100,101.355,-1.355,100.4,101.793,-1.393,100.8,101.665,-0.865,101.2,102.08,-0.88,100,101.344,101,102.283,35.823,3631650,68.872,-0.525,-0.441,0.222,0.219,-0.214,0.294
2026-07-02T05:40:00.000Z,50,51.492,45.226,42,42.635,41.494,99.4,100.698,-1.298,99.8,100.782,-0.982,100.2,100.876,-0.676,100.6,101.431,-0.831,100,101.321,-1.321,100.4,101.345,-0.945,100.8,102.236,-1.436,101.2,101.962,-0.762,100,101.331,101,102.587,35.779,3641880,67.908,-0.452,-0.456,0.215,0.213,-0.206,0.297
2026-07-02T05:45:00.000Z,50,51.312,45.047,42,42.796,41.956,99.4,100.745,-1.345,99.8,101.041,-1.241,100.2,101.728,-1.528,100.6,101.988,-1.388,100,100.787,-0.787,100.4,101.538,-1.138,100.8,102.118,-1.318,101.2,102.21,-1.01,100,101.519,101,102.492,35.778,3652110,68.741,-0.477,-0.422,0.207,0.213,-0.198,0.3
2026-07-02T05:50:00.000Z,50,51.648,44.918,42,42.907,42.253,99.4,100.407,-1.007,99.8,100.848,-1.048,100.2,101.547,-1.347,100.6,101.814,-1.214,100,101.115,-1.115,100.4,101.326,-0.926,100.8,101.984,-1.184,101.2,102.388,-1.188,100,101.429,101,102.082,35.717,3662340,67.641,-0.469,-0.409,0.199,0.206,-0.189,0.302
2026-07-02T05:55:00.000Z,50,51.508,45.072,42,43.051,41.639,99.4,100.857,-1.457,99.8,100.588,-0.788,100.2,101.558,-1.358,100.6,101.766,-1.166,100,101.428,-1.428,100.4,101.821,-1.421,100.8,101.907,-1.107,101.2,101.941,-0.741,100,101.483,101,102.105,35.617,3672570,67.564,-0.359,-0.377,0.191,0.194,-0.181,0.305
2026-07-02T06:00:00.000Z,50,51.453,45.009,42,42.809,41.588,99.4,100.648,-1.248,99.8,101.207,-1.407,100.2,101.184,-0.984,100.6,102.008,-1.408,100,101.024,-1.024,100.4,101.099,-0.699,100.8,102.073,-1.273,101.2,102.297,-1.097,100,101.443,101,102.399,35.41,3682800,67.908,-0.424,-0.426,0.182,0.169,-0.172,0.306
2026-07-02T06:05:00.000Z,50,51.448,44.57,42,42.942,41.501,99.4,100.72,-1.32,99.8,100.956,-1.156,100.2,101.532,-1.332,100.6,101.854,-1.254,100,101.429,-1.429,100.4,101.313,-0.913,100.8,101.812,-1.012,101.2,102.547,-1.347,100,101.52,101,102.076,35.546,3693030,68.222,-0.392,-0.46,0.173,0.185,-0.163,0.308
2026-07-02T06:10:00.000Z,50,51.123,44.759,42,43.022,41.725,99.4,100.643,-1.243,99.8,100.615,-0.815,100.2,101.604,-1.404,100.6,101.75,-1.15,100,101.018,-1.018,100.4,101.41,-1.01,100.8,101.973,-1.173,101.2,102.651,-1.451,100,101.458,101,102.445,35.373,3703260,68.437,-0.364,-0.349,0.164,0.165,-0.153,0.309
2026-07-02T06:15:00.000Z,50,51.295,45.085,42,42.819,41.604,99.4,100.798,-1.398,99.8,100.578,-0.778,100.2,101.632,-1.432,100.6,101.855,-1.255,100,101.239,-1.239,100.4,101.43,-1.03,100.8,102.163,-1.363,101.2,102.607,-1.407,100,101.538,101,102.097,35.716,3713490,67.911,-0.349,-0.325,0.154,0.206,-0.144,0.31
2026-07-02T06:20:00.000Z,50,51.527,45.424,42,42.905,41.665,99.4,100.192,-0.792,99.8,100.782,-0.982,100.2,101.022,-0.822,100.6,101.888,-1.288,100,101.079,-1.079,100.4,101.76,-1.36,100.8,102.27,-1.47,101.2,102.032,-0.832,100,101.378,101,102.415,35.632,3723720,67.515,-0.325,-0.349,0.144,0.196,-0.134,0.31
2026-07-02T06:25:00.000Z,50,51.545,45.635,42,42.955,41.728,99.4,100.145,-0.745,99.8,101.137,-1.337,100.2,100.944,-0.744,100.6,101.493,-0.893,100,101.114,-1.114,100.4,101.873,-1.473,100.8,102.271,-1.471,101.2,101.93,-0.73,100,101.363,101,102.544,35.722,3733950,68.689,-0.38,-0.296,0.134,0.207,-0.125,0.31
2026-07-02T06:30:00.000Z,50,51.339,44.817,42,42.634,41.99,99.4,100.977,-1.577,99.8,101.245,-1.445,100.2,101.251,-1.051,100.6,102.076,-1.476,100,101.098,-1.098,100.4,101.547,-1.147,100.8,102.112,-1.312,101.2,102.775,-1.575,100,101.635,101,102.116,35.409,3744180,68.967,-0.337,-0.315,0.124,0.169,-0.115,0.31
2026-07-02T06:35:00.000Z,50,51.405,44.875,42,42.689,42.414,99.4,100.184,-0.784,99.8,100.795,-0.995,100.2,101.252,-1.052,100.6,101.693,-1.093,100,100.723,-0.723,100.4,101.984,-1.584,100.8,101.806,-1.006,101.2,102.085,-0.885,100,101.315,101,102.48,35.827,3754410,68.846,-0.305,-0.253,0.113,0.219,-0.105,0.309
2026-07-02T06:40:00.000Z,50,51.431,45.788,42,43.181,41.973,99.4,100.796,-1.396,99.8,100.996,-1.196,100.2,101.408,-1.208,100.6,101.843,-1.243,100,100.761,-0.761,100.4,101.524,-1.124,100.8,101.544,-0.744,101.2,102.338,-1.138,100,101.401,101,102.031,35.43,3764640,68.396,-0.251,-0.367,0.102,0.172,-0.094,0.308
2026-07-02T06:45:00.000Z,50,51.154,45.899,42,42.61,42.653,99.4,100.171,-0.771,99.8,101.266,-1.466,100.2,101.64,-1.44,100.6,101.359,-0.759,100,101.329,-1.329,100.4,101.905,-1.505,100.8,102.287,-1.487,101.2,102.72,-1.52,100,101.585,101,102.058,35.7,3774870,68.759,-0.29,-0.289,0.092,0.204,-0.084,0.306
2026-07-02T06:50:00.000Z,50,51.042,45.144,42,42.691,42.274,99.4,100.924,-1.524,99.8,100.753,-0.953,100.2,101.506,-1.306,100.6,101.442,-0.842,100,101.191,-1.191,100.4,101.464,-1.064,100.8,101.558,-0.758,101.2,102.467,-1.267,100,101.413,101,102.303,35.903,3785100,68.372,-0.162,-0.334,0.08,0.228,-0.074,0.304
2026-07-02T06:55:00.000Z,50,51.461,45.182,42,43.009,42.624,99.4,100.973,-1.573,99.8,100.649,-0.849,100.2,101.194,-0.994,100.6,101.596,-0.996,100,101.425,-1.425,100.4,101.977,-1.577,100.8,101.719,-0.919,101.2,102.47,-1.27,100,101.5,101,102.394,35.602,3795330,69.388,-0.203,-0.244,0.069,0.192,-0.063,0.302
2026-07-02T07:00:00.000Z,50,51.352,45.962,42,42.865,42.302,99.4,100.274,-0.874,99.8,100.665,-0.865,100.2,101.56,-1.36,100.6,101.565,-0.965,100,101.269,-1.269,100.4,101.782,-1.382,100.8,101.95,-1.15,101.2,102.675,-1.475,100,101.468,101,102.119,35.567,3805560,68.971,-0.1,-0.294,0.058,0.188,-0.053,0.299
2026-07-02T07:05:00.000Z,50,51.14,46.539,42,42.622,43.046,99.4,100.77,-1.37,99.8,100.642,-0.842,100.2,101.697,-1.497,100.6,102.084,-1.484,100,101.013,-1.013,100.4,101.269,-0.869,100.8,102.381,-1.581,101.2,102.61,-1.41,100,101.558,101,102.034,35.53,3815790,68.806,-0.145,-0.222,0.046,0.184,-0.042,0.297
2026-07-02T07:10:00.000Z,50,51.318,46.603,42,42.694,42.46,99.4,100.672,-1.272,99.8,100.817,-1.017,100.2,101.582,-1.382,100.6,101.861,-1.261,100,101.311,-1.311,100.4,101.509,-1.109,100.8,102.06,-1.26,101.2,102.849,-1.649,100,101.583,101,102.423,35.966,3826020,69.537,-0.114,-0.233,0.035,0.236,-0.032,0.293
2026-07-02T07:15:00.000Z,50,51.388,45.987,42,42.76,42.998,99.4,100.59,-1.19,99.8,100.994,-1.194,100.2,101.334,-1.134,100.6,102.264,-1.664,100,100.929,-0.929,100.4,101.377,-0.977,100.8,102.214,-1.414,101.2,102.28,-1.08,100,101.498,101,102.474,35.585,3836250,70.07,-0.091,-0.13,0.023,0.19,-0.021,0.29
2026-07-02T07:20:00.000Z,50,51.334,46.362,42,42.978,43.211,99.4,100.325,-0.925,99.8,101.055,-1.255,100.2,101.585,-1.385,100.6,101.835,-1.235,100,101.782,-1.782,100.4,101.557,-1.157,100.8,102.361,-1.561,101.2,102.725,-1.525,100,101.653,101,102.101,35.816,3846480,69.916,-0.001,-0.189,0.012,0.218,-0.011,0.286
2026-07-02T07:25:00.000Z,50,51.324,46.612,42,43.043,42.864,99.4,101.177,-1.777,99.8,100.876,-1.076,100.2,101.89,-1.69,100.6,101.988,-1.388,100,101.072,-1.072,100.4,101.479,-1.079,100.8,102.101,-1.301,101.2,102.59,-1.39,100,101.647,101,101.985,35.9,3856710,70.147,-0.048,-0.117,0,0.228,0,0.281
2026-07-02T07:30:00.000Z,50,51.549,47.29,42,42.692,43.172,99.4,100.94,-1.54,99.8,101.124,-1.324,100.2,101.583,-1.383,100.6,102.222,-1.622,100,101.055,-1.055,100.4,101.8,-1.4,100.8,102.11,-1.31,101.2,102.883,-1.683,100,101.715,101,102.099,36.022,3866940,70.513,-0.002,-0.085,-0.012,0.243,0.011,0.277
2026-07-02T07:35:00.000Z,50,51.624,47.502,42,43.002,43.181,99.4,100.434,-1.034,99.8,100.821,-1.021,100.2,101.549,-1.349,100.6,101.723,-1.123,100,101.483,-1.483,100.4,101.4,-1,100.8,101.889,-1.089,101.2,103.005,-1.805,100,101.538,101,102.417,36.043,3877170,70.677,-0.005,-0.059,-0.023,0.245,0.021,0.272
2026-07-02T07:40:00.000Z,50,51.009,47.783,42,42.871,43.077,99.4,100.648,-1.248,99.8,101.173,-1.373,100.2,101.588,-1.388,100.6,102.289,-1.689,100,101.308,-1.308,100.4,102.222,-1.822,100.8,102.395,-1.595,101.2,102.247,-1.047,100,101.734,101,102.186,35.857,3887400,71.257,0.147,0.034,-0.035,0.223,0.032,0.266
2026-07-02T07:45:00.000Z,50,51.333,47.92,42,43.015,43.96,99.4,100.882,-1.482,99.8,101.571,-1.771,100.2,102.097,-1.897,100.6,102.387,-1.787,100,101.733,-1.733,100.4,101.489,-1.089,100.8,102.306,-1.506,101.2,102.243,-1.043,100,101.839,101,102.135,36.133,3897630,71.859,0.092,-0.098,-0.047,0.256,0.043,0.261
2026-07-02T07:50:00.000Z,50,51.185,47.484,42,42.78,43.373,99.4,100.776,-1.376,99.8,101.743,-1.943,100.2,101.611,-1.411,100.6,101.94,-1.34,100,101.497,-1.497,100.4,102.226,-1.826,100.8,101.913,-1.113,101.2,102.277,-1.077,100,101.748,101,102.093,36.125,3907860,71.743,0.226,0.06,-0.058,0.255,0.053,0.255
2026-07-02T07:55:00.000Z,50,51.561,47.454,42,42.533,44.078,99.4,100.959,-1.559,99.8,101.661,-1.861,100.2,101.718,-1.518,100.6,102.214,-1.614,100,101.667,-1.667,100.4,101.975,-1.575,100.8,102.671,-1.871,101.2,102.622,-1.422,100,101.936,101,102.126,36.019,3918090,71.669,0.238,-0.024,-0.069,0.242,0.064,0.249
2026-07-02T08:00:00.000Z,50,51.555,47.895,42,42.768,44.074,99.4,100.804,-1.404,99.8,101.401,-1.601,100.2,101.666,-1.466,100.6,102.249,-1.649,100,101.741,-1.741,100.4,101.525,-1.125,100.8,102.118,-1.318,101.2,102.32,-1.12,100,101.728,101,101.823,36.325,3928320,72.459,0.159,-0.007,-0.081,0.279,0.074,0.242
2026-07-02T08:05:00.000Z,50,51.431,48.428,42,42.797,43.817,99.4,101.226,-1.826,99.8,100.983,-1.183,100.2,102.198,-1.998,100.6,102.455,-1.855,100,101.701,-1.701,100.4,102.427,-2.027,100.8,102.614,-1.814,101.2,102.831,-1.631,100,102.054,101,102.355,36.099,3938550,72.781,0.161,0.124,-0.092,0.252,0.084,0.235
2026-07-02T08:10:00.000Z,50,50.973,48.097,42,42.888,44.372,99.4,101.4,-2,99.8,100.965,-1.165,100.2,101.763,-1.563,100.6,102.496,-1.896,100,101.552,-1.552,100.4,101.931,-1.531,100.8,102.596,-1.796,101.2,102.398,-1.198,100,101.888,101,101.83,35.974,3948780,71.896,0.28,0.142,-0.103,0.237,0.095,0.228
2026-07-02T08:15:00.000Z,50,51.392,48.602,42,42.709,44.716,99.4,100.783,-1.383,99.8,101.404,-1.604,100.2,101.723,-1.523,100.6,102.231,-1.631,100,101.449,-1.449,100.4,102.452,-2.052,100.8,102.558,-1.758,101.2,102.632,-1.432,100,101.904,101,102.2,36.205,3959010,73.477,0.346,0.081,-0.113,0.265,0.105,0.221
2026-07-02T08:20:00.000Z,50,51.261,48.377,42,43.014,44.615,99.4,100.738,-1.338,99.8,101.596,-1.796,100.2,101.914,-1.714,100.6,102.604,-2.004,100,101.447,-1.447,100.4,101.754,-1.354,100.8,102.165,-1.365,101.2,103.174,-1.974,100,101.924,101,102.163,35.974,3969240,72.819,0.272,0.121,-0.124,0.237,0.115,0.213
2026-07-02T08:25:00.000Z,50,51.343,48.559,42,42.984,44.25,99.4,101.46,-2.06,99.8,101.891,-2.091,100.2,102.077,-1.877,100.6,102.434,-1.834,100,101.951,-1.951,100.4,102.271,-1.871,100.8,102.604,-1.804,101.2,102.505,-1.305,100,102.149,101,101.71,36.364,3979470,72.981,0.298,0.243,-0.134,0.284,0.125,0.205
2026-07-02T08:30:00.000Z,50,51.407,49.685,42,42.847,44.757,99.4,101.407,-2.007,99.8,101.136,-1.336,100.2,102.131,-1.931,100.6,101.87,-1.27,100,101.576,-1.576,100.4,102.043,-1.643,100.8,102.151,-1.351,101.2,102.559,-1.359,100,101.859,101,102.138,36.207,3989700,74.212,0.347,0.212,-0.144,0.265,0.134,0.197
2026-07-02T08:35:00.000Z,50,51.225,49.237,42,42.79,44.759,99.4,101.101,-1.701,99.8,101.759,-1.959,100.2,102.347,-2.147,100.6,102.596,-1.996,100,101.69,-1.69,100.4,101.866,-1.466,100.8,102.678,-1.878,101.2,103.317,-2.117,100,102.169,101,101.976,36.388,3999930,74.449,0.343,0.291,-0.154,0.287,0.144,0.189
2026-07-02T08:40:00.000Z,50,50.935,50.058,42,42.63,45.467,99.4,100.892,-1.492,99.8,101.109,-1.309,100.2,101.524,-1.324,100.6,101.971,-1.371,100,101.837,-1.837,100.4,101.988,-1.588,100.8,102.261,-1.461,101.2,102.869,-1.669,100,101.806,101,102.004,36.132,4010160,73.462,0.381,0.251,-0.164,0.256,0.153,0.18
2026-07-02T08:45:00.000Z,50,51.187,49.137,42,42.436,45.443,99.4,101.246,-1.846,99.8,101.466,-1.666,100.2,101.619,-1.419,100.6,102.524,-1.924,100,101.707,-1.707,100.4,101.742,-1.342,100.8,102.142,-1.342,101.2,103.139,-1.939,100,101.948,101,102.088,36,4020390,73.699,0.447,0.208,-0.173,0.24,0.163,0.171
2026-07-02T08:50:00.000Z,50,50.835,50.197,42,42.364,45.178,99.4,101.104,-1.704,99.8,101.693,-1.893,100.2,101.905,-1.705,100.6,102.461,-1.861,100,101.624,-1.624,100.4,101.77,-1.37,100.8,102.3,-1.5,101.2,103.128,-1.928,100,101.998,101,101.781,36.141,4030620,73.96,0.328,0.346,-0.182,0.257,0.172,0.162
2026-07-02T08:55:00.000Z,50,50.822,49.707,42,42.575,45.123,99.4,100.958,-1.558,99.8,101.132,-1.332,100.2,101.68,-1.48,100.6,102.502,-1.902,100,102.018,-2.018,100.4,102.146,-1.746,100.8,102.431,-1.631,101.2,103.072,-1.872,100,101.992,101,101.812,36.393,4040850,74.484,0.473,0.268,-0.191,0.287,0.181,0.153
2026-07-02T09:00:00.000Z,50,51.086,50.557,42,42.841,45.372,99.4,101.574,-2.174,99.8,101.554,-1.754,100.2,102.384,-2.184,100.6,102.152,-1.552,100,102.211,-2.211,100.4,102.091,-1.691,100.8,102.922,-2.122,101.2,102.741,-1.541,100,102.204,101,101.832,36.114,4051080,74.303,0.49,0.327,-0.199,0.254,0.189,0.144
2026-07-02T09:05:00.000Z,50,50.662,50.331,42,42.752,45.258,99.4,100.872,-1.472,99.8,101.509,-1.709,100.2,101.616,-1.416,100.6,102.145,-1.545,100,101.421,-1.421,100.4,101.735,-1.335,100.8,102.909,-2.109,101.2,103.069,-1.869,100,101.91,101,101.572,36.057,4061310,75.324,0.507,0.291,-0.207,0.247,0.198,0.134
2026-07-02T09:10:00.000Z,50,51.288,50.468,42,42.313,45.628,99.4,101.411,-2.011,99.8,101.409,-1.609,100.2,102.071,-1.871,100.6,102.699,-2.099,100,101.4,-1.4,100.4,102.157,-1.757,100.8,102.175,-1.375,101.2,102.886,-1.686,100,102.026,101,101.724,36.387,4071540,75.408,0.512,0.305,-0.215,0.286,0.206,0.124
2026-07-02T09:15:00.000Z,50,50.865,50.588,42,42.368,46.066,99.4,100.883,-1.483,99.8,101.332,-1.532,100.2,102.316,-2.116,100.6,102.488,-1.888,100,101.644,-1.644,100.4,102.19,-1.79,100.8,102.657,-1.857,101.2,103.236,-2.036,100,102.093,101,101.983,36.35,4081770,75.619,0.524,0.356,-0.222,0.282,0.214,0.115
2026-07-02T09:20:00.000Z,50,51.147,50.467,42,42.407,45.593,99.4,100.853,-1.453,99.8,101.2,-1.4,100.2,101.879,-1.679,100.6,102.63,-2.03,100,101.941,-1.941,100.4,101.78,-1.38,100.8,102.265,-1.465,101.2,103.317,-2.117,100,101.983,101,101.92,36.027,4092000,74.769,0.444,0.371,-0.229,0.243,0.222,0.105
2026-07-02T09:25:00.000Z,50,50.814,50.401,42,42.563,46.123,99.4,101.46,-2.06,99.8,101.186,-1.386,100.2,101.965,-1.765,100.6,102.362,-1.762,100,101.973,-1.973,100.4,102.077,-1.677,100.8,102.388,-1.588,101.2,103.192,-1.992,100,102.075,101,101.905,36.159,4102230,76.075,0.528,0.348,-0.236,0.259,0.23,0.094
2026-07-02T09:30:00.000Z,50,50.613,51.148,42,42.68,46.485,99.4,101.052,-1.652,99.8,101.448,-1.648,100.2,101.817,-1.617,100.6,102.449,-1.849,100,101.726,-1.726,100.4,102.505,-2.105,100.8,102.193,-1.393,101.2,103.229,-2.029,100,102.052,101,101.988,36.443,4112460,76.309,0.459,0.337,-0.242,0.293,0.237,0.084
2026-07-02T09:35:00.000Z,50,50.628,50.45,42,42.783,46.082,99.4,100.958,-1.558,99.8,101.486,-1.686,100.2,102.354,-2.154,100.6,102.612,-2.012,100,101.503,-1.503,100.4,102.548,-2.148,100.8,102.431,-1.631,101.2,102.905,-1.705,100,102.1,101,101.865,36.307,4122690,75.38,0.49,0.369,-0.247,0.277,0.244,0.074
2026-07-02T09:40:00.000Z,50,50.851,50.885,42,42.322,46.152,99.4,101.065,-1.665,99.8,101.366,-1.566,100.2,101.896,-1.696,100.6,101.886,-1.286,100,101.692,-1.692,100.4,102.067,-1.667,100.8,102.434,-1.634,101.2,102.935,-1.735,100,101.918,101,101.482,36.167,4132920,75.523,0.461,0.447,-0.253,0.26,0.251,0.063
2026-07-02T09:45:00.000Z,50,50.429,50.494,42,42.31,46.353,99.4,101.02,-1.62,99.8,101.113,-1.313,100.2,101.669,-1.469,100.6,101.989,-1.389,100,101.398,-1.398,100.4,102.252,-1.852,100.8,102.865,-2.065,101.2,102.942,-1.742,100,101.906,101,101.887,36.325,4143150,75.671,0.401,0.389,-0.257,0.279,0.257,0.053
2026-07-02T09:50:00.000Z,50,50.907,50.436,42,42.763,45.935,99.4,101.461,-2.061,99.8,101.645,-1.845,100.2,102.127,-1.927,100.6,101.866,-1.266,100,101.377,-1.377,100.4,101.651,-1.251,100.8,102.589,-1.789,101.2,102.778,-1.578,100,101.937,101,101.827,35.84,4153380,76.061,0.488,0.382,-0.262,0.221,0.263,0.042
2026-07-02T09:55:00.000Z,50,50.456,50.658,42,42.599,46.364,99.4,100.722,-1.322,99.8,101.357,-1.557,100.2,101.7,-1.5,100.6,101.815,-1.215,100,101.43,-1.43,100.4,102.037,-1.637,100.8,102.133,-1.333,101.2,103.133,-1.933,100,101.791,101,101.602,35.873,4163610,75.615,0.38,0.398,-0.266,0.225,0.269,0.032
2026-07-02T10:00:00.000Z,50,50.381,51.353,42,42.53,45.791,99.4,100.845,-1.445,99.8,101.829,-2.029,100.2,101.62,-1.42,100.6,102.202,-1.602,100,101.743,-1.743,100.4,101.978,-1.578,100.8,102.698,-1.898,101.2,102.489,-1.289,100,101.926,101,101.306,35.94,4173840,76.404,0.465,0.495,-0.269,0.233,0.275,0.021
2026-07-02T10:05:00.000Z,50,50.583,51.41,42,42.396,45.982,99.4,100.79,-1.39,99.8,100.96,-1.16,100.2,101.536,-1.336,100.6,102.343,-1.743,100,101.606,-1.606,100.4,102.342,-1.942,100.8,102.325,-1.525,101.2,102.557,-1.357,100,101.807,101,101.332,36.2,4184070,75.884,0.301,0.431,-0.272,0.264,0.28,0.01
2026-07-02T10:10:00.000Z,50,50.618,51.533,42,42.226,46.383,99.4,100.613,-1.213,99.8,101.128,-1.328,100.2,101.285,-1.085,100.6,102.2,-1.6,100,101.789,-1.789,100.4,102.336,-1.936,100.8,102.576,-1.776,101.2,102.794,-1.594,100,101.84,101,101.455,35.77,4194300,75.778,0.37,0.482,-0.275,0.212,0.285,0
2026-07-02T10:15:00.000Z,50,50.374,51.416,42,42.367,45.703,99.4,100.712,-1.312,99.8,101.268,-1.468,100.2,102.067,-1.867,100.6,102.46,-1.86,100,101.707,-1.707,100.4,102.184,-1.784,100.8,102.625,-1.825,101.2,102.866,-1.666,100,101.986,101,101.64,35.633,4204530,76.245,0.326,0.345,-0.277,0.196,0.29,-0.011
2026-07-02T10:20:00.000Z,50,50.509,50.402,42,42.247,46.373,99.4,100.533,-1.133,99.8,101.677,-1.877,100.2,102.033,-1.833,100.6,102.446,-1.846,100,101.497,-1.497,100.4,102.084,-1.684,100.8,102.094,-1.294,101.2,102.347,-1.147,100,101.839,101,101.237,35.74,4214760,75.342,0.332,0.388,-0.278,0.209,0.294,-0.022
2026-07-02T10:25:00.000Z,50,50.802,51.146,42,42.257,45.801,99.4,100.717,-1.317,99.8,100.89,-1.09,100.2,101.484,-1.284,100.6,101.816,-1.216,100,101.464,-1.464,100.4,101.664,-1.264,100.8,102.429,-1.629,101.2,102.305,-1.105,100,101.596,101,101.144,35.919,4224990,76.299,0.242,0.415,-0.279,0.23,0.298,-0.032
2026-07-02T10:30:00.000Z,50,50.195,50.733,42,42.135,45.715,99.4,100.735,-1.335,99.8,101.541,-1.741,100.2,101.175,-0.975,100.6,102.383,-1.783,100,101.358,-1.358,100.4,102.183,-1.783,100.8,101.686,-0.886,101.2,102.456,-1.256,100,101.69,101,101.346,35.572,4235220,75.537,0.201,0.45,-0.28,0.189,0.302,-0.043
2026-07-02T10:35:00.000Z,50,50.639,50.298,42,42.246,45.935,99.4,100.724,-1.324,99.8,101.53,-1.73,100.2,101.576,-1.376,100.6,101.713,-1.113,100,101.713,-1.713,100.4,101.618,-1.218,100.8,101.698,-0.898,101.2,102.581,-1.381,100,101.644,101,101.067,35.349,4245450,75.34,0.296,0.321,-0.28,0.162,0.305,-0.053
2026-07-02T10:40:00.000Z,50,50.776,51.103,42,42.391,45.904,99.4,100.372,-0.972,99.8,100.85,-1.05,100.2,101.422,-1.222,100.6,101.87,-1.27,100,101.516,-1.516,100.4,101.696,-1.296,100.8,101.881,-1.081,101.2,102.301,-1.101,100,101.489,101,101.513,35.385,4255680,75.101,0.229,0.432,-0.28,0.166,0.308,-0.064
2026-07-02T10:45:00.000Z,50,50.36,50.211,42,42.516,46.074,99.4,100.218,-0.818,99.8,100.689,-0.889,100.2,101.434,-1.234,100.6,101.987,-1.387,100,101.592,-1.592,100.4,101.127,-0.727,100.8,101.544,-0.744,101.2,102.493,-1.293,100,101.385,101,101.357,35.234,4265910,75.406,0.251,0.295,-0.279,0.148,0.311,-0.074
2026-07-02T10:50:00.000Z,50,50.32,50.546,42,42.074,45.899,99.4,100.339,-0.939,99.8,101.255,-1.455,100.2,100.982,-0.782,100.6,101.377,-0.777,100,101.476,-1.476,100.4,101.498,-1.098,100.8,101.548,-0.748,101.2,102.53,-1.33,100,101.376,101,101.305,35.21,4276140,75.838,0.112,0.291,-0.277,0.145,0.313,-0.085
2026-07-02T10:55:00.000Z,50,50.586,50.371,42,42.412,45.521,99.4,100.716,-1.316,99.8,100.933,-1.133,100.2,101.051,-0.851,100.6,101.904,-1.304,100,100.713,-0.713,100.4,101.143,-0.743,100.8,102.023,-1.223,101.2,102.366,-1.166,100,101.356,101,101.377,35.073,4286370,75.158,0.123,0.354,-0.275,0.129,0.315,-0.095
2026-07-02T11:00:00.000Z,50,50.192,50.256,42,42.277,45.154,99.4,100.657,-1.257,99.8,100.565,-0.765,100.2,100.768,-0.568,100.6,101.826,-1.226,100,100.868,-0.868,100.4,101.203,-0.803,100.8,101.548,-0.748,101.2,102.22,-1.02,100,101.207,101,101.209,35.22,4296600,75.486,0.166,0.296,-0.273,0.146,0.317,-0.105
2026-07-02T11:05:00.000Z,50,50.358,50.135,42,42.269,45.88,99.4,100.442,-1.042,99.8,100.537,-0.737,100.2,101.319,-1.119,100.6,101.371,-0.771,100,101.3,-1.3,100.4,101.384,-0.984,100.8,101.42,-0.62,101.2,101.702,-0.502,100,101.184,101,100.879,34.951,4306830,74.643,0.136,0.326,-0.27,0.114,0.318,-0.115
2026-07-02T11:10:00.000Z,50,50.573,49.227,42,42.022,45.328,99.4,99.846,-0.446,99.8,100.637,-0.837,100.2,100.788,-0.588,100.6,101.453,-0.853,100,100.481,-0.481,100.4,101.141,-0.741,100.8,101.604,-0.804,101.2,101.648,-0.448,100,100.95,101,101.306,34.866,4317060,73.97,0.111,0.23,-0.267,0.104,0.319,-0.125
2026-07-02T11:15:00.000Z,50,50.374,49.909,42,42.169,44.968,99.4,99.701,-0.301,99.8,100.525,-0.725,100.2,101.328,-1.128,100.6,101.465,-0.865,100,100.302,-0.302,100.4,101.43,-1.03,100.8,101.934,-1.134,101.2,102.347,-1.147,100,101.129,101,100.943,34.793,4327290,73.675,0.108,0.227,-0.263,0.095,0.32,-0.135
2026-07-02T11:20:00.000Z,50,50.342,49.955,42,42.257,45.119,99.4,100.392,-0.992,99.8,100.749,-0.949,100.2,101.054,-0.854,100.6,101.513,-0.913,100,100.44,-0.44,100.4,101.261,-0.861,100.8,101.532,-0.732,101.2,102.202,-1.002,100,101.143,101,101.062,34.706,4337520,74.648,0.061,0.236,-0.259,0.085,0.32,-0.144
2026-07-02T11:25:00.000Z,50,50.205,49.62,42,42.186,44.77,99.4,100.315,-0.915,99.8,100.049,-0.249,100.2,101.072,-0.872,100.6,101.468,-0.868,100,100.777,-0.777,100.4,101.097,-0.697,100.8,101.661,-0.861,101.2,101.961,-0.761,100,101.05,101,100.729,34.579,4347750,73.661,-0.001,0.221,-0.255,0.069,0.32,-0.153
2026-07-02T11:30:00.000Z,50,50.009,49.278,42,42.331,44.836,99.4,99.806,-0.406,99.8,100.007,-0.207,100.2,100.675,-0.475,100.6,101.129,-0.529,100,100.671,-0.671,100.4,100.797,-0.397,100.8,101.598,-0.798,101.2,101.821,-0.621,100,100.813,101,101.013,34.643,4357980,73.572,-0.04,0.143,-0.249,0.077,0.319,-0.163
2026-07-02T11:35:00.000Z,50,50.305,49.502,42,41.944,44.906,99.4,99.38,0.02,99.8,100.649,-0.849,100.2,100.545,-0.345,100.6,101.308,-0.708,100,100.013,-0.013,100.4,100.833,-0.433,100.8,101.183,-0.383,101.2,101.488,-0.288,100,100.675,101,100.862,34.567,4368210,73.049,-0.02,0.167,-0.244,0.068,0.319,-0.172
2026-07-02T11:40:00.000Z,50,50.264,48.677,42,42.074,44.989,99.4,99.606,-0.206,99.8,99.967,-0.167,100.2,100.562,-0.362,100.6,101.195,-0.595,100,100.129,-0.129,100.4,101.043,-0.643,100.8,101.277,-0.477,101.2,101.833,-0.633,100,100.702,101,101.221,34.393,4378440,72.569,-0.041,0.137,-0.238,0.047,0.317,-0.18
2026-07-02T11:45:00.000Z,50,49.885,47.996,42,41.981,44.518,99.4,99.981,-0.581,99.8,100.297,-0.497,100.2,100.638,-0.438,100.6,101.186,-0.586,100,100.238,-0.238,100.4,100.281,0.119,100.8,101.183,-0.383,101.2,101.602,-0.402,100,100.676,101,101.146,34.531,4388670,72.572,-0.133,0.126,-0.232,0.064,0.316,-0.189
2026-07-02T11:50:00.000Z,50,50.3,48.517,42,42.279,43.832,99.4,99.247,0.153,99.8,99.577,0.223,100.2,100.723,-0.523,100.6,100.344,0.256,100,100.267,-0.267,100.4,100.473,-0.073,100.8,100.844,-0.044,101.2,101.28,-0.08,100,100.344,101,100.986,34.429,4398900,72.74,-0.211,0.015,-0.225,0.052,0.314,-0.197
2026-07-02T11:55:00.000Z,50,50.133,47.766,42,42.281,44.58,99.4,99.901,-0.501,99.8,99.514,0.286,100.2,100.447,-0.247,100.6,100.983,-0.383,100,100.389,-0.389,100.4,100.443,-0.043,100.8,100.775,0.025,101.2,101.048,0.152,100,100.438,101,100.608,34.132,4409130,72.69,-0.244,0.065,-0.218,0.016,0.312,-0.206
2026-07-02T12:00:00.000Z,50,49.818,48.471,42,42.109,44.457,99.4,99.837,-0.437,99.8,99.76,0.04,100.2,100.27,-0.07,100.6,100.183,0.417,100,100.234,-0.234,100.4,100.145,0.255,100.8,101.178,-0.378,101.2,101.324,-0.124,100,100.366,101,100.655,34.183,4419360,71.662,-0.196,-0.049,-0.21,0.022,0.309,-0.213
2026-07-02T12:05:00.000Z,50,50.182,47.224,42,42.068,43.659,99.4,99.569,-0.169,99.8,99.532,0.268,100.2,99.964,0.236,100.6,100.261,0.339,100,99.65,0.35,100.4,100.636,-0.236,100.8,100.367,0.433,101.2,100.692,0.508,100,100.084,101,100.927,34.085,4429590,71.727,-0.205,0.019,-0.202,0.01,0.306,-0.221
2026-07-02T12:10:00.000Z,50,50.216,47.463,42,42.167,43.984,99.4,99.463,-0.063,99.8,99.86,-0.06,100.2,100.111,0.089,100.6,100.097,0.503,100,99.505,0.495,100.4,99.832,0.568,100.8,100.381,0.419,101.2,101.467,-0.267,100,100.089,101,100.908,33.664,4439820,71.205,-0.227,-0.015,-0.194,-0.04,0.303,-0.228
2026-07-02T12:15:00.000Z,50,50.03,47.812,42,42.107,43.404,99.4,99.227,0.173,99.8,99.481,0.319,100.2,100.084,0.116,100.6,100.536,0.064,100,99.538,0.462,100.4,100.062,0.338,100.8,100.372,0.428,101.2,101.041,0.159,100,100.043,101,100.877,33.568,4450050,70.624,-0.233,-0.107,-0.186,-0.052,0.299,-0.236
2026-07-02T12:20:00.000Z,50,50.154,47.685,42,41.896,43.067,99.4,98.794,0.606,99.8,99.682,0.118,100.2,100.255,-0.055,100.6,100.6,0,100,99.432,0.568,100.4,100.198,0.202,100.8,100.602,0.198,101.2,101.125,0.075,100,100.086,101,100.649,33.61,4460280,70.932,-0.3,-0.071,-0.177,-0.047,0.295,-0.242
2026-07-02T12:25:00.000Z,50,49.789,46.809,42,41.873,42.849,99.4,98.978,0.422,99.8,99.568,0.232,100.2,99.902,0.298,100.6,99.87,0.73,100,99.146,0.854,100.4,100.151,0.249,100.8,100.264,0.536,101.2,100.65,0.55,100,99.816,101,100.503,33.374,4470510,70.433,-0.344,-0.088,-0.167,-0.075,0.291,-0.249
2026-07-02T12:30:00.000Z,50,50.075,47.413,42,42.151,43.617,99.4,99.335,0.065,99.8,99.249,0.551,100.2,99.812,0.388,100.6,100.027,0.573,100,99.169,0.831,100.4,100.103,0.297,100.8,100.724,0.076,101.2,100.768,0.432,100,99.898,101,100.392,33.377,4480740,70.388,-0.294,-0.181,-0.158,-0.075,0.286,-0.255
2026-07-02T12:35:00.000Z,50,49.854,46.075,42,41.633,43.309,99.4,98.627,0.773,99.8,99.228,0.572,100.2,99.411,0.789,100.6,100.398,0.202,100,99.374,0.626,100.4,99.657,0.743,100.8,100.247,0.553,101.2,100.323,0.877,100,99.658,101,100.492,33.42,4490970,70.874,-0.394,-0.195,-0.148,-0.07,0.281,-0.261
2026-07-02T12:40:00.000Z,50,49.713,46.191,42,41.596,43.177,99.4,98.689,0.711,99.8,99.184,0.616,100.2,99.689,0.511,100.6,99.907,0.693,100,98.954,1.046,100.4,99.581,0.819,100.8,100.232,0.568,101.2,100.274,0.926,100,99.564,101,100.288,33.287,4501200,70.377,-0.438,-0.195,-0.138,-0.086,0.276,-0.267
2026-07-02T12:45:00.000Z,50,49.489,46.268,42,41.542,42.796,99.4,98.627,0.773,99.8,99.064,0.736,100.2,99.506,0.694,100.6,99.928,0.672,100,99.113,0.887,100.4,99.361,1.039,100.8,99.818,0.982,101.2,100.24,0.96,100,99.457,101,100.614,33.222,4511430,69.175,-0.424,-0.247,-0.128,-0.093,0.271,-0.272
2026-07-02T12:50:00.000Z,50,49.372,46.414,42,41.726,42.825,99.4,98.512,0.888,99.8,99.207,0.593,100.2,98.996,1.204,100.6,100.184,0.416,100,98.935,1.065,100.4,99.952,0.448,100.8,99.628,1.172,101.2,99.979,1.221,100,99.424,101,100.724,32.911,4521660,70.145,-0.39,-0.303,-0.117,-0.131,0.265,-0.277
2026-07-02T12:55:00.000Z,50,49.586,45.53,42,41.827,42.283,99.4,98.065,1.335,99.8,99.176,0.624,100.2,99.283,0.917,100.6,99.998,0.602,100,99.253,0.747,100.4,99.801,0.599,100.8,99.616,1.184,101.2,100.394,0.806,100,99.448,101,100.243,32.858,4531890,69.006,-0.503,-0.173,-0.107,-0.137,0.259,-0.282
2026-07-02T13:00:00.000Z,50,49.927,45.559,42,41.486,42.392,99.4,98.884,0.516,99.8,98.506,1.294,100.2,99.54,0.66,100.6,99.605,0.995,100,99.387,0.613,100.4,99.447,0.953,100.8,99.632,1.168,101.2,100.379,0.821,100,99.423,101,100.14,32.574,4542120,68.696,-0.444,-0.193,-0.096,-0.171,0.252,-0.286
2026-07-02T13:05:00.000Z,50,49.695,45.624,42,41.74,41.948,99.4,98.43,0.97,99.8,99.149,0.651,100.2,98.736,1.464,100.6,99.739,0.861,100,98.973,1.027,100.4,98.949,1.451,100.8,99.994,0.806,101.2,100.271,0.929,100,99.28,101,100.501,32.633,4552350,68.991,-0.509,-0.213,-0.085,-0.164,0.246,-0.29
2026-07-02T13:10:00.000Z,50,49.589,45.338,42,41.933,42.107,99.4,98.074,1.326,99.8,99.018,0.782,100.2,99.529,0.671,100.6,99.492,1.108,100,99.325,0.675,100.4,99.123,1.277,100.8,99.923,0.877,101.2,100.334,0.866,100,99.352,101,100.083,32.547,4562580,68.84,-0.443,-0.276,-0.074,-0.174,0.239,-0.293
2026-07-02T13:15:00.000Z,50,49.472,45.804,42,41.603,41.962,99.4,98.569,0.831,99.8,98.683,1.117,100.2,98.761,1.439,100.6,99.867,0.733,100,98.868,1.132,100.4,99.471,0.929,100.8,100.028,0.772,101.2,99.598,1.602,100,99.231,101,100.348,32.716,4572810,69.097,-0.443,-0.399,-0.062,-0.154,0.231,-0.297
2026-07-02T13:20:00.000Z,50,49.773,45.774,42,41.704,42.302,99.4,98.309,1.091,99.8,98.216,1.584,100.2,98.97,1.23,100.6,99.195,1.405,100,98.812,1.188,100.4,99.029,1.371,100.8,99.817,0.983,101.2,100.048,1.152,100,99.05,101,100.523,32.251,4583040,68.325,-0.435,-0.349,-0.051,-0.21,0.224,-0.3
2026-07-02T13:25:00.000Z,50,49.787,45.592,42,41.446,42.174,99.4,98.19,1.21,99.8,98.775,1.025,100.2,99.352,0.848,100.6,99.695,0.905,100,98.447,1.553,100.4,99.26,1.14,100.8,99.473,1.327,101.2,100.307,0.893,100,99.187,101,100.02,32.582,4593270,68.865,-0.477,-0.321,-0.039,-0.17,0.216,-0.302
2026-07-02T13:30:00.000Z,50,49.589,45.219,42,41.692,41.905,99.4,98.148,1.252,99.8,98.458,1.342,100.2,98.77,1.43,100.6,99.399,1.201,100,98.458,1.542,100.4,98.677,1.723,100.8,99.764,1.036,101.2,100.156,1.044,100,98.979,101,100.193,32.376,4603500,67.882,-0.507,-0.384,-0.028,-0.195,0.208,-0.304
2026-07-02T13:35:00.000Z,50,49.234,44.885,42,41.765,41.441,99.4,98.318,1.082,99.8,98.033,1.767,100.2,98.706,1.494,100.6,98.912,1.688,100,98.957,1.043,100.4,98.613,1.787,100.8,99.384,1.416,101.2,100.095,1.105,100,98.877,101,100.435,32.335,4613730,68.404,-0.505,-0.445,-0.016,-0.2,0.2,-0.306
2026-07-02T13:40:00.000Z,50,49.407,45.384,42,41.459,41.874,99.4,97.774,1.626,99.8,98.714,1.086,100.2,98.935,1.265,100.6,98.849,1.751,100,98.857,1.143,100.4,99.214,1.186,100.8,99.372,1.428,101.2,99.554,1.646,100,98.909,101,100.333,32.074,4623960,67.57,-0.393,-0.429,-0.005,-0.231,0.191,-0.308
2026-07-02T13:45:00.000Z,50,49.168,45.12,42,41.533,41.606,99.4,98.088,1.312,99.8,98.515,1.285,100.2,98.616,1.584,100.6,98.764,1.836,100,98.488,1.512,100.4,99.308,1.092,100.8,99.333,1.467,101.2,99.833,1.367,100,98.868,101,100.224,32.129,4634190,67.503,-0.393,-0.324,0.007,-0.224,0.183,-0.309
2026-07-02T13:50:00.000Z,50,49.301,45.117,42,41.577,41.946,99.4,97.662,1.738,99.8,98.355,1.445,100.2,98.571,1.629,100.6,98.846,1.754,100,98.415,1.585,100.4,98.8,1.6,100.8,99.377,1.423,101.2,99.47,1.73,100,98.687,101,100.158,32.253,4644420,68.347,-0.355,-0.373,0.019,-0.21,0.174,-0.31
2026-07-02T13:55:00.000Z,50,49.547,45.515,42,41.397,41.678,99.4,97.575,1.825,99.8,98.629,1.171,100.2,99.079,1.121,100.6,99.112,1.488,100,98.782,1.218,100.4,99.168,1.232,100.8,99.345,1.455,101.2,99.248,1.952,100,98.867,101,100.175,32.071,4654650,68.285,-0.436,-0.487,0.03,-0.231,0.165,-0.31
2026-07-02T14:00:00.000Z,50,49.383,44.461,42,41.516,41.628,99.4,97.489,1.911,99.8,98.53,1.27,100.2,98.584,1.616,100.6,99.225,1.375,100,98.538,1.462,100.4,98.664,1.736,100.8,98.804,1.996,101.2,99.252,1.948,100,98.636,101,100.179,31.765,4664880,68.174,-0.458,-0.491,0.042,-0.268,0.156,-0.31
2026-07-02T14:05:00.000Z,50,49.442,45.418,42,41.457,41.634,99.4,98.048,1.352,99.8,98.397,1.403,100.2,98.289,1.911,100.6,98.628,1.972,100,98.513,1.487,100.4,98.446,1.954,100.8,99.041,1.759,101.2,99.464,1.736,100,98.603,101,100.283,31.812,4675110,67.39,-0.371,-0.381,0.053,-0.263,0.146,-0.31
2026-07-02T14:10:00.000Z,50,49.016,44.639,42,41.705,42.124,99.4,98.139,1.261,99.8,98.34,1.46,100.2,98.979,1.221,100.6,99.248,1.352,100,98.706,1.294,100.4,98.495,1.905,100.8,98.822,1.978,101.2,99.536,1.664,100,98.783,101,99.878,31.673,4685340,68.472,-0.308,-0.409,0.065,-0.279,0.137,-0.309
2026-07-02T14:15:00.000Z,50,48.961,45.239,42,41.566,42.049,99.4,97.398,2.002,99.8,98.288,1.512,100.2,98.943,1.257,100.6,99.134,1.466,100,98.616,1.384,100.4,98.556,1.844,100.8,99.405,1.395,101.2,99.928,1.272,100,98.783,101,99.703,32.118,4695570,67.699,-0.253,-0.447,0.076,-0.226,0.127,-0.308
2026-07-02T14:20:00.000Z,50,48.901,44.512,42,41.187,42.109,99.4,97.42,1.98,99.8,98.266,1.534,100.2,98.86,1.34,100.6,98.821,1.779,100,98.628,1.372,100.4,98.795,1.605,100.8,99.362,1.438,101.2,99.76,1.44,100,98.739,101,99.943,31.82,4705800,67.848,-0.374,-0.463,0.087,-0.262,0.117,-0.306
2026-07-02T14:25:00.000Z,50,48.853,44.983,42,41.562,42.235,99.4,97.426,1.974,99.8,98.065,1.735,100.2,98.336,1.864,100.6,98.866,1.734,100,97.924,2.076,100.4,98.624,1.776,100.8,99.127,1.673,101.2,99.32,1.88,100,98.461,101,100.057,31.825,4716030,68.106,-0.283,-0.382,0.098,-0.261,0.107,-0.305
2026-07-02T14:30:00.000Z,50,49.458,44.682,42,41.652,42.346,99.4,97.667,1.733,99.8,98.085,1.715,100.2,98.232,1.968,100.6,99.018,1.582,100,98.162,1.838,100.4,98.504,1.896,100.8,98.858,1.942,101.2,99.662,1.538,100,98.524,101,99.603,31.903,4726260,67.784,-0.218,-0.401,0.109,-0.252,0.097,-0.302
2026-07-02T14:35:00.000Z,50,48.832,44.799,42,41.451,42.159,99.4,98.063,1.337,99.8,97.652,2.148,100.2,98.263,1.937,100.6,99.076,1.524,100,98.423,1.577,100.4,98.955,1.445,100.8,99.348,1.452,101.2,99.883,1.317,100,98.708,101,99.646,31.599,4736490,67.902,-0.297,-0.449,0.12,-0.288,0.087,-0.3
2026-07-02T14:40:00.000Z,50,49.144,45.945,42,41.474,41.97,99.4,97.233,2.167,99.8,98.084,1.716,100.2,97.998,2.202,100.6,99.12,1.48,100,98.44,1.56,100.4,98.264,2.136,100.8,99.269,1.531,101.2,99.208,1.992,100,98.452,101,100.088,31.888,4746720,69.003,-0.188,-0.381,0.13,-0.253,0.076,-0.297
2026-07-02T14:45:00.000Z,50,49.304,45.774,42,41.11,41.716,99.4,97.635,1.765,99.8,98.396,1.404,100.2,98.72,1.48,100.6,98.885,1.715,100,98.16,1.84,100.4,98.598,1.802,100.8,99.425,1.375,101.2,99.185,2.015,100,98.625,101,99.597,31.758,4756950,69.274,-0.251,-0.366,0.14,-0.269,0.066,-0.294
2026-07-02T14:50:00.000Z,50,49.15,45.429,42,41.222,42.067,99.4,97.61,1.79,99.8,97.961,1.839,100.2,98.162,2.038,100.6,99.055,1.545,100,98.087,1.913,100.4,98.554,1.846,100.8,99.274,1.526,101.2,99.264,1.936,100,98.496,101,99.855,31.914,4767180,69.081,-0.189,-0.386,0.15,-0.25,0.056,-0.29
2026-07-02T14:55:00.000Z,50,48.882,45.897,42,41.205,42.828,99.4,98.044,1.356,99.8,97.758,2.042,100.2,98.802,1.398,100.6,99.185,1.415,100,98.643,1.357,100.4,98.992,1.408,100.8,99.35,1.45,101.2,99.497,1.703,100,98.784,101,99.498,31.898,4777410,69.561,-0.104,-0.371,0.16,-0.252,0.045,-0.286
2026-07-02T15:00:00.000Z,50,48.667,45.564,42,41.594,42.464,99.4,97.871,1.529,99.8,97.686,2.114,100.2,98.726,1.474,100.6,99.021,1.579,100,98.251,1.749,100.4,98.204,2.196,100.8,99.272,1.528,101.2,99.035,2.165,100,98.508,101,99.749,31.675,4787640,69.568,-0.119,-0.292,0.17,-0.279,0.034,-0.282
2026-07-02T15:05:00.000Z,50,48.915,46.616,42,41.443,42.83,99.4,97.716,1.684,99.8,98.358,1.442,100.2,98.505,1.695,100.6,98.603,1.997,100,98.565,1.435,100.4,98.847,1.553,100.8,99.206,1.594,101.2,99.069,2.131,100,98.609,101,99.608,31.717,4797870,70.061,-0.104,-0.322,0.179,-0.274,0.024,-0.277
2026-07-02T15:10:00.000Z,50,49.314,46.046,42,41.275,42.802,99.4,97.765,1.635,99.8,98.296,1.504,100.2,98.792,1.408,100.6,98.901,1.699,100,98.658,1.342,100.4,98.771,1.629,100.8,98.777,2.023,101.2,99.095,2.105,100,98.632,101,99.572,31.645,4808100,69.218,-0.117,-0.231,0.188,-0.283,0.013,-0.272
2026-07-02T15:15:00.000Z,50,48.805,46.381,42,41.531,42.835,99.4,97.247,2.153,99.8,98.292,1.508,100.2,98.725,1.475,100.6,98.742,1.858,100,98.153,1.847,100.4,98.769,1.631,100.8,99.297,1.503,101.2,99.723,1.477,100,98.619,101,99.646,31.55,4818330,70.404,0.053,-0.284,0.196,-0.294,0.003,-0.267
2026-07-02T15:20:00.000Z,50,49.179,45.937,42,41.127,43.342,99.4,97.471,1.929,99.8,97.902,1.898,100.2,98.364,1.836,100.6,99.155,1.445,100,98.694,1.306,100.4,98.897,1.503,100.8,99.057,1.743,101.2,99.523,1.677,100,98.633,101,99.778,31.905,4828560,70.685,0.054,-0.29,0.204,-0.251,-0.008,-0.261
2026-07-02T15:25:00.000Z,50,48.638,46.713,42,41.486,43.07,99.4,97.286,2.114,99.8,98.061,1.739,100.2,98.558,1.642,100.6,98.98,1.62,100,98.122,1.878,100.4,98.897,1.503,100.8,99.349,1.451,101.2,99.915,1.285,100,98.646,101,99.411,31.565,4838790,69.723,0.091,-0.329,0.212,-0.292,-0.019,-0.255
2026-07-02T15:30:00.000Z,50,49.021,46.319,42,40.987,43.257,99.4,97.927,1.473,99.8,97.98,1.82,100.2,98.343,1.857,100.6,98.6,2,100,98.667,1.333,100.4,98.849,1.551,100.8,98.938,1.862,101.2,99.177,2.023,100,98.56,101,99.861,31.9,4849020,70.22,0.139,-0.303,0.219,-0.252,-0.029,-0.249
2026-07-02T15:35:00.000Z,50,48.966,46.623,42,41.042,43.201,99.4,97.299,2.101,99.8,98.21,1.59,100.2,98.899,1.301,100.6,98.926,1.674,100,98.613,1.387,100.4,98.758,1.642,100.8,99.096,1.704,101.2,99.912,1.288,100,98.714,101,99.75,31.982,4859250,70.91,0.129,-0.224,0.226,-0.242,-0.04,-0.243
2026-07-02T15:40:00.000Z,50,49.04,47.73,42,41.466,43.067,99.4,97.96,1.44,99.8,98.153,1.647,100.2,98.729,1.471,100.6,98.899,1.701,100,98.55,1.45,100.4,98.772,1.628,100.8,99.275,1.525,101.2,99.835,1.365,100,98.772,101,99.827,32.008,4869480,71.501,0.088,-0.177,0.233,-0.239,-0.051,-0.236
2026-07-02T15:45:00.000Z,50,48.82,47.68,42,41.372,43.317,99.4,97.453,1.947,99.8,97.766,2.034,100.2,98.846,1.354,100.6,98.707,1.893,100,98.604,1.396,100.4,98.326,2.074,100.8,99.542,1.258,101.2,99.861,1.339,100,98.638,101,99.366,32.05,4879710,70.913,0.2,-0.092,0.239,-0.234,-0.061,-0.229
2026-07-02T15:50:00.000Z,50,48.901,47.526,42,41.431,43.891,99.4,97.593,1.807,99.8,98.189,1.611,100.2,98.624,1.576,100.6,98.586,2.014,100,98.159,1.841,100.4,99.113,1.287,100.8,98.875,1.925,101.2,99.791,1.409,100,98.616,101,99.8,32.019,4889940,70.838,0.252,-0.091,0.245,-0.238,-0.072,-0.222
2026-07-02T15:55:00.000Z,50,48.714,47.36,42,41.324,43.627,99.4,97.762,1.638,99.8,98.146,1.654,100.2,98.393,1.807,100.6,98.947,1.653,100,98.632,1.368,100.4,99.235,1.165,100.8,99.461,1.339,101.2,99.91,1.29,100,98.811,101,99.368,31.752,4900170,71.394,0.294,-0.043,0.251,-0.27,-0.082,-0.214
2026-07-02T16:00:00.000Z,50,48.746,47.404,42,40.965,43.639,99.4,97.473,1.927,99.8,98.053,1.747,100.2,98.929,1.271,100.6,99.071,1.529,100,98.603,1.397,100.4,98.862,1.538,100.8,99.565,1.235,101.2,99.354,1.846,100,98.739,101,99.735,31.919,4910400,72.417,0.245,-0.07,0.256,-0.25,-0.092,-0.206
2026-07-02T16:05:00.000Z,50,48.782,48.336,42,40.972,44.289,99.4,97.775,1.625,99.8,98.269,1.531,100.2,98.438,1.762,100.6,98.682,1.918,100,98.433,1.567,100.4,98.987,1.413,100.8,99.514,1.286,101.2,99.748,1.452,100,98.731,101,99.746,31.85,4920630,72.314,0.239,0.008,0.26,-0.258,-0.102,-0.198
2026-07-02T16:10:00.000Z,50,49.023,47.89,42,40.924,44.009,99.4,98.125,1.275,99.8,98.608,1.192,100.2,98.744,1.456,100.6,99.192,1.408,100,98.177,1.823,100.4,98.68,1.72,100.8,99.122,1.678,101.2,99.774,1.426,100,98.803,101,99.739,32.029,4930860,72.789,0.252,-0.032,0.264,-0.236,-0.112,-0.19
2026-07-02T16:15:00.000Z,50,49.025,49.139,42,41.192,44.175,99.4,97.496,1.904,99.8,98.067,1.733,100.2,98.977,1.223,100.6,99.352,1.248,100,98.392,1.608,100.4,98.91,1.49,100.8,99.08,1.72,101.2,99.921,1.279,100,98.774,101,99.204,32.018,4941090,72.561,0.242,-0.071,0.268,-0.238,-0.122,-0.181
2026-07-02T16:20:00.000Z,50,48.539,49.048,42,41.067,44.644,99.4,97.937,1.463,99.8,98.382,1.418,100.2,98.969,1.231,100.6,98.983,1.617,100,98.464,1.536,100.4,99.097,1.303,100.8,99.584,1.216,101.2,99.689,1.511,100,98.888,101,99.586,32.234,4951320,72.453,0.302,-0.033,0.271,-0.212,-0.132,-0.172
2026-07-02T16:25:00.000Z,50,48.815,48.673,42,40.934,44.707,99.4,97.908,1.492,99.8,98.75,1.05,100.2,99.107,1.093,100.6,99.573,1.027,100,98.757,1.243,100.4,98.779,1.621,100.8,99.458,1.342,101.2,99.894,1.306,100,99.028,101,99.409,31.849,4961550,73.358,0.4,0.013,0.274,-0.258,-0.142,-0.163
2026-07-02T16:30:00.000Z,50,48.456,49.046,42,41.085,44.527,99.4,98.402,0.998,99.8,98.055,1.745,100.2,98.704,1.496,100.6,99.159,1.441,100,98.825,1.175,100.4,99.058,1.342,100.8,99.267,1.533,101.2,99.779,1.421,100,98.906,101,99.498,32.073,4971780,73.488,0.443,0.036,0.276,-0.231,-0.151,-0.154
2026-07-02T16:35:00.000Z,50,49.036,49.417,42,41.105,45.04,99.4,98.427,0.973,99.8,98.064,1.736,100.2,98.826,1.374,100.6,99.588,1.012,100,98.704,1.296,100.4,99.008,1.392,100.8,99.191,1.609,101.2,100.213,0.987,100,99.003,101,99.159,32.078,4982010,73.169,0.343,0.161,0.278,-0.231,-0.16,-0.145
2026-07-02T16:40:00.000Z,50,49.004,49.236,42,41.147,44.842,99.4,98.039,1.361,99.8,98.275,1.525,100.2,98.849,1.351,100.6,99.034,1.566,100,98.76,1.24,100.4,99.182,1.218,100.8,99.808,0.992,101.2,100.216,0.984,100,99.02,101,99.676,32.001,4992240,73.87,0.355,0.061,0.279,-0.24,-0.17,-0.135
2026-07-02T16:45:00.000Z,50,48.835,49.994,42,41.297,45.22,99.4,97.825,1.575,99.8,98.494,1.306,100.2,99.031,1.169,100.6,99.175,1.425,100,99.122,0.878,100.4,98.648,1.752,100.8,99.88,0.92,101.2,99.808,1.392,100,98.998,101,99.259,31.98,5002470,73.994,0.338,0.197,0.28,-0.242,-0.179,-0.125
2026-07-02T16:50:00.000Z,50,48.486,49.479,42,41.01,45.434,99.4,97.816,1.584,99.8,98.936,0.864,100.2,98.504,1.696,100.6,99.199,1.401,100,99.046,0.954,100.4,98.675,1.725,100.8,99.606,1.194,101.2,100.02,1.18,100,98.975,101,99.603,32.024,5012700,74.829,0.349,0.189,0.28,-0.237,-0.187,-0.116
2026-07-02T16:55:00.000Z,50,48.872,50.563,42,41.416,45.142,99.4,98.318,1.082,99.8,98.678,1.122,100.2,98.82,1.38,100.6,99.777,0.823,100,98.868,1.132,100.4,99.381,1.019,100.8,99.973,0.827,101.2,99.904,1.296,100,99.215,101,99.59,32.388,5022930,74.549,0.431,0.244,0.28,-0.193,-0.196,-0.106
2026-07-02T17:00:00.000Z,50,48.344,50.616,42,41.074,45.762,99.4,97.982,1.418,99.8,98.209,1.591,100.2,98.567,1.633,100.6,99.102,1.498,100,99.134,0.866,100.4,99.165,1.235,100.8,99.172,1.628,101.2,100.092,1.108,100,98.928,101,99.363,32.471,5033160,74.64,0.392,0.138,0.279,-0.183,-0.204,-0.096
2026-07-02T17:05:00.000Z,50,48.394,50.118,42,41.413,45.768,99.4,97.901,1.499,99.8,98.514,1.286,100.2,99.091,1.109,100.6,99.088,1.512,100,98.6,1.4,100.4,99.552,0.848,100.8,99.711,1.089,101.2,100.288,0.912,100,99.093,101,99.337,32.058,5043390,74.75,0.433,0.292,0.278,-0.233,-0.212,-0.085
2026-07-02T17:10:00.000Z,50,48.512,50.461,42,41.11,45.63,99.4,98.2,1.2,99.8,98.626,1.174,100.2,99.039,1.161,100.6,99.502,1.098,100,98.818,1.182,100.4,98.943,1.457,100.8,99.943,0.857,101.2,100.022,1.178,100,99.137,101,99.114,32.123,5053620,74.995,0.381,0.282,0.276,-0.225,-0.22,-0.075
2026-07-02T17:15:00.000Z,50,48.634,50.655,42,41.275,45.487,99.4,98.338,1.062,99.8,98.935,0.865,100.2,98.943,1.257,100.6,99.64,0.96,100,98.671,1.329,100.4,99.194,1.206,100.8,100.051,0.749,101.2,99.568,1.632,100,99.168,101,99.525,32.307,5063850,75.697,0.525,0.287,0.274,-0.203,-0.228,-0.065
2026-07-02T17:20:00.000Z,50,48.717,50.291,42,41.31,46.043,99.4,97.913,1.487,99.8,98.79,1.01,100.2,99.018,1.182,100.6,99.074,1.526,100,98.398,1.602,100.4,99.569,0.831,100.8,99.801,0.999,101.2,100.22,0.98,100,99.098,101,99.495,32.479,5074080,75.848,0.389,0.247,0.272,-0.183,-0.235,-0.054
2026-07-02T17:25:00.000Z,50,48.508,51.261,42,41.067,46.399,99.4,98.695,0.705,99.8,98.88,0.92,100.2,99.275,0.925,100.6,99.793,0.807,100,98.664,1.336,100.4,99.492,0.908,100.8,99.258,1.542,101.2,100.281,0.919,100,99.292,101,99.542,32.145,5084310,74.972,0.409,0.289,0.268,-0.223,-0.242,-0.044
2026-07-02T17:30:00.000Z,50,48.432,50.299,42,40.937,46.063,99.4,97.993,1.407,99.8,98.766,1.034,100.2,99.403,0.797,100.6,99.639,0.961,100,99.255,0.745,100.4,99.068,1.332,100.8,99.967,0.833,101.2,100.224,0.976,100,99.289,101,99.165,32.481,5094540,75.063,0.379,0.277,0.265,-0.182,-0.249,-0.033
2026-07-02T17:35:00.000Z,50,48.349,50.499,42,40.96,45.886,99.4,98.137,1.263,99.8,98.28,1.52,100.2,99.187,1.013,100.6,99.45,1.15,100,99.258,0.742,100.4,98.834,1.566,100.8,100.119,0.681,101.2,100.043,1.157,100,99.164,101,99.237,32.326,5104770,75.301,0.373,0.265,0.261,-0.201,-0.256,-0.022
2026-07-02T17:40:00.000Z,50,48.506,51.462,42,41.018,45.993,99.4,98.131,1.269,99.8,98.675,1.125,100.2,99.294,0.906,100.6,99.431,1.169,100,99.209,0.791,100.4,99.595,0.805,100.8,100.007,0.793,101.2,99.934,1.266,100,99.284,101,99.337,32.405,5115000,75.849,0.421,0.382,0.256,-0.191,-0.262,-0.012
2026-07-02T17:45:00.000Z,50,48.553,50.554,42,40.812,46.273,99.4,98.327,1.073,99.8,98.74,1.06,100.2,98.677,1.523,100.6,99.686,0.914,100,98.653,1.347,100.4,99.371,1.029,100.8,99.758,1.042,101.2,100.225,0.975,100,99.18,101,99.343,32.325,5125230,75.304,0.453,0.418,0.252,-0.201,-0.268,-0.001
2026-07-02T17:50:00.000Z,50,48.315,51.229,42,41.049,45.924,99.4,98.258,1.142,99.8,98.791,1.009,100.2,98.689,1.511,100.6,99.706,0.894,100,98.8,1.2,100.4,99.147,1.253,100.8,99.868,0.932,101.2,99.965,1.235,100,99.153,101,99.3,32.639,5135460,76.299,0.338,0.432,0.246,-0.163,-0.274,0.01
2026-07-02T17:55:00.000Z,50,48.592,51.462,42,41.355,46.417,99.4,98.094,1.306,99.8,98.995,0.805,100.2,99.547,0.653,100.6,99.781,0.819,100,99.273,0.727,100.4,99.418,0.982,100.8,100.145,0.655,101.2,100.541,0.659,100,99.474,101,99.297,32.434,5145690,75.824,0.379,0.403,0.24,-0.188,-0.279,0.02
2026-07-02T18:00:00.000Z,50,48.941,50.635,42,40.874,46.273,99.4,98.11,1.29,99.8,98.686,1.114,100.2,99.387,0.813,100.6,99.583,1.017,100,98.995,1.005,100.4,99.608,0.792,100.8,99.766,1.034,101.2,99.655,1.545,100,99.224,101,99.301,32.575,5155920,76.013,0.376,0.372,0.234,-0.171,-0.284,0.031
2026-07-02T18:05:00.000Z,50,48.794,50.704,42,41.399,46.024,99.4,98.373,1.027,99.8,98.422,1.378,100.2,99.098,1.102,100.6,99.664,0.936,100,99.25,0.75,100.4,99.238,1.162,100.8,99.943,0.857,101.2,99.757,1.443,100,99.218,101,99.279,32.592,5166150,75.509,0.367,0.443,0.228,-0.169,-0.289,0.042
2026-07-02T18:10:00.000Z,50,48.891,50.714,42,40.939,45.998,99.4,98.189,1.211,99.8,98.327,1.473,100.2,98.688,1.512,100.6,99.051,1.549,100,98.786,1.214,100.4,99.314,1.086,100.8,99.479,1.321,101.2,99.747,1.453,100,98.948,101,99.28,32.283,5176380,75.869,0.386,0.359,0.221,-0.206,-0.293,0.052
2026-07-02T18:15:00.000Z,50,48.583,51.025,42,41.334,46.616,99.4,98.331,1.069,99.8,98.461,1.339,100.2,99.13,1.07,100.6,99.536,1.064,100,98.905,1.095,100.4,99.494,0.906,100.8,100.104,0.696,101.2,100.096,1.104,100,99.257,101,99.538,32.438,5186610,75.484,0.272,0.356,0.213,-0.187,-0.297,0.063
2026-07-02T18:20:00.000Z,50,48.84,50.399,42,40.834,46.547,99.4,98.175,1.225,99.8,98.676,1.124,100.2,99.289,0.911,100.6,99.439,1.161,100,99.307,0.693,100.4,99.534,0.866,100.8,99.531,1.269,101.2,100.332,0.868,100,99.285,101,99.331,32.568,5196840,75.229,0.3,0.415,0.206,-0.172,-0.301,0.073
2026-07-02T18:25:00.000Z,50,48.417,51.385,42,41.365,46.016,99.4,98.282,1.118,99.8,99.054,0.746,100.2,98.744,1.456,100.6,99.284,1.316,100,98.69,1.31,100.4,99.043,1.357,100.8,99.82,0.98,101.2,99.627,1.573,100,99.068,101,99.396,32.536,5207070,76.026,0.217,0.406,0.197,-0.176,-0.305,0.084
2026-07-02T18:30:00.000Z,50,48.48,51.02,42,41.304,45.769,99.4,98.426,0.974,99.8,98.382,1.418,100.2,99.391,0.809,100.6,99.647,0.953,100,98.87,1.13,100.4,99.359,1.041,100.8,99.878,0.922,101.2,99.79,1.41,100,99.218,101,99.456,32.141,5217300,75.484,0.188,0.477,0.189,-0.223,-0.308,0.094
2026-07-02T18:35:00.000Z,50,48.352,50.51,42,40.82,45.876,99.4,98.274,1.126,99.8,98.868,0.932,100.2,98.844,1.356,100.6,99.371,1.229,100,98.612,1.388,100.4,99.383,1.017,100.8,100.009,0.791,101.2,100.081,1.119,100,99.18,101,99.531,32.593,5227530,75.408,0.233,0.462,0.18,-0.169,-0.31,0.104
2026-07-02T18:40:00.000Z,50,48.881,50.877,42,41.039,46.29,99.4,98.081,1.319,99.8,98.468,1.332,100.2,98.99,1.21,100.6,99.053,1.547,100,98.458,1.542,100.4,99.314,1.086,100.8,99.924,0.876,101.2,100.38,0.82,100,99.083,101,99.18,32.363,5237760,75.415,0.112,0.396,0.171,-0.196,-0.313,0.114
2026-07-02T18:45:00.000Z,50,48.564,51.004,42,40.856,45.813,99.4,98.21,1.19,99.8,98.258,1.542,100.2,99.432,0.768,100.6,99.518,1.082,100,99.045,0.955,100.4,98.869,1.531,100.8,99.708,1.092,101.2,99.647,1.553,100,99.086,101,99.343,32.319,5247990,74.949,0.137,0.35,0.162,-0.202,-0.315,0.124
2026-07-02T18:50:00.000Z,50,48.66,49.995,42,41.364,45.997,99.4,98.224,1.176,99.8,98.976,0.824,100.2,98.987,1.213,100.6,99.065,1.535,100,98.79,1.21,100.4,98.865,1.535,100.8,99.29,1.51,101.2,100.364,0.836,100,99.07,101,99.135,32.109,5258220,75.088,0.17,0.457,0.152,-0.227,-0.317,0.134
2026-07-02T18:55:00.000Z,50,48.733,49.962,42,41.259,45.426,99.4,98.145,1.255,99.8,98.481,1.319,100.2,98.71,1.49,100.6,99.596,1.004,100,98.927,1.073,100.4,99.104,1.296,100.8,99.35,1.45,101.2,99.874,1.326,100,99.023,101,99.084,32.032,5268450,75.057,0.159,0.318,0.142,-0.236,-0.318,0.143
2026-07-02T19:00:00.000Z,50,48.417,50.04,42,41.312,45.814,99.4,98.26,1.14,99.8,98.503,1.297,100.2,99.379,0.821,100.6,98.908,1.692,100,99.2,0.8,100.4,98.83,1.57,100.8,99.567,1.233,101.2,99.75,1.45,100,99.05,101,99.473,32.191,5278680,74.431,-0.006,0.332,0.132,-0.217,-0.319,0.153
2026-07-02T19:05:00.000Z,50,48.767,50.247,42,41.351,45.153,99.4,98.401,0.999,99.8,98.877,0.923,100.2,99.381,0.819,100.6,99.043,1.557,100,98.697,1.303,100.4,99.489,0.911,100.8,99.566,1.234,101.2,99.885,1.315,100,99.167,101,99.469,31.986,5288910,74.11,0.065,0.368,0.122,-0.242,-0.32,0.162
2026-07-02T19:10:00.000Z,50,48.828,50.15,42,41.195,45.046,99.4,98.277,1.123,99.8,98.542,1.258,100.2,99.265,0.935,100.6,99.203,1.397,100,99.026,0.974,100.4,99.015,1.385,100.8,99.361,1.439,101.2,99.67,1.53,100,99.045,101,99.382,32.447,5299140,74.018,-0.016,0.339,0.111,-0.186,-0.32,0.171
2026-07-02T19:15:00.000Z,50,48.333,50.249,42,41.172,45.484,99.4,98.348,1.052,99.8,98.207,1.593,100.2,98.751,1.449,100.6,99.276,1.324,100,98.771,1.229,100.4,99.113,1.287,100.8,99.631,1.169,101.2,100.33,0.87,100,99.053,101,99.335,32.119,5309370,74.732,-0.034,0.344,0.1,-0.226,-0.32,0.18
2026-07-02T19:20:00.000Z,50,48.491,49.584,42,41.29,44.869,99.4,98.227,1.173,99.8,98.266,1.534,100.2,98.644,1.556,100.6,98.987,1.613,100,99.074,0.926,100.4,99.34,1.06,100.8,99.629,1.171,101.2,99.631,1.569,100,98.975,101,99.309,31.947,5319600,74.633,-0.06,0.281,0.089,-0.246,-0.32,0.188
2026-07-02T19:25:00.000Z,50,48.463,49.824,42,41.296,45.091,99.4,98.441,0.959,99.8,98.323,1.477,100.2,98.621,1.579,100.6,99.14,1.46,100,98.941,1.059,100.4,99.457,0.943,100.8,99.745,1.055,101.2,99.496,1.704,100,99.021,101,99.662,32.253,5329830,73.184,-0.077,0.285,0.078,-0.21,-0.319,0.197
2026-07-02T19:30:00.000Z,50,48.942,48.846,42,40.994,45.271,99.4,98.046,1.354,99.8,98.704,1.096,100.2,98.414,1.786,100.6,98.798,1.802,100,99.013,0.987,100.4,99.421,0.979,100.8,99.091,1.709,101.2,99.386,1.814,100,98.859,101,99.361,32.031,5340060,74.224,-0.044,0.252,0.067,-0.236,-0.318,0.205
2026-07-02T19:35:00.000Z,50,49.044,49.072,42,41.19,44.636,99.4,98.29,1.11,99.8,98.46,1.34,100.2,98.998,1.202,100.6,99.574,1.026,100,98.185,1.815,100.4,98.799,1.601,100.8,99.74,1.06,101.2,100.172,1.028,100,99.027,101,99.486,32.019,5350290,73.542,-0.128,0.26,0.055,-0.238,-0.316,0.213
2026-07-02T19:40:00.000Z,50,48.633,48.602,42,41.037,44.807,99.4,98.209,1.191,99.8,98.275,1.525,100.2,98.572,1.628,100.6,99.052,1.548,100,98.455,1.545,100.4,99.076,1.324,100.8,99.727,1.073,101.2,99.559,1.641,100,98.866,101,99.314,31.798,5360520,73.153,-0.18,0.234,0.044,-0.264,-0.314,0.22
2026-07-02T19:45:00.000Z,50,48.498,48.492,42,41.183,44.128,99.4,98.089,1.311,99.8,98.189,1.611,100.2,98.986,1.214,100.6,99.502,1.098,100,98.898,1.102,100.4,98.896,1.504,100.8,99.68,1.12,101.2,99.482,1.718,100,98.965,101,99.557,32.228,5370750,73.057,-0.13,0.179,0.032,-0.213,-0.312,0.228
2026-07-02T19:50:00.000Z,50,48.525,48.155,42,41.276,43.828,99.4,97.497,1.903,99.8,98.527,1.273,100.2,99.116,1.084,100.6,99.089,1.511,100,98.56,1.44,100.4,99.212,1.188,100.8,98.899,1.901,101.2,100.103,1.097,100,98.875,101,99.195,32.152,5380980,72.224,-0.164,0.168,0.021,-0.222,-0.31,0.235
2026-07-02T19:55:00.000Z,50,48.515,48.165,42,41.419,43.654,99.4,97.688,1.712,99.8,98.314,1.486,100.2,98.59,1.61,100.6,99.144,1.456,100,98.841,1.159,100.4,99.288,1.112,100.8,99.384,1.416,101.2,100.094,1.106,100,98.918,101,99.784,31.904,5391210,72.198,-0.245,0.181,0.009,-0.251,-0.307,0.242
2026-07-02T20:00:00.000Z,50,48.541,47.43,42,41.211,43.915,99.4,97.649,1.751,99.8,98.377,1.423,100.2,98.246,1.954,100.6,98.688,1.912,100,98.573,1.427,100.4,99.066,1.334,100.8,99.022,1.778,101.2,99.759,1.441,100,98.673,101,99.219,31.778,5401440,72.375,-0.277,0.148,-0.002,-0.267,-0.304,0.248
2026-07-02T20:05:00.000Z,50,48.695,47.651,42,41.231,43.923,99.4,98.096,1.304,99.8,98.016,1.784,100.2,98.715,1.485,100.6,99.096,1.504,100,98.459,1.541,100.4,98.433,1.967,100.8,99.573,1.227,101.2,99.847,1.353,100,98.779,101,99.313,31.842,5411670,71.873,-0.357,0.138,-0.014,-0.259,-0.3,0.254
2026-07-02T20:10:00.000Z,50,48.838,48.114,42,41.288,43.743,99.4,98.027,1.373,99.8,98.336,1.464,100.2,98.657,1.543,100.6,99.292,1.308,100,98.181,1.819,100.4,98.585,1.815,100.8,98.981,1.819,101.2,99.875,1.325,100,98.742,101,99.704,31.883,5421900,71.405,-0.307,0.159,-0.026,-0.254,-0.296,0.26
2026-07-02T20:15:00.000Z,50,48.562,47.326,42,41.23,43.766,99.4,97.737,1.663,99.8,98.314,1.486,100.2,98.466,1.734,100.6,98.812,1.788,100,98.141,1.859,100.4,98.553,1.847,100.8,99.399,1.401,101.2,99.44,1.76,100,98.608,101,99.533,31.604,5432130,71.821,-0.363,0.046,-0.037,-0.288,-0.292,0.266
2026-07-02T20:20:00.000Z,50,49.203,47.796,42,41.22,43.931,99.4,97.927,1.473,99.8,98.334,1.466,100.2,98.547,1.653,100.6,98.594,2.006,100,98.357,1.643,100.4,98.968,1.432,100.8,99.144,1.656,101.2,99.835,1.365,100,98.713,101,99.576,31.771,5442360,70.533,-0.321,0.123,-0.049,-0.267,-0.288,0.271
2026-07-02T20:25:00.000Z,50,48.906,46.451,42,40.999,42.878,99.4,97.436,1.964,99.8,98.493,1.307,100.2,98.751,1.449,100.6,99.056,1.544,100,98.044,1.956,100.4,98.441,1.959,100.8,99.071,1.729,101.2,99.587,1.613,100,98.61,101,99.465,32.02,5452590,71.239,-0.312,-0.031,-0.06,-0.238,-0.283,0.276
2026-07-02T20:30:00.000Z,50,48.606,46.814,42,41.528,42.829,99.4,97.67,1.73,99.8,97.976,1.824,100.2,98.814,1.386,100.6,99.126,1.474,100,98.494,1.506,100.4,98.875,1.525,100.8,98.854,1.946,101.2,99.213,1.987,100,98.628,101,99.855,31.73,5462820,70.613,-0.35,0.05,-0.072,-0.272,-0.278,0.281
2026-07-02T20:35:00.000Z,50,49.247,46.928,42,41.361,43.041,99.4,97.384,2.016,99.8,98.323,1.477,100.2,98.674,1.526,100.6,98.507,2.093,100,98.141,1.859,100.4,98.256,2.144,100.8,99.303,1.497,101.2,99.826,1.374,100,98.552,101,99.69,31.809,5473050,69.938,-0.429,-0.012,-0.083,-0.263,-0.272,0.285
2026-07-02T20:40:00.000Z,50,49.276,46.238,42,41.013,43.329,99.4,97.393,2.007,99.8,98.1,1.7,100.2,98.553,1.647,100.6,99.251,1.349,100,98.101,1.899,100.4,98.773,1.627,100.8,99.402,1.398,101.2,99.135,2.065,100,98.589,101,99.821,31.686,5483280,70.24,-0.418,0.034,-0.094,-0.278,-0.266,0.289
2026-07-02T20:45:00.000Z,50,48.823,45.82,42,41.304,42.649,99.4,98.083,1.317,99.8,98.167,1.633,100.2,98.242,1.958,100.6,98.99,1.61,100,98.218,1.782,100.4,98.921,1.479,100.8,99.381,1.419,101.2,99.354,1.846,100,98.67,101,99.876,31.894,5493510,70.406,-0.461,-0.006,-0.105,-0.253,-0.26,0.293
2026-07-02T20:50:00.000Z,50,48.894,46.485,42,41.545,42.259,99.4,97.267,2.133,99.8,98.039,1.761,100.2,98.661,1.539,100.6,98.871,1.729,100,98.394,1.606,100.4,98.748,1.652,100.8,99.394,1.406,101.2,99.442,1.758,100,98.602,101,99.716,31.961,5503740,68.903,-0.419,-0.165,-0.116,-0.245,-0.254,0.296
2026-07-02T20:55:00.000Z,50,48.984,45.748,42,41.45,42.756,99.4,97.995,1.405,99.8,98.121,1.679,100.2,98.361,1.839,100.6,98.742,1.858,100,98.079,1.921,100.4,98.844,1.556,100.8,98.664,2.136,101.2,99.775,1.425,100,98.573,101,99.906,31.717,5513970,69.029,-0.493,-0.098,-0.126,-0.274,-0.247,0.299
2026-07-02T21:00:00.000Z,50,49.346,46.343,42,41.602,42.397,99.4,97.683,1.717,99.8,98.231,1.569,100.2,98.235,1.965,100.6,99.063,1.537,100,98.415,1.585,100.4,98.217,2.183,100.8,98.805,1.995,101.2,99.623,1.577,100,98.534,101,99.952,31.761,5524200,68.486,-0.436,-0.114,-0.136,-0.269,-0.24,0.302
2026-07-02T21:05:00.000Z,50,49.108,45.306,42,41.125,41.912,99.4,97.873,1.527,99.8,98.201,1.599,100.2,98.138,2.062,100.6,99.02,1.58,100,98.243,1.757,100.4,99.05,1.35,100.8,99.456,1.344,101.2,99.461,1.739,100,98.68,101,99.499,31.64,5534430,69.41,-0.424,-0.111,-0.146,-0.283,-0.233,0.304
2026-07-02T21:10:00.000Z,50,48.997,45.028,42,41.447,42.194,99.4,97.188,2.212,99.8,98.074,1.726,100.2,98.169,2.031,100.6,99.109,1.491,100,97.846,2.154,100.4,98.932,1.468,100.8,98.894,1.906,101.2,99.148,2.052,100,98.42,101,100.039,31.776,5544660,68.451,-0.389,-0.26,-0.156,-0.267,-0.226,0.306
2026-07-02T21:15:00.000Z,50,49.361,44.926,42,41.262,41.99,99.4,97.267,2.133,99.8,98.005,1.795,100.2,98.48,1.72,100.6,98.943,1.657,100,98.011,1.989,100.4,98.193,2.207,100.8,99.412,1.388,101.2,99.428,1.772,100,98.467,101,99.98,31.561,5554890,68.052,-0.401,-0.179,-0.166,-0.293,-0.218,0.308
2026-07-02T21:20:00.000Z,50,48.949,45.999,42,41.405,42.117,99.4,97.645,1.755,99.8,97.792,2.008,100.2,98.46,1.74,100.6,98.94,1.66,100,97.968,2.032,100.4,98.304,2.096,100.8,99.06,1.74,101.2,99.194,2.006,100,98.42,101,99.792,31.895,5565120,69.077,-0.444,-0.226,-0.175,-0.253,-0.21,0.309
2026-07-02T21:25:00.000Z,50,49.397,44.82,42,41.466,41.536,99.4,97.973,1.427,99.8,97.865,1.935,100.2,98.492,1.708,100.6,98.5,2.1,100,98.495,1.505,100.4,98.485,1.915,100.8,99.343,1.457,101.2,99.417,1.783,100,98.571,101,100.094,31.6,5575350,68.518,-0.477,-0.255,-0.184,-0.288,-0.202,0.31
2026-07-02T21:30:00.000Z,50,49.095,45.456,42,41.172,42.37,99.4,97.917,1.483,99.8,97.817,1.983,100.2,98.201,1.999,100.6,98.76,1.84,100,98.547,1.453,100.4,98.281,2.119,100.8,99.246,1.554,101.2,99.782,1.418,100,98.569,101,100.129,31.622,5585580,68.262,-0.386,-0.286,-0.193,-0.285,-0.194,0.31
2026-07-02T21:35:00.000Z,50,49.363,45.084,42,41.631,42.358,99.4,97.933,1.467,99.8,98.084,1.716,100.2,98.182,2.018,100.6,99.02,1.58,100,98.653,1.347,100.4,98.914,1.486,100.8,99.29,1.51,101.2,99.659,1.541,100,98.717,101,99.909,31.847,5595810,67.974,-0.351,-0.25,-0.201,-0.258,-0.185,0.31
2026-07-02T21:40:00.000Z,50,49.398,44.852,42,41.213,42.051,99.4,97.438,1.962,99.8,98.2,1.6,100.2,98.287,1.913,100.6,98.458,2.142,100,98.538,1.462,100.4,98.975,1.425,100.8,98.766,2.034,101.2,99.435,1.765,100,98.512,101,100.15,31.967,5606040,68.8,-0.398,-0.297,-0.209,-0.244,-0.176,0.31
2026-07-02T21:45:00.000Z,50,49.345,45.239,42,41.242,42.155,99.4,97.702,1.698,99.8,98.213,1.587,100.2,98.456,1.744,100.6,98.5,2.1,100,97.871,2.129,100.4,98.323,2.077,100.8,99.191,1.609,101.2,99.875,1.325,100,98.516,101,100.253,31.979,5616270,67.628,-0.323,-0.313,-0.216,-0.242,-0.167,0.309
2026-07-02T21:50:00.000Z,50,49.374,45.112,42,41.417,41.934,99.4,97.435,1.965,99.8,97.899,1.901,100.2,98.713,1.487,100.6,98.499,2.101,100,98.61,1.39,100.4,99.019,1.381,100.8,98.715,2.085,101.2,99.896,1.304,100,98.598,101,100.113,32.071,5626500,67.492,-0.397,-0.373,-0.224,-0.231,-0.158,0.308
2026-07-02T21:55:00.000Z,50,49.03,45.377,42,41.492,41.634,99.4,97.383,2.017,99.8,98.319,1.481,100.2,98.422,1.778,100.6,99.014,1.586,100,98.639,1.361,100.4,99.103,1.297,100.8,99.205,1.595,101.2,99.858,1.342,100,98.743,101,99.85,32.19,5636730,67.393,-0.306,-0.348,-0.231,-0.217,-0.149,0.306
2026-07-02T22:00:00.000Z,50,49.028,45.44,42,41.598,41.596,99.4,97.861,1.539,99.8,98.331,1.469,100.2,98.572,1.628,100.6,98.608,1.992,100,98.342,1.658,100.4,98.629,1.771,100.8,99.222,1.578,101.2,99.673,1.527,100,98.655,101,100.093,32.037,5646960,68.009,-0.33,-0.429,-0.237,-0.236,-0.139,0.305
2026-07-02T22:05:00.000Z,50,49.522,45.379,42,41.278,41.718,99.4,98.076,1.324,99.8,97.847,1.953,100.2,98.985,1.215,100.6,99.267,1.333,100,98.121,1.879,100.4,99.135,1.265,100.8,98.842,1.958,101.2,99.567,1.633,100,98.73,101,99.852,32.138,5657190,67.996,-0.323,-0.389,-0.243,-0.223,-0.129,0.303
2026-07-02T22:10:00.000Z,50,49.248,44.588,42,41.857,42.269,99.4,97.458,1.942,99.8,98.488,1.312,100.2,98.756,1.444,100.6,98.656,1.944,100,98.323,1.677,100.4,98.76,1.64,100.8,99.537,1.263,101.2,99.445,1.755,100,98.678,101,100.154,32.028,5667420,68.425,-0.238,-0.417,-0.249,-0.237,-0.12,0.3
2026-07-02T22:15:00.000Z,50,49.239,45.142,42,41.634,41.369,99.4,97.614,1.786,99.8,98.432,1.368,100.2,98.354,1.846,100.6,99.38,1.22,100,98.509,1.491,100.4,98.787,1.613,100.8,99.145,1.655,101.2,100.117,1.083,100,98.792,101,100.062,32.088,5677650,67.667,-0.278,-0.374,-0.254,-0.229,-0.11,0.297
2026-07-02T22:20:00.000Z,50,49.378,44.731,42,41.595,41.413,99.4,97.736,1.664,99.8,98.686,1.114,100.2,98.359,1.841,100.6,98.986,1.614,100,98.777,1.223,100.4,99.367,1.033,100.8,99.429,1.371,101.2,99.584,1.616,100,98.866,101,100.006,32.095,5687880,67.704,-0.198,-0.371,-0.258,-0.229,-0.1,0.294
2026-07-02T22:25:00.000Z,50,49.663,45.714,42,41.837,41.993,99.4,97.719,1.681,99.8,98.091,1.709,100.2,99.235,0.965,100.6,99.068,1.532,100,98.22,1.78,100.4,98.973,1.427,100.8,99.026,1.774,101.2,99.449,1.751,100,98.723,101,100.257,32.459,5698110,68.412,-0.242,-0.335,-0.263,-0.185,-0.089,0.29
2026-07-02T22:30:00.000Z,50,49.205,45.331,42,41.798,42.195,99.4,97.98,1.42,99.8,98.532,1.268,100.2,99.172,1.028,100.6,99.217,1.383,100,98.502,1.498,100.4,98.984,1.416,100.8,99.698,1.102,101.2,99.591,1.609,100,98.959,101,99.95,32.371,5708340,68.817,-0.25,-0.349,-0.266,-0.195,-0.079,0.287
2026-07-02T22:35:00.000Z,50,49.797,45.529,42,41.537,41.974,99.4,98.176,1.224,99.8,98.383,1.417,100.2,98.934,1.266,100.6,99.163,1.437,100,99.148,0.852,100.4,99.386,1.014,100.8,99.244,1.556,101.2,99.868,1.332,100,99.038,101,100.219,32.178,5718570,68.867,-0.17,-0.465,-0.27,-0.219,-0.069,0.282
2026-07-02T22:40:00.000Z,50,49.242,45.406,42,41.469,41.678,99.4,97.928,1.472,99.8,98.155,1.645,100.2,99.389,0.811,100.6,99.096,1.504,100,98.869,1.131,100.4,99.211,1.189,100.8,99.325,1.475,101.2,99.842,1.358,100,98.977,101,100.412,32.389,5728800,67.945,-0.128,-0.366,-0.273,-0.193,-0.058,0.278
2026-07-02T22:45:00.000Z,50,49.273,44.969,42,41.504,41.924,99.4,97.889,1.511,99.8,98.373,1.427,100.2,99.259,0.941,100.6,99.297,1.303,100,98.966,1.034,100.4,99.659,0.741,100.8,99.62,1.18,101.2,100.208,0.992,100,99.159,101,100.309,32.783,5739030,68.46,-0.131,-0.393,-0.275,-0.146,-0.048,0.273
2026-07-02T22:50:00.000Z,50,49.384,45.763,42,41.834,41.992,99.4,98.679,0.721,99.8,98.27,1.53,100.2,98.998,1.202,100.6,99.564,1.036,100,98.877,1.123,100.4,98.914,1.486,100.8,99.39,1.41,101.2,99.723,1.477,100,99.052,101,100.357,32.623,5749260,68.551,-0.103,-0.455,-0.277,-0.165,-0.037,0.268
2026-07-02T22:55:00.000Z,50,49.472,45.577,42,41.826,42.632,99.4,98.816,0.584,99.8,98.716,1.084,100.2,99.317,0.883,100.6,99.878,0.722,100,98.728,1.272,100.4,99.347,1.053,100.8,99.941,0.859,101.2,100.547,0.653,100,99.411,101,100.402,32.8,5759490,69.566,-0.12,-0.489,-0.278,-0.144,-0.026,0.262
2026-07-02T23:00:00.000Z,50,49.37,45.703,42,41.653,42.504,99.4,98.075,1.325,99.8,99.182,0.618,100.2,98.893,1.307,100.6,99.545,1.055,100,98.705,1.295,100.4,99.131,1.269,100.8,99.952,0.848,101.2,100.091,1.109,100,99.197,101,100.499,32.74,5769720,69.285,-0.106,-0.426,-0.279,-0.151,-0.016,0.256
2026-07-02T23:05:00.000Z,50,49.601,45.92,42,41.956,42.762,99.4,98.662,0.738,99.8,98.617,1.183,100.2,99.115,1.085,100.6,99.343,1.257,100,99.284,0.716,100.4,99.789,0.611,100.8,100.31,0.49,101.2,99.904,1.296,100,99.378,101,100.466,32.66,5779950,69.471,0.028,-0.36,-0.28,-0.161,-0.005,0.25
2026-07-02T23:10:00.000Z,50,49.683,45.703,42,41.509,42.597,99.4,98.788,0.612,99.8,98.897,0.903,100.2,99.063,1.137,100.6,100.161,0.439,100,98.844,1.156,100.4,99.835,0.565,100.8,99.714,1.086,101.2,100.235,0.965,100,99.442,101,100.739,33.012,5790180,69.352,-0.013,-0.46,-0.28,-0.119,0.005,0.243
2026-07-02T23:15:00.000Z,50,49.804,46.332,42,41.942,42.935,99.4,98.79,0.61,99.8,99.016,0.784,100.2,99.56,0.64,100.6,100.164,0.436,100,98.977,1.023,100.4,99.525,0.875,100.8,100.234,0.566,101.2,100.653,0.547,100,99.615,101,100.649,33.073,5800410,70.437,-0.004,-0.368,-0.279,-0.111,0.016,0.237
2026-07-02T23:20:00.000Z,50,49.45,46.123,42,41.898,42.495,99.4,99.077,0.323,99.8,99.489,0.311,100.2,99.498,0.702,100.6,100.209,0.391,100,99.299,0.701,100.4,100.085,0.315,100.8,100.573,0.227,101.2,100.822,0.378,100,99.882,101,100.692,32.978,5810640,69.497,0.024,-0.391,-0.278,-0.123,0.027,0.23
2026-07-02T23:25:00.000Z,50,50.062,46.603,42,41.606,43.006,99.4,99.067,0.333,99.8,99.212,0.588,100.2,99.759,0.441,100.6,100.175,0.425,100,99.634,0.366,100.4,99.99,0.41,100.8,100.467,0.333,101.2,100.705,0.495,100,99.876,101,100.784,33.195,5820870,70.646,0.065,-0.394,-0.277,-0.097,0.037,0.222
2026-07-02T23:30:00.000Z,50,49.492,47.41,42,42.036,42.886,99.4,98.713,0.687,99.8,99.444,0.356,100.2,99.288,0.912,100.6,100.041,0.559,100,99.598,0.402,100.4,99.713,0.687,100.8,99.944,0.856,101.2,101.004,0.196,100,99.718,101,100.37,33.469,5831100,69.788,0.135,-0.325,-0.275,-0.064,0.048,0.215
2026-07-02T23:35:00.000Z,50,49.611,47.228,42,41.759,43.683,99.4,98.898,0.502,99.8,99.303,0.497,100.2,99.72,0.48,100.6,99.768,0.832,100,99.336,0.664,100.4,100.19,0.21,100.8,100.012,0.788,101.2,100.523,0.677,100,99.719,101,100.555,33.235,5841330,71.235,0.124,-0.289,-0.273,-0.092,0.058,0.207
2026-07-02T23:40:00.000Z,50,50.066,47.654,42,42.128,43.454,99.4,99.18,0.22,99.8,99.182,0.618,100.2,100.223,-0.023,100.6,100.423,0.177,100,100.096,-0.096,100.4,99.896,0.504,100.8,100.411,0.389,101.2,101.056,0.144,100,100.058,101,100.887,33.53,5851560,70.798,0.237,-0.284,-0.27,-0.056,0.069,0.199
2026-07-02T23:45:00.000Z,50,50.189,47.754,42,41.665,43.267,99.4,99.417,-0.017,99.8,99.236,0.564,100.2,100.35,-0.15,100.6,100.567,0.033,100,100.172,-0.172,100.4,99.746,0.654,100.8,100.253,0.547,101.2,101.051,0.149,100,100.099,101,100.599,33.891,5861790,70.945,0.144,-0.21,-0.266,-0.013,0.079,0.19
2026-07-02T23:50:00.000Z,50,49.755,48.039,42,42.133,43.362,99.4,99.084,0.316,99.8,99.295,0.505,100.2,99.592,0.608,100.6,100.031,0.569,100,100.277,-0.277,100.4,99.945,0.455,100.8,100.55,0.25,101.2,101.397,-0.197,100,100.021,101,100.556,33.791,5872020,71.875,0.2,-0.19,-0.263,-0.025,0.09,0.182
2026-07-02T23:55:00.000Z,50,49.639,47.399,42,42.002,44.303,99.4,99.616,-0.216,99.8,99.636,0.164,100.2,99.857,0.343,100.6,100.93,-0.33,100,100.093,-0.093,100.4,99.867,0.533,100.8,100.535,0.265,101.2,100.806,0.394,100,100.168,101,100.473,33.894,5882250,71.305,0.202,-0.291,-0.258,-0.013,0.1,0.173
2026-07-03T00:00:00.000Z,50,50.091,48.502,42,42.08,43.736,99.4,99.459,-0.059,99.8,99.815,-0.015,100.2,100.083,0.117,100.6,100.688,-0.088,100,100.27,-0.27,100.4,100.41,-0.01,100.8,100.563,0.237,101.2,101.079,0.121,100,100.296,101,100.517,33.807,5892480,71.796,0.227,-0.174,-0.254,-0.023,0.11,0.164
2026-07-03T00:05:00.000Z,50,49.846,47.597,42,42.13,43.783,99.4,99.172,0.228,99.8,99.677,0.123,100.2,100.049,0.151,100.6,100.757,-0.157,100,100.491,-0.491,100.4,100.583,-0.183,100.8,100.481,0.319,101.2,101.491,-0.291,100,100.338,101,100.797,34.213,5902710,72.196,0.294,-0.168,-0.248,0.026,0.12,0.155
2026-07-03T00:10:00.000Z,50,49.996,48.7,42,41.942,44.437,99.4,99.583,-0.183,99.8,99.85,-0.05,100.2,100.785,-0.585,100.6,100.63,-0.03,100,100.316,-0.316,100.4,100.827,-0.427,100.8,101.121,-0.321,101.2,101.071,0.129,100,100.523,101,101.061,33.974,5912940,73.022,0.37,-0.186,-0.243,-0.003,0.13,0.146
2026-07-03T00:15:00.000Z,50,50.179,47.986,42,41.925,44.608,99.4,99.831,-0.431,99.8,99.887,-0.087,100.2,100.034,0.166,100.6,101.12,-0.52,100,99.992,0.008,100.4,100.854,-0.454,100.8,101.164,-0.364,101.2,101.508,-0.308,100,100.549,101,101.033,34.222,5923170,72.939,0.403,-0.096,-0.237,0.027,0.139,0.136
2026-07-03T00:20:00.000Z,50,50.178,49.065,42,42.29,44.234,99.4,99.885,-0.485,99.8,100.496,-0.696,100.2,100.787,-0.587,100.6,101.109,-0.509,100,100.576,-0.576,100.4,100.923,-0.523,100.8,101.499,-0.699,101.2,101.684,-0.484,100,100.87,101,101.016,34.621,5933400,72.446,0.377,-0.213,-0.23,0.074,0.149,0.127
2026-07-03T00:25:00.000Z,50,50.134,49.38,42,42.021,44.89,99.4,99.478,-0.078,99.8,99.773,0.027,100.2,100.72,-0.52,100.6,101.3,-0.7,100,100.005,-0.005,100.4,101.186,-0.786,100.8,101.12,-0.32,101.2,101.258,-0.058,100,100.605,101,101.112,34.282,5943630,73.632,0.45,-0.082,-0.224,0.034,0.158,0.117
2026-07-03T00:30:00.000Z,50,50.355,49.093,42,41.93,45.029,99.4,99.511,-0.111,99.8,100.413,-0.613,100.2,100.976,-0.776,100.6,101.243,-0.643,100,100.061,-0.061,100.4,100.923,-0.523,100.8,101.707,-0.907,101.2,101.33,-0.13,100,100.771,101,101.042,34.812,5953860,72.9,0.336,-0.099,-0.216,0.097,0.167,0.107
2026-07-03T00:35:00.000Z,50,50.254,48.913,42,42.163,44.749,99.4,100.267,-0.867,99.8,99.997,-0.197,100.2,101.217,-1.017,100.6,101.226,-0.626,100,100.695,-0.695,100.4,101.103,-0.703,100.8,101.122,-0.322,101.2,101.57,-0.37,100,100.9,101,101.058,34.592,5964090,74.158,0.41,-0.115,-0.209,0.071,0.176,0.097
2026-07-03T00:40:00.000Z,50,50.333,49.8,42,42.245,44.988,99.4,99.974,-0.574,99.8,100.448,-0.648,100.2,100.441,-0.241,100.6,101.017,-0.417,100,100.69,-0.69,100.4,100.651,-0.251,100.8,101.255,-0.455,101.2,101.742,-0.542,100,100.777,101,101.102,34.719,5974320,74.444,0.483,0.04,-0.201,0.086,0.185,0.086
2026-07-03T00:45:00.000Z,50,50.197,49.795,42,42.369,45.229,99.4,99.813,-0.413,99.8,100.827,-1.027,100.2,100.632,-0.432,100.6,101.1,-0.5,100,100.508,-0.508,100.4,100.7,-0.3,100.8,101.287,-0.487,101.2,102.279,-1.079,100,100.893,101,101.278,34.925,5984550,74.741,0.397,0.055,-0.192,0.111,0.194,0.076
2026-07-03T00:50:00.000Z,50,50.207,50.163,42,41.905,44.906,99.4,99.928,-0.528,99.8,100.328,-0.528,100.2,100.97,-0.77,100.6,101.754,-1.154,100,101.074,-1.074,100.4,101.033,-0.633,100.8,101.426,-0.626,101.2,101.79,-0.59,100,101.038,101,101.006,34.908,5994780,74.159,0.362,-0.005,-0.184,0.109,0.202,0.066
2026-07-03T00:55:00.000Z,50,50.183,50.204,42,41.989,45.475,99.4,100.081,-0.681,99.8,100.361,-0.561,100.2,100.774,-0.574,100.6,101.712,-1.112,100,100.99,-0.99,100.4,100.968,-0.568,100.8,101.44,-0.64,101.2,102.379,-1.179,100,101.088,101,101.012,34.874,6005010,74.323,0.505,0.054,-0.175,0.105,0.21,0.055
2026-07-03T01:00:00.000Z,50,50.52,50.3,42,42.01,45.641,99.4,100.765,-1.365,99.8,101.05,-1.25,100.2,100.75,-0.55,100.6,101.448,-0.848,100,100.578,-0.578,100.4,101.211,-0.811,100.8,101.477,-0.677,101.2,102.376,-1.176,100,101.207,101,101.041,35.175,6015240,74.323,0.4,0.123,-0.166,0.141,0.218,0.045
2026-07-03T01:05:00.000Z,50,50.554,50.506,42,41.976,45.641,99.4,100.256,-0.856,99.8,100.521,-0.721,100.2,101.655,-1.455,100.6,101.728,-1.128,100,101.432,-1.432,100.4,101.399,-0.999,100.8,101.785,-0.985,101.2,101.814,-0.614,100,101.324,101,101.225,35.421,6025470,75.081,0.373,0.142,-0.156,0.171,0.226,0.034
2026-07-03T01:10:00.000Z,50,50.317,49.816,42,42.559,45.906,99.4,100.772,-1.372,99.8,101.309,-1.509,100.2,101.568,-1.368,100.6,101.27,-0.67,100,101.164,-1.164,100.4,101.799,-1.399,100.8,102.215,-1.415,101.2,102.372,-1.172,100,101.559,101,101.169,35.414,6035700,75.287,0.503,0.192,-0.146,0.17,0.233,0.023
2026-07-03T01:15:00.000Z,50,50.518,50.174,42,42.144,45.928,99.4,100.233,-0.833,99.8,100.983,-1.183,100.2,101.483,-1.283,100.6,101.774,-1.174,100,100.896,-0.896,100.4,101.792,-1.392,100.8,101.704,-0.904,101.2,102.476,-1.276,100,101.418,101,101.377,35.538,6045930,75.959,0.497,0.12,-0.136,0.185,0.241,0.013
2026-07-03T01:20:00.000Z,50,50.408,50.036,42,42.183,45.957,99.4,100.323,-0.923,99.8,100.619,-0.819,100.2,101.613,-1.413,100.6,101.717,-1.117,100,101.011,-1.011,100.4,101.609,-1.209,100.8,101.641,-0.841,101.2,102.831,-1.631,100,101.421,101,101.446,35.528,6056160,75.842,0.404,0.138,-0.126,0.183,0.247,0.002
2026-07-03T01:25:00.000Z,50,50.389,50.342,42,42.3,45.847,99.4,100.301,-0.901,99.8,100.819,-1.019,100.2,101.169,-0.969,100.6,101.725,-1.125,100,101.577,-1.577,100.4,102.029,-1.629,100.8,102.239,-1.439,101.2,102.492,-1.292,100,101.544,101,101.3,35.428,6066390,75.542,0.458,0.26,-0.115,0.171,0.254,-0.009
2026-07-03T01:30:00.000Z,50,50.384,50.322,42,42.374,45.96,99.4,100.759,-1.359,99.8,100.99,-1.19,100.2,101.772,-1.572,100.6,102.009,-1.409,100,101.189,-1.189,100.4,101.371,-0.971,100.8,102.219,-1.419,101.2,102.94,-1.74,100,101.656,101,101.094,35.651,6076620,76.359,0.389,0.16,-0.105,0.198,0.26,-0.019
2026-07-03T01:35:00.000Z,50,50.438,51.386,42,42.121,46.096,99.4,100.413,-1.013,99.8,101.607,-1.807,100.2,101.624,-1.424,100.6,101.925,-1.325,100,101.721,-1.721,100.4,101.488,-1.088,100.8,102.551,-1.751,101.2,102.684,-1.484,100,101.752,101,101.638,35.566,6086850,76.104,0.422,0.299,-0.094,0.188,0.266,-0.03
2026-07-03T01:40:00.000Z,50,50.508,51.318,42,42.63,45.923,99.4,101.089,-1.689,99.8,100.826,-1.026,100.2,102.031,-1.831,100.6,101.855,-1.255,100,101.182,-1.182,100.4,102.117,-1.717,100.8,102.254,-1.454,101.2,102.356,-1.156,100,101.714,101,101.609,35.854,6097080,76.164,0.467,0.285,-0.083,0.223,0.272,-0.041
2026-07-03T01:45:00.000Z,50,50.413,51.259,42,42.41,46.38,99.4,100.868,-1.468,99.8,101.254,-1.454,100.2,101.958,-1.758,100.6,101.997,-1.397,100,101.721,-1.721,100.4,101.891,-1.491,100.8,101.872,-1.072,101.2,102.82,-1.62,100,101.798,101,101.424,35.672,6107310,75.671,0.395,0.343,-0.071,0.201,0.278,-0.051
2026-07-03T01:50:00.000Z,50,50.469,51.273,42,42.12,46.09,99.4,101.152,-1.752,99.8,101.637,-1.837,100.2,101.48,-1.28,100.6,102.083,-1.483,100,101.376,-1.376,100.4,101.826,-1.426,100.8,102.326,-1.526,101.2,103.063,-1.863,100,101.868,101,101.471,36.062,6117540,75.994,0.402,0.29,-0.06,0.247,0.283,-0.062
2026-07-03T01:55:00.000Z,50,50.895,50.952,42,42.562,46.657,99.4,101.225,-1.825,99.8,101.173,-1.373,100.2,102.183,-1.983,100.6,102.592,-1.992,100,101.517,-1.517,100.4,101.78,-1.38,100.8,102.681,-1.881,101.2,102.382,-1.182,100,101.942,101,101.814,36.163,6127770,76.446,0.311,0.325,-0.049,0.26,0.288,-0.072
2026-07-03T02:00:00.000Z,50,50.983,50.52,42,42.198,46.366,99.4,101.211,-1.811,99.8,101.349,-1.549,100.2,101.904,-1.704,100.6,102.321,-1.721,100,102.008,-2.008,100.4,101.907,-1.507,100.8,102.098,-1.298,101.2,103.232,-2.032,100,102.004,101,101.799,36.164,6138000,76.515,0.405,0.257,-0.037,0.26,0.292,-0.082
2026-07-03T02:05:00.000Z,50,51.064,51.447,42,42.17,45.765,99.4,101.267,-1.867,99.8,101.736,-1.936,100.2,101.412,-1.212,100.6,101.956,-1.356,100,101.667,-1.667,100.4,102.229,-1.829,100.8,102.166,-1.366,101.2,103.239,-2.039,100,101.959,101,101.738,36.132,6148230,76.572,0.303,0.389,-0.025,0.256,0.296,-0.093
2026-07-03T02:10:00.000Z,50,50.855,51.203,42,42.398,46.408,99.4,100.968,-1.568,99.8,101.043,-1.243,100.2,101.491,-1.291,100.6,102.076,-1.476,100,101.446,-1.446,100.4,102.072,-1.672,100.8,102.177,-1.377,101.2,103.183,-1.983,100,101.807,101,101.671,35.997,6158460,75.919,0.343,0.394,-0.014,0.24,0.3,-0.103
2026-07-03T02:15:00.000Z,50,50.732,50.599,42,42.618,45.819,99.4,100.788,-1.388,99.8,101.484,-1.684,100.2,101.456,-1.256,100.6,102.618,-2.018,100,101.542,-1.542,100.4,101.836,-1.436,100.8,102.656,-1.856,101.2,102.486,-1.286,100,101.858,101,101.718,36.337,6168690,76.472,0.205,0.425,-0.002,0.28,0.304,-0.113
2026-07-03T02:20:00.000Z,50,51.15,50.59,42,42.381,46.567,99.4,101.258,-1.858,99.8,101.539,-1.739,100.2,102.03,-1.83,100.6,102.479,-1.879,100,101.511,-1.511,100.4,102.328,-1.928,100.8,102.429,-1.629,101.2,102.817,-1.617,100,102.049,101,101.56,36.163,6178920,75.204,0.301,0.342,0.009,0.26,0.307,-0.123
2026-07-03T02:25:00.000Z,50,51.088,51.409,42,42.32,45.932,99.4,101.387,-1.987,99.8,101.197,-1.397,100.2,102.328,-2.128,100.6,102.105,-1.505,100,101.799,-1.799,100.4,102.148,-1.748,100.8,102.28,-1.48,101.2,103.265,-2.065,100,102.064,101,101.454,36.018,6189150,76.28,0.284,0.46,0.021,0.242,0.31,-0.133
2026-07-03T02:30:00.000Z,50,50.721,51.147,42,42.693,45.954,99.4,101.323,-1.923,99.8,101.327,-1.527,100.2,101.706,-1.506,100.6,102.403,-1.803,100,101.715,-1.715,100.4,101.8,-1.4,100.8,102.696,-1.896,101.2,103.096,-1.896,100,102.008,101,101.916,36.046,6199380,75.291,0.186,0.353,0.033,0.246,0.312,-0.142
2026-07-03T02:35:00.000Z,50,51.136,51.096,42,42.855,46.402,99.4,100.781,-1.381,99.8,101.333,-1.533,100.2,102.242,-2.042,100.6,101.916,-1.316,100,102.024,-2.024,100.4,102.105,-1.705,100.8,102.715,-1.915,101.2,103.235,-2.035,100,102.044,101,101.762,36.125,6209610,75.062,0.206,0.479,0.044,0.255,0.314,-0.152
2026-07-03T02:40:00.000Z,50,51.249,50.816,42,42.306,45.923,99.4,101.3,-1.9,99.8,101.902,-2.102,100.2,102.307,-2.107,100.6,102.38,-1.78,100,102.035,-2.035,100.4,102.15,-1.75,100.8,102.898,-2.098,101.2,103.245,-2.045,100,102.277,101,101.783,36.354,6219840,75.604,0.094,0.344,0.056,0.282,0.316,-0.161
2026-07-03T02:45:00.000Z,50,51.236,50.02,42,42.736,46.236,99.4,100.742,-1.342,99.8,101.153,-1.353,100.2,102.111,-1.911,100.6,102.412,-1.812,100,101.743,-1.743,100.4,101.762,-1.362,100.8,102.518,-1.718,101.2,103.067,-1.867,100,101.939,101,102.018,36.279,6230070,75.05,0.038,0.34,0.067,0.273,0.318,-0.17
2026-07-03T02:50:00.000Z,50,51.221,50.831,42,42.838,45.916,99.4,100.933,-1.533,99.8,101.406,-1.606,100.2,102.022,-1.822,100.6,102.799,-2.199,100,102.06,-2.06,100.4,101.759,-1.359,100.8,102.432,-1.632,101.2,102.977,-1.777,100,102.048,101,101.848,36.13,6240300,74.565,0.031,0.396,0.078,0.256,0.319,-0.179
2026-07-03T02:55:00.000Z,50,50.946,50.475,42,42.44,45.932,99.4,100.8,-1.4,99.8,101.588,-1.788,100.2,101.95,-1.75,100.6,102.56,-1.96,100,101.508,-1.508,100.4,102.538,-2.138,100.8,102.867,-2.067,101.2,102.974,-1.774,100,102.098,101,102.04,36.351,6250530,74.483,0.121,0.349,0.09,0.282,0.32,-0.187
2026-07-03T03:00:00.000Z,50,50.821,49.683,42,42.571,45.613,99.4,101.003,-1.603,99.8,101.519,-1.719,100.2,101.736,-1.536,100.6,102.587,-1.987,100,102.208,-2.208,100.4,101.952,-1.552,100.8,102.626,-1.826,101.2,102.918,-1.718,100,102.069,101,101.602,36.188,6260760,74.661,0.08,0.422,0.101,0.263,0.32,-0.196
2026-07-03T03:05:00.000Z,50,50.748,50.461,42,42.763,45.38,99.4,101.368,-1.968,99.8,101.24,-1.44,100.2,101.772,-1.572,100.6,101.943,-1.343,100,101.901,-1.901,100.4,101.948,-1.548,100.8,102.619,-1.819,101.2,102.709,-1.509,100,101.938,101,101.644,36.434,6270990,74.02,-0.066,0.441,0.111,0.292,0.32,-0.204
2026-07-03T03:10:00.000Z,50,51.107,49.326,42,42.384,45.352,99.4,101.508,-2.108,99.8,101.297,-1.497,100.2,102.337,-2.137,100.6,102.803,-2.203,100,101.552,-1.552,100.4,101.832,-1.432,100.8,102.557,-1.757,101.2,103.298,-2.098,100,102.148,101,101.82,36.259,6281220,75.052,-0.005,0.372,0.122,0.271,0.32,-0.212
2026-07-03T03:15:00.000Z,50,51.385,50.103,42,42.691,44.953,99.4,101.006,-1.606,99.8,101.949,-2.149,100.2,101.593,-1.393,100.6,102.386,-1.786,100,101.395,-1.395,100.4,101.9,-1.5,100.8,102.928,-2.128,101.2,102.938,-1.738,100,102.012,101,101.777,36.135,6291450,74.325,-0.027,0.347,0.132,0.256,0.319,-0.219
2026-07-03T03:20:00.000Z,50,50.986,50.005,42,42.681,45.013,99.4,101.434,-2.034,99.8,101.15,-1.35,100.2,102.012,-1.812,100.6,102.448,-1.848,100,101.535,-1.535,100.4,101.935,-1.535,100.8,102.422,-1.622,101.2,102.969,-1.769,100,101.988,101,102.111,36.396,6301680,73.647,-0.179,0.405,0.142,0.288,0.318,-0.227
2026-07-03T03:25:00.000Z,50,51.399,49.601,42,42.529,44.707,99.4,100.913,-1.513,99.8,101.625,-1.825,100.2,102.328,-2.128,100.6,102.129,-1.529,100,102.145,-2.145,100.4,102.314,-1.914,100.8,102.762,-1.962,101.2,103.068,-1.868,100,102.16,101,101.906,36.438,6311910,73.682,-0.082,0.457,0.152,0.293,0.317,-0.234
2026-07-03T03:30:00.000Z,50,50.891,49.534,42,42.869,44.768,99.4,101.105,-1.705,99.8,101.469,-1.669,100.2,101.649,-1.449,100.6,102.596,-1.996,100,101.869,-1.869,100.4,102.255,-1.855,100.8,102.542,-1.742,101.2,103.062,-1.862,100,102.068,101,102.163,36.08,6322140,74.169,-0.08,0.394,0.162,0.25,0.315,-0.241
2026-07-03T03:35:00.000Z,50,51.311,48.502,42,42.646,45.068,99.4,101.171,-1.771,99.8,101.501,-1.701,100.2,102.192,-1.992,100.6,102.428,-1.828,100,101.422,-1.422,100.4,102.002,-1.602,100.8,102.072,-1.272,101.2,102.526,-1.326,100,101.914,101,102.16,36.424,6332370,73.261,-0.123,0.365,0.171,0.291,0.313,-0.247
2026-07-03T03:40:00.000Z,50,50.83,49.063,42,42.902,44.084,99.4,101.397,-1.997,99.8,101.146,-1.346,100.2,102.134,-1.934,100.6,102.533,-1.933,100,101.945,-1.945,100.4,102.014,-1.614,100.8,102.161,-1.361,101.2,102.417,-1.217,100,101.968,101,102.006,36.041,6342600,73.691,-0.256,0.383,0.181,0.245,0.31,-0.254
2026-07-03T03:45:00.000Z,50,51.049,48.368,42,42.985,44.917,99.4,100.98,-1.58,99.8,101.864,-2.064,100.2,102.101,-1.901,100.6,102.402,-1.802,100,101.217,-1.217,100.4,101.636,-1.236,100.8,102.432,-1.632,101.2,102.756,-1.556,100,101.923,101,102.204,35.992,6352830,72.114,-0.163,0.267,0.189,0.239,0.308,-0.26
2026-07-03T03:50:00.000Z,50,51.363,48.042,42,42.464,44.618,99.4,101.085,-1.685,99.8,101.27,-1.47,100.2,101.654,-1.454,100.6,102.191,-1.591,100,101.267,-1.267,100.4,101.587,-1.187,100.8,102.117,-1.317,101.2,102.374,-1.174,100,101.693,101,101.807,36.003,6363060,71.823,-0.254,0.355,0.198,0.24,0.304,-0.265
2026-07-03T03:55:00.000Z,50,50.875,48.044,42,42.676,44.606,99.4,100.582,-1.182,99.8,101.658,-1.858,100.2,102.071,-1.871,100.6,102.038,-1.438,100,101.344,-1.344,100.4,102.024,-1.624,100.8,102.8,-2,101.2,102.421,-1.221,100,101.867,101,101.842,36.041,6373290,72.457,-0.264,0.359,0.206,0.245,0.301,-0.271
2026-07-03T04:00:00.000Z,50,51.426,48.213,42,42.97,44.263,99.4,101.191,-1.791,99.8,101.302,-1.502,100.2,101.996,-1.796,100.6,101.776,-1.176,100,101.62,-1.62,100.4,102.243,-1.843,100.8,102.105,-1.305,101.2,102.557,-1.357,100,101.849,101,102.058,36.154,6383520,71.507,-0.347,0.277,0.214,0.258,0.297,-0.276
2026-07-03T04:05:00.000Z,50,51.033,47.583,42,42.934,43.913,99.4,100.856,-1.456,99.8,101.15,-1.35,100.2,102.119,-1.919,100.6,101.762,-1.162,100,101.108,-1.108,100.4,102.099,-1.699,100.8,102.472,-1.672,101.2,102.863,-1.663,100,101.804,101,102.315,36.068,6393750,72.287,-0.288,0.316,0.221,0.248,0.293,-0.281
2026-07-03T04:10:00.000Z,50,51.412,47.451,42,43.003,43.914,99.4,101.351,-1.951,99.8,101.174,-1.374,100.2,101.346,-1.146,100.6,102.084,-1.484,100,101.884,-1.884,100.4,102.104,-1.704,100.8,102.555,-1.755,101.2,102.377,-1.177,100,101.859,101,102.206,35.944,6403980,72.091,-0.402,0.194,0.228,0.233,0.289,-0.285
2026-07-03T04:15:00.000Z,50,51.52,47.063,42,42.753,43.777,99.4,101.07,-1.67,99.8,101.358,-1.558,100.2,101.361,-1.161,100.6,102.266,-1.666,100,101.186,-1.186,100.4,101.513,-1.113,100.8,101.938,-1.138,101.2,102.446,-1.246,100,101.642,101,102.295,36.082,6414210,71.641,-0.347,0.197,0.234,0.25,0.284,-0.289
2026-07-03T04:20:00.000Z,50,51.328,46.724,42,42.717,43.45,99.4,100.806,-1.406,99.8,101.22,-1.42,100.2,101.491,-1.291,100.6,101.786,-1.186,100,101.829,-1.829,100.4,101.689,-1.289,100.8,101.839,-1.039,101.2,102.214,-1.014,100,101.609,101,102.19,35.787,6424440,70.853,-0.398,0.278,0.241,0.214,0.279,-0.293
2026-07-03T04:25:00.000Z,50,51.124,46.502,42,42.532,42.819,99.4,100.974,-1.574,99.8,101.157,-1.357,100.2,101.613,-1.413,100.6,102.022,-1.422,100,101.715,-1.715,100.4,101.484,-1.084,100.8,102.05,-1.25,101.2,103.018,-1.818,100,101.754,101,102.338,36.063,6434670,70.316,-0.36,0.253,0.246,0.248,0.273,-0.296
2026-07-03T04:30:00.000Z,50,51.266,47.042,42,42.593,42.987,99.4,101.16,-1.76,99.8,100.852,-1.052,100.2,101.516,-1.316,100.6,102.414,-1.814,100,101.666,-1.666,100.4,102.235,-1.835,100.8,102.281,-1.481,101.2,102.87,-1.67,100,101.874,101,102.415,35.789,6444900,69.864,-0.455,0.184,0.252,0.215,0.268,-0.299
2026-07-03T04:35:00.000Z,50,51.206,46.813,42,42.544,42.609,99.4,100.686,-1.286,99.8,101.007,-1.207,100.2,101.994,-1.794,100.6,101.528,-0.928,100,101.346,-1.346,100.4,101.343,-0.943,100.8,102.486,-1.686,101.2,102.91,-1.71,100,101.663,101,102.317,35.698,6455130,70.565,-0.386,0.059,0.257,0.204,0.262,-0.302
2026-07-03T04:40:00.000Z,50,51.249,46.197,42,42.882,42.722,99.4,100.709,-1.309,99.8,101.459,-1.659,100.2,101.408,-1.208,100.6,102.049,-1.449,100,101.476,-1.476,100.4,101.756,-1.356,100.8,102.288,-1.488,101.2,102.248,-1.048,100,101.674,101,102.213,35.867,6465360,69.554,-0.433,0.14,0.261,0.224,0.255,-0.304
2026-07-03T04:45:00.000Z,50,50.984,46.252,42,43.08,42.739,99.4,100.99,-1.59,99.8,101.495,-1.695,100.2,101.619,-1.419,100.6,101.799,-1.199,100,100.882,-0.882,100.4,101.651,-1.251,100.8,102.219,-1.419,101.2,102.385,-1.185,100,101.63,101,102.061,35.954,6475590,70.351,-0.383,0.094,0.265,0.234,0.249,-0.306
2026-07-03T04:50:00.000Z,50,51.626,45.753,42,42.626,42.95,99.4,100.748,-1.348,99.8,101.04,-1.24,100.2,101.153,-0.953,100.6,101.941,-1.341,100,101.419,-1.419,100.4,101.857,-1.457,100.8,101.676,-0.876,101.2,102.136,-0.936,100,101.496,101,102.172,35.738,6485820,69.116,-0.416,0.073,0.269,0.209,0.242,-0.307
2026-07-03T04:55:00.000Z,50,51.295,46.432,42,42.599,42.33,99.4,100.829,-1.429,99.8,101.091,-1.291,100.2,101.406,-1.206,100.6,101.647,-1.047,100,101.016,-1.016,100.4,101.75,-1.35,100.8,102.051,-1.251,101.2,102.212,-1.012,100,101.5,101,102.538,35.87,6496050,69.86,-0.497,-0.002,0.272,0.224,0.235,-0.309
2026-07-03T05:00:00.000Z,50,51.096,45.98,42,42.771,42.383,99.4,100.378,-0.978,99.8,101.411,-1.611,100.2,101.634,-1.434,100.6,101.72,-1.12,100,100.92,-0.92,100.4,101.289,-0.889,100.8,101.689,-0.889,101.2,102.375,-1.175,100,101.427,101,102.237,35.884,6506280,69.413,-0.401,-0.023,0.274,0.226,0.228,-0.309
2026-07-03T05:05:00.000Z,50,51.15,45.208,42,42.771,42.101,99.4,100.251,-0.851,99.8,101.04,-1.24,100.2,101.373,-1.173,100.6,101.894,-1.294,100,101.222,-1.222,100.4,101.205,-0.805,100.8,102.228,-1.428,101.2,102.454,-1.254,100,101.458,101,102.219,35.523,6516510,68.988,-0.381,-0.02,0.276,0.183,0.22,-0.31
2026-07-03T05:10:00.000Z,50,51.207,45.129,42,42.715,42.307,99.4,100.846,-1.446,99.8,101.156,-1.356,100.2,101.038,-0.838,100.6,102.04,-1.44,100,101.495,-1.495,100.4,101.55,-1.15,100.8,102.206,-1.406,101.2,102.401,-1.201,100,101.592,101,102.379,35.486,6526740,68.747,-0.526,-0.041,0.278,0.178,0.212,-0.31
2026-07-03T05:15:00.000Z,50,51.54,45.202,42,42.831,42.655,99.4,100.165,-0.765,99.8,101.012,-1.212,100.2,101.536,-1.336,100.6,102.169,-1.569,100,101.508,-1.508,100.4,101.386,-0.986,100.8,102.013,-1.213,101.2,102.739,-1.539,100,101.566,101,102.147,35.602,6536970,68.99,-0.442,-0.042,0.279,0.192,0.204,-0.31
2026-07-03T05:20:00.000Z,50,51.33,45.761,42,42.87,42.104,99.4,100.18,-0.78,99.8,100.622,-0.822,100.2,101.149,-0.949,100.6,102.054,-1.454,100,101.571,-1.571,100.4,101.818,-1.418,100.8,102.063,-1.263,101.2,102.173,-0.973,100,101.454,101,102.282,35.482,6547200,68.934,-0.495,-0.13,0.28,0.178,0.196,-0.309
2026-07-03T05:25:00.000Z,50,51.498,45.812,42,43.112,42.524,99.4,100.291,-0.891,99.8,100.613,-0.813,100.2,101.013,-0.813,100.6,101.972,-1.372,100,101.49,-1.49,100.4,101.319,-0.919,100.8,101.707,-0.907,101.2,102.432,-1.232,100,101.355,101,102.539,35.744,6557430,69.064,-0.474,-0.197,0.28,0.209,0.187,-0.308
2026-07-03T05:30:00.000Z,50,51.142,45.448,42,42.863,42.067,99.4,100.698,-1.298,99.8,101.171,-1.371,100.2,101.051,-0.851,100.6,101.596,-0.996,100,100.777,-0.777,100.4,101.946,-1.546,100.8,102.35,-1.55,101.2,102.494,-1.294,100,101.51,101,102.337,35.848,6567660,68.133,-0.416,-0.104,0.28,0.222,0.178,-0.307
2026-07-03T05:35:00.000Z,50,51.602,44.712,42,43.122,41.576,99.4,100.25,-0.85,99.8,101.113,-1.313,100.2,101.622,-1.422,100.6,101.536,-0.936,100,101.354,-1.354,100.4,101.448,-1.048,100.8,101.844,-1.044,101.2,102.637,-1.437,100,101.475,101,102.429,35.404,6577890,67.573,-0.413,-0.105,0.279,0.168,0.169,-0.305
2026-07-03T05:40:00.000Z,50,51.083,44.635,42,42.706,42.341,99.4,100.294,-0.894,99.8,100.711,-0.911,100.2,101.628,-1.428,100.6,101.795,-1.195,100,100.924,-0.924,100.4,101.839,-1.439,100.8,102.359,-1.559,101.2,102.133,-0.933,100,101.46,101,102.194,35.462,6588120,68.333,-0.36,-0.142,0.278,0.175,0.16,-0.303
2026-07-03T05:45:00.000Z,50,51.189,44.463,42,43.029,42.325,99.4,100.642,-1.242,99.8,100.893,-1.093,100.2,101.58,-1.38,100.6,101.526,-0.926,100,101.055,-1.055,100.4,101.676,-1.276,100.8,102.224,-1.424,101.2,102.75,-1.55,100,101.543,101,102.493,35.51,6598350,67.807,-0.407,-0.286,0.276,0.181,0.151,-0.3
2026-07-03T05:50:00.000Z,50,51.189,44.717,42,42.623,42.098,99.4,100.749,-1.349,99.8,101.043,-1.243,100.2,101.063,-0.863,100.6,101.457,-0.857,100,100.715,-0.715,100.4,101.844,-1.444,100.8,102.194,-1.394,101.2,102.007,-0.807,100,101.384,101,102.011,35.843,6608580,68.42,-0.414,-0.215,0.274,0.221,0.141,-0.298
2026-07-03T05:55:00.000Z,50,51.241,45.064,42,42.846,42.063,99.4,100.641,-1.241,99.8,100.561,-0.761,100.2,100.904,-0.704,100.6,101.575,-0.975,100,101.484,-1.484,100.4,101.767,-1.367,100.8,101.486,-0.686,101.2,101.861,-0.661,100,101.285,101,102.116,35.518,6618810,67.755,-0.378,-0.325,0.271,0.182,0.132,-0.294
2026-07-03T06:00:00.000Z,50,51.536,44.641,42,43.099,41.369,99.4,100.777,-1.377,99.8,101.132,-1.332,100.2,101.141,-0.941,100.6,101.842,-1.242,100,100.846,-0.846,100.4,101.451,-1.051,100.8,101.856,-1.056,101.2,102.314,-1.114,100,101.42,101,102.271,35.432,6629040,68.578,-0.319,-0.334,0.268,0.172,0.122,-0.291
2026-07-03T06:05:00.000Z,50,51.332,45.427,42,42.633,41.665,99.4,100.504,-1.104,99.8,101.322,-1.522,100.2,101.413,-1.213,100.6,102.068,-1.468,100,100.692,-0.692,100.4,101.204,-0.804,100.8,101.756,-0.956,101.2,102.112,-0.912,100,101.384,101,102.24,35.585,6639270,68.409,-0.338,-0.33,0.264,0.19,0.112,-0.287
2026-07-03T06:10:00.000Z,50,51.335,45.107,42,42.791,41.58,99.4,100.186,-0.786,99.8,100.843,-1.043,100.2,100.942,-0.742,100.6,101.922,-1.322,100,100.913,-0.913,100.4,101.11,-0.71,100.8,101.482,-0.682,101.2,102.717,-1.517,100,101.264,101,102.215,35.418,6649500,68.181,-0.237,-0.271,0.26,0.17,0.102,-0.283
2026-07-03T06:15:00.000Z,50,51.345,44.835,42,43.047,41.59,99.4,100.109,-0.709,99.8,100.901,-1.101,100.2,101.323,-1.123,100.6,101.928,-1.328,100,100.95,-0.95,100.4,101.859,-1.459,100.8,102.259,-1.459,101.2,102.331,-1.131,100,101.458,101,102.076,35.815,6659730,67.502,-0.286,-0.367,0.255,0.218,0.092,-0.278
2026-07-03T06:20:00.000Z,50,51.503,45.117,42,42.625,41.973,99.4,100.102,-0.702,99.8,100.913,-1.113,100.2,101.351,-1.151,100.6,101.278,-0.678,100,100.754,-0.754,100.4,101.801,-1.401,100.8,102.203,-1.403,101.2,102.356,-1.156,100,101.345,101,102.207,35.641,6669960,68.399,-0.167,-0.392,0.251,0.197,0.082,-0.273
2026-07-03T06:25:00.000Z,50,51.339,45.596,42,42.764,42.349,99.4,100.381,-0.981,99.8,101.228,-1.428,100.2,101.551,-1.351,100.6,101.311,-0.711,100,101.398,-1.398,100.4,101.44,-1.04,100.8,101.506,-0.706,101.2,102.484,-1.284,100,101.412,101,102.544,35.603,6680190,68.173,-0.181,-0.335,0.245,0.192,0.071,-0.268
2026-07-03T06:30:00.000Z,50,51.392,45.153,42,42.772,41.647,99.4,100.198,-0.798,99.8,101.145,-1.345,100.2,101.448,-1.248,100.6,101.737,-1.137,100,101.209,-1.209,100.4,101.797,-1.397,100.8,101.585,-0.785,101.2,102.218,-1.018,100,101.417,101,102.11,35.733,6690420,68.757,-0.237,-0.392,0.239,0.208,0.061,-0.263
2026-07-03T06:35:00.000Z,50,51.539,44.711,42,42.725,41.702,99.4,100.246,-0.846,99.8,100.727,-0.927,100.2,101.216,-1.016,100.6,101.918,-1.318,100,101.435,-1.435,100.4,101.753,-1.353,100.8,101.584,-0.784,101.2,102.226,-1.026,100,101.388,101,102.344,35.58,6700650,68.382,-0.118,-0.423,0.233,0.19,0.05,-0.257
2026-07-03T06:40:00.000Z,50,51.061,45.358,42,43.126,42.374,99.4,100.702,-1.302,99.8,100.569,-0.769,100.2,101.215,-1.015,100.6,101.538,-0.938,100,101.503,-1.503,100.4,101.667,-1.267,100.8,102.032,-1.232,101.2,102.485,-1.285,100,101.464,101,102.227,35.584,6710880,68.323,-0.174,-0.368,0.226,0.19,0.04,-0.251
2026-07-03T06:45:00.000Z,50,51.225,45.802,42,42.716,42.62,99.4,100.495,-1.095,99.8,100.78,-0.98,100.2,101.235,-1.035,100.6,102.119,-1.519,100,101.432,-1.432,100.4,101.776,-1.376,100.8,102.414,-1.614,101.2,102.302,-1.102,100,101.569,101,102.072,35.592,6721110,68.46,-0.101,-0.375,0.219,0.191,0.029,-0.244
2026-07-03T06:50:00.000Z,50,51.039,46.049,42,42.808,42.067,99.4,100.485,-1.085,99.8,100.575,-0.775,100.2,101.534,-1.334,100.6,101.933,-1.333,100,101.344,-1.344,100.4,101.547,-1.147,100.8,101.726,-0.926,101.2,102.663,-1.463,100,101.476,101,102.368,35.621,6731340,68.966,-0.086,-0.446,0.212,0.195,0.018,-0.237
2026-07-03T06:55:00.000Z,50,51.083,45.257,42,42.881,42.087,99.4,100.553,-1.153,99.8,101.079,-1.279,100.2,101.625,-1.425,100.6,102.098,-1.498,100,101.667,-1.667,100.4,101.178,-0.778,100.8,102.015,-1.215,101.2,102.475,-1.275,100,101.586,101,102.445,35.933,6741570,68.991,-0.02,-0.371,0.204,0.232,0.008,-0.23
2026-07-03T07:00:00.000Z,50,51.643,46.216,42,42.765,42.33,99.4,101.089,-1.689,99.8,101.191,-1.391,100.2,101.485,-1.285,100.6,102.041,-1.441,100,101.343,-1.343,100.4,101.911,-1.511,100.8,102.326,-1.526,101.2,102.233,-1.033,100,101.702,101,102.323,35.546,6751800,68.892,-0.069,-0.468,0.196,0.185,-0.003,-0.223
2026-07-03T07:05:00.000Z,50,51.355,45.877,42,42.581,42.069,99.4,100.3,-0.9,99.8,100.907,-1.107,100.2,101.504,-1.304,100.6,101.786,-1.186,100,101.603,-1.603,100.4,102.092,-1.692,100.8,101.963,-1.163,101.2,102.825,-1.625,100,101.623,101,102.401,35.695,6762030,69.915,0.055,-0.377,0.187,0.203,-0.013,-0.216
2026-07-03T07:10:00.000Z,50,51.071,46.619,42,42.731,42.582,99.4,100.786,-1.386,99.8,101.342,-1.542,100.2,101.049,-0.849,100.6,101.844,-1.244,100,100.964,-0.964,100.4,101.828,-1.428,100.8,101.75,-0.95,101.2,102.378,-1.178,100,101.493,101,102.049,35.777,6772260,70.008,0.115,-0.494,0.178,0.213,-0.024,-0.208
2026-07-03T07:15:00.000Z,50,51.272,45.817,42,42.999,42.619,99.4,101.069,-1.669,99.8,100.945,-1.145,100.2,101.789,-1.589,100.6,102.29,-1.69,100,101.081,-1.081,100.4,102.034,-1.634,100.8,102.546,-1.746,101.2,102.078,-0.878,100,101.729,101,102.422,36.037,6782490,69.952,0.078,-0.34,0.169,0.244,-0.035,-0.2
2026-07-03T07:20:00.000Z,50,51.074,45.978,42,42.878,43.323,99.4,100.378,-0.978,99.8,101.277,-1.477,100.2,101.106,-0.906,100.6,101.762,-1.162,100,101.213,-1.213,100.4,102.189,-1.789,100.8,101.873,-1.073,101.2,102.416,-1.216,100,101.527,101,102.283,35.882,6792720,69.681,0.181,-0.367,0.16,0.226,-0.045,-0.191
2026-07-03T07:25:00.000Z,50,51.643,46.88,42,43.057,43.308,99.4,101.165,-1.765,99.8,101.121,-1.321,100.2,101.597,-1.397,100.6,101.703,-1.103,100,101.344,-1.344,100.4,101.631,-1.231,100.8,102.471,-1.671,101.2,102.972,-1.772,100,101.751,101,102.225,35.914,6802950,70.255,0.132,-0.477,0.15,0.23,-0.056,-0.183
2026-07-03T07:30:00.000Z,50,51.181,47.286,42,42.563,42.814,99.4,100.835,-1.435,99.8,100.817,-1.017,100.2,101.636,-1.436,100.6,101.585,-0.985,100,101.383,-1.383,100.4,101.805,-1.405,100.8,102.106,-1.306,101.2,102.163,-0.963,100,101.541,101,102.214,36.102,6813180,71.068,0.243,-0.422,0.14,0.252,-0.066,-0.174
2026-07-03T07:35:00.000Z,50,51.278,46.48,42,42.996,43.285,99.4,100.856,-1.456,99.8,100.884,-1.084,100.2,101.848,-1.648,100.6,102.296,-1.696,100,101.87,-1.87,100.4,101.879,-1.479,100.8,102.476,-1.676,101.2,102.853,-1.653,100,101.87,101,102.39,35.904,6823410,71.272,0.25,-0.406,0.13,0.229,-0.077,-0.165
2026-07-03T07:40:00.000Z,50,50.964,46.91,42,43.06,43.917,99.4,100.648,-1.248,99.8,101.444,-1.644,100.2,101.719,-1.519,100.6,102.476,-1.876,100,101.849,-1.849,100.4,102.16,-1.76,100.8,102.252,-1.452,101.2,102.281,-1.081,100,101.854,101,101.998,35.885,6833640,71.593,0.226,-0.367,0.12,0.226,-0.087,-0.156
2026-07-03T07:45:00.000Z,50,51.555,46.999,42,42.916,43.353,99.4,100.492,-1.092,99.8,101.096,-1.296,100.2,101.657,-1.457,100.6,102.003,-1.403,100,101.41,-1.41,100.4,101.429,-1.029,100.8,102.534,-1.734,101.2,102.643,-1.443,100,101.658,101,102.324,35.848,6843870,70.526,0.255,-0.403,0.109,0.222,-0.097,-0.147
2026-07-03T07:50:00.000Z,50,51.364,47.012,42,42.657,43.881,99.4,100.774,-1.374,99.8,101.286,-1.486,100.2,101.334,-1.134,100.6,102.23,-1.63,100,101.662,-1.662,100.4,101.969,-1.569,100.8,102.041,-1.241,101.2,102.932,-1.732,100,101.779,101,101.877,35.846,6854100,71.163,0.247,-0.383,0.098,0.222,-0.107,-0.137
2026-07-03T07:55:00.000Z,50,51.166,47.438,42,42.849,43.555,99.4,101.083,-1.683,99.8,101.387,-1.587,100.2,101.943,-1.743,100.6,102.503,-1.903,100,101.544,-1.544,100.4,101.629,-1.229,100.8,102.53,-1.73,101.2,103.083,-1.883,100,101.963,101,102.408,36.033,6864330,71.853,0.299,-0.347,0.087,0.244,-0.117,-0.128
2026-07-03T08:00:00.000Z,50,51.255,48.594,42,42.551,44.324,99.4,100.966,-1.566,99.8,101.774,-1.974,100.2,101.359,-1.159,100.6,101.854,-1.254,100,101.641,-1.641,100.4,101.76,-1.36,100.8,102.624,-1.824,101.2,103.132,-1.932,100,101.889,101,102.389,36.146,6874560,72.316,0.381,-0.326,0.076,0.257,-0.127,-0.118
2026-07-03T08:05:00.000Z,50,51.216,48.485,42,42.658,44.596,99.4,101.119,-1.719,99.8,101.255,-1.455,100.2,101.825,-1.625,100.6,102.349,-1.749,100,101.456,-1.456,100.4,101.843,-1.443,100.8,102.52,-1.72,101.2,102.763,-1.563,100,101.891,101,101.916,36.165,6884790,71.662,0.427,-0.252,0.065,0.26,-0.137,-0.108
2026-07-03T08:10:00.000Z,50,51.011,48.066,42,42.474,44.342,99.4,101.328,-1.928,99.8,101.452,-1.652,100.2,101.775,-1.575,100.6,101.952,-1.352,100,101.163,-1.163,100.4,101.617,-1.217,100.8,102.731,-1.931,101.2,102.693,-1.493,100,101.839,101,102.202,36.183,6895020,72.903,0.387,-0.225,0.053,0.262,-0.146,-0.098
2026-07-03T08:15:00.000Z,50,51.141,48.194,42,43.014,44.628,99.4,100.805,-1.405,99.8,101.484,-1.684,100.2,102.219,-2.019,100.6,102.071,-1.471,100,101.916,-1.916,100.4,101.63,-1.23,100.8,102.854,-2.054,101.2,102.626,-1.426,100,101.951,101,102.036,36.02,6905250,72.545,0.309,-0.349,0.042,0.242,-0.156,-0.087
2026-07-03T08:20:00.000Z,50,51.095,48.587,42,42.591,44.357,99.4,100.689,-1.289,99.8,101.063,-1.263,100.2,101.659,-1.459,100.6,102.442,-1.842,100,101.267,-1.267,100.4,102.272,-1.872,100.8,102.24,-1.44,101.2,102.712,-1.512,100,101.793,101,101.734,36.035,6915480,72.732,0.459,-0.25,0.03,0.244,-0.165,-0.077
2026-07-03T08:25:00.000Z,50,50.798,48.904,42,42.778,44.978,99.4,100.667,-1.267,99.8,101.611,-1.811,100.2,102.245,-2.045,100.6,102.325,-1.725,100,101.422,-1.422,100.4,102.092,-1.692,100.8,102.896,-2.096,101.2,102.477,-1.277,100,101.967,101,101.928,36.113,6925710,73.765,0.397,-0.258,0.018,0.254,-0.174,-0.067
2026-07-03T08:30:00.000Z,50,51.085,48.813,42,42.98,44.569,99.4,100.85,-1.45,99.8,101.678,-1.878,100.2,101.891,-1.691,100.6,102.045,-1.445,100,101.399,-1.399,100.4,102.358,-1.958,100.8,102.302,-1.502,101.2,103.12,-1.92,100,101.955,101,101.893,36.093,6935940,73.299,0.388,-0.24,0.007,0.251,-0.183,-0.056
2026-07-03T08:35:00.000Z,50,50.965,49.473,42,42.49,44.519,99.4,101.32,-1.92,99.8,101.762,-1.962,100.2,101.922,-1.722,100.6,102.265,-1.665,100,101.556,-1.556,100.4,102.027,-1.627,100.8,102.371,-1.571,101.2,102.722,-1.522,100,101.993,101,101.683,36.321,6946170,73.837,0.486,-0.163,-0.005,0.279,-0.192,-0.046
2026-07-03T08:40:00.000Z,50,51.259,48.979,42,42.611,45.1,99.4,101.067,-1.667,99.8,101.942,-2.142,100.2,101.548,-1.348,100.6,102.057,-1.457,100,101.78,-1.78,100.4,102.022,-1.622,100.8,102.415,-1.615,101.2,102.985,-1.785,100,101.977,101,101.705,36.109,6956400,74.611,0.375,-0.206,-0.017,0.253,-0.2,-0.035
2026-07-03T08:45:00.000Z,50,51.302,49.306,42,42.847,44.837,99.4,101.292,-1.892,99.8,101.877,-2.077,100.2,102.167,-1.967,100.6,102.626,-2.026,100,101.945,-1.945,100.4,102.592,-2.192,100.8,102.98,-2.18,101.2,103.109,-1.909,100,102.324,101,101.979,36.408,6966630,74.263,0.43,-0.15,-0.028,0.289,-0.208,-0.025
2026-07-03T08:50:00.000Z,50,50.875,49.737,42,42.848,44.853,99.4,101.554,-2.154,99.8,101.413,-1.613,100.2,101.51,-1.31,100.6,102.701,-2.101,100,102.101,-2.101,100.4,102.378,-1.978,100.8,102.806,-2.006,101.2,102.99,-1.79,100,102.182,101,101.876,36.386,6976860,74.18,0.459,-0.128,-0.04,0.286,-0.216,-0.014
2026-07-03T08:55:00.000Z,50,51.266,50.233,42,42.466,45.265,99.4,101.198,-1.798,99.8,101.266,-1.466,100.2,102.1,-1.9,100.6,102.74,-2.14,100,101.922,-1.922,100.4,101.8,-1.4,100.8,102.488,-1.688,101.2,102.974,-1.774,100,102.061,101,101.665,36.113,6987090,74.254,0.504,-0.158,-0.051,0.254,-0.224,-0.003
2026-07-03T09:00:00.000Z,50,51.295,49.765,42,42.519,45.469,99.4,100.752,-1.352,99.8,101.664,-1.864,100.2,101.755,-1.555,100.6,101.941,-1.341,100,101.672,-1.672,100.4,102.292,-1.892,100.8,102.412,-1.612,101.2,102.596,-1.396,100,101.886,101,102.066,36.291,6997320,75.148,0.482,-0.152,-0.063,0.275,-0.232,0.008
2026-07-03T09:05:00.000Z,50,50.737,50.425,42,42.783,46.123,99.4,101.147,-1.747,99.8,101.395,-1.595,100.2,101.74,-1.54,100.6,102.314,-1.714,100,101.866,-1.866,100.4,101.786,-1.386,100.8,102.364,-1.564,101.2,102.56,-1.36,100,101.897,101,101.898,36.47,7007550,75.485,0.484,-0.063,-0.074,0.296,-0.239,0.018
2026-07-03T09:10:00.000Z,50,51.21,49.849,42,42.886,45.742,99.4,100.965,-1.565,99.8,101.358,-1.558,100.2,102.261,-2.061,100.6,102.103,-1.503,100,101.467,-1.467,100.4,102.215,-1.815,100.8,102.547,-1.747,101.2,102.665,-1.465,100,101.948,101,101.539,36.108,7017780,75.756,0.401,-0.06,-0.085,0.253,-0.246,0.029
2026-07-03T09:15:00.000Z,50,50.897,51.058,42,42.474,45.598,99.4,101.453,-2.053,99.8,101.31,-1.51,100.2,102.008,-1.808,100.6,102.61,-2.01,100,101.764,-1.764,100.4,102.61,-2.21,100.8,102.923,-2.123,101.2,103.365,-2.165,100,102.255,101,101.724,36.428,7028010,75.202,0.466,-0.026,-0.096,0.291,-0.252,0.039
2026-07-03T09:20:00.000Z,50,51.228,50.626,42,42.72,45.594,99.4,100.945,-1.545,99.8,101.279,-1.479,100.2,102.106,-1.906,100.6,102.669,-2.069,100,102.111,-2.111,100.4,102.206,-1.806,100.8,102.887,-2.087,101.2,103.393,-2.193,100,102.2,101,101.833,35.999,7038240,76.069,0.384,0.009,-0.107,0.24,-0.259,0.05
2026-07-03T09:25:00.000Z,50,50.754,50.685,42,42.394,45.816,99.4,100.978,-1.578,99.8,101.174,-1.374,100.2,102.022,-1.822,100.6,102.6,-2,100,101.937,-1.937,100.4,101.965,-1.565,100.8,102.859,-2.059,101.2,102.529,-1.329,100,102.008,101,101.841,36.469,7048470,76.079,0.47,0.067,-0.118,0.296,-0.265,0.061
2026-07-03T09:30:00.000Z,50,51.058,51.158,42,42.4,45.751,99.4,101.505,-2.105,99.8,101.194,-1.394,100.2,102.169,-1.969,100.6,102.56,-1.96,100,101.533,-1.533,100.4,101.843,-1.443,100.8,102.918,-2.118,101.2,103.018,-1.818,100,102.093,101,101.605,36.183,7058700,75.082,0.448,0.02,-0.128,0.262,-0.271,0.071
2026-07-03T09:35:00.000Z,50,50.933,50.497,42,42.719,45.732,99.4,101.112,-1.712,99.8,101.453,-1.653,100.2,101.804,-1.604,100.6,102.768,-2.168,100,101.285,-1.285,100.4,102.227,-1.827,100.8,102.845,-2.045,101.2,103.087,-1.887,100,102.073,101,101.487,36.256,7068930,76.065,0.381,0.071,-0.138,0.271,-0.276,0.081
2026-07-03T09:40:00.000Z,50,50.712,51.431,42,42.316,45.646,99.4,101.302,-1.902,99.8,101.886,-2.086,100.2,101.529,-1.329,100.6,101.929,-1.329,100,101.76,-1.76,100.4,102.239,-1.839,100.8,102.225,-1.425,101.2,102.741,-1.541,100,101.951,101,101.703,36.179,7079160,75.224,0.33,0.098,-0.148,0.261,-0.282,0.092
2026-07-03T09:45:00.000Z,50,50.602,51.325,42,42.276,45.658,99.4,100.654,-1.254,99.8,101.48,-1.68,100.2,102.273,-2.073,100.6,102.241,-1.641,100,101.869,-1.869,100.4,102.138,-1.738,100.8,102.126,-1.326,101.2,102.889,-1.689,100,101.959,101,101.735,36.135,7089390,75.964,0.401,0.131,-0.158,0.256,-0.286,0.102
2026-07-03T09:50:00.000Z,50,50.841,51.347,42,42.38,46.278,99.4,101.098,-1.698,99.8,101.483,-1.683,100.2,101.962,-1.762,100.6,102.475,-1.875,100,101.504,-1.504,100.4,101.681,-1.281,100.8,102.669,-1.869,101.2,102.782,-1.582,100,101.957,101,101.873,36.168,7099620,75.405,0.404,0.13,-0.168,0.26,-0.291,0.112
2026-07-03T09:55:00.000Z,50,50.961,51.046,42,42.329,45.823,99.4,100.927,-1.527,99.8,101.049,-1.249,100.2,101.652,-1.452,100.6,101.959,-1.359,100,101.81,-1.81,100.4,102.153,-1.753,100.8,102.088,-1.288,101.2,102.402,-1.202,100,101.755,101,101.396,35.848,7109850,76.12,0.284,0.171,-0.177,0.222,-0.295,0.122
2026-07-03T10:00:00.000Z,50,50.722,51.559,42,42.558,46.418,99.4,101.143,-1.743,99.8,101.318,-1.518,100.2,101.649,-1.449,100.6,102.571,-1.971,100,101.635,-1.635,100.4,101.577,-1.177,100.8,102.713,-1.913,101.2,102.893,-1.693,100,101.937,101,101.295,36.224,7120080,76.261,0.3,0.228,-0.186,0.267,-0.299,0.131
2026-07-03T10:05:00.000Z,50,50.845,51.07,42,42.146,45.912,99.4,100.82,-1.42,99.8,101.502,-1.702,100.2,101.761,-1.561,100.6,102.276,-1.676,100,101.542,-1.542,100.4,101.948,-1.548,100.8,102.805,-2.005,101.2,102.862,-1.662,100,101.94,101,101.642,35.847,7130310,76.322,0.25,0.241,-0.194,0.222,-0.303,0.141
2026-07-03T10:10:00.000Z,50,50.308,50.489,42,42.213,46.284,99.4,101.048,-1.648,99.8,101.514,-1.714,100.2,101.467,-1.267,100.6,102.4,-1.8,100,101.096,-1.096,100.4,101.828,-1.428,100.8,101.999,-1.199,101.2,102.45,-1.25,100,101.725,101,101.301,35.9,7140540,75.914,0.172,0.271,-0.203,0.228,-0.306,0.151
2026-07-03T10:15:00.000Z,50,50.955,51.348,42,42.366,46.066,99.4,101.04,-1.64,99.8,100.872,-1.072,100.2,101.722,-1.522,100.6,102.308,-1.708,100,101.162,-1.162,100.4,101.583,-1.183,100.8,102.486,-1.686,101.2,102.713,-1.513,100,101.736,101,101.666,36.06,7150770,76.252,0.167,0.284,-0.21,0.247,-0.309,0.16
2026-07-03T10:20:00.000Z,50,50.684,50.692,42,42.477,46.144,99.4,100.481,-1.081,99.8,101.61,-1.81,100.2,101.395,-1.195,100.6,101.895,-1.295,100,101.452,-1.452,100.4,101.644,-1.244,100.8,101.936,-1.136,101.2,102.708,-1.508,100,101.64,101,101.435,36.026,7161000,75.578,0.131,0.298,-0.218,0.243,-0.312,0.169
2026-07-03T10:25:00.000Z,50,50.256,51.18,42,42.55,45.687,99.4,101.146,-1.746,99.8,101.066,-1.266,100.2,101.557,-1.357,100.6,102.041,-1.441,100,101.14,-1.14,100.4,101.43,-1.03,100.8,102.417,-1.617,101.2,102.952,-1.752,100,101.719,101,101.373,35.749,7171230,76.364,0.141,0.245,-0.225,0.21,-0.314,0.178
2026-07-03T10:30:00.000Z,50,50.552,50.415,42,42.512,46.402,99.4,100.686,-1.286,99.8,100.899,-1.099,100.2,101.412,-1.212,100.6,102.167,-1.567,100,101.248,-1.248,100.4,101.429,-1.029,100.8,102.186,-1.386,101.2,102.493,-1.293,100,101.565,101,101.474,35.673,7181460,75.125,0.126,0.395,-0.232,0.201,-0.316,0.186
2026-07-03T10:35:00.000Z,50,50.366,50.688,42,42.147,46.401,99.4,100.65,-1.25,99.8,100.878,-1.078,100.2,101.289,-1.089,100.6,101.892,-1.292,100,101.573,-1.573,100.4,102.042,-1.642,100.8,102.089,-1.289,101.2,102.226,-1.026,100,101.58,101,101.627,35.807,7191690,75.296,0.082,0.345,-0.238,0.217,-0.317,0.195
2026-07-03T10:40:00.000Z,50,50.589,50.889,42,42.167,45.609,99.4,100.365,-0.965,99.8,101.289,-1.489,100.2,101.495,-1.295,100.6,102.212,-1.612,100,101.028,-1.028,100.4,101.555,-1.155,100.8,101.978,-1.178,101.2,102.11,-0.91,100,101.504,101,101.05,35.642,7201920,75.263,0.063,0.361,-0.244,0.197,-0.319,0.203
2026-07-03T10:45:00.000Z,50,50.675,50.554,42,42.354,46.254,99.4,100.366,-0.966,99.8,100.828,-1.028,100.2,100.94,-0.74,100.6,101.651,-1.051,100,101.352,-1.352,100.4,101.695,-1.295,100.8,101.925,-1.125,101.2,102.791,-1.591,100,101.444,101,101.066,35.559,7212150,75.773,0.109,0.372,-0.25,0.187,-0.319,0.211
2026-07-03T10:50:00.000Z,50,50.468,49.846,42,42.524,45.353,99.4,100.159,-0.759,99.8,101.112,-1.312,100.2,101.625,-1.425,100.6,101.608,-1.008,100,101.276,-1.276,100.4,101.143,-0.743,100.8,101.768,-0.968,101.2,102.294,-1.094,100,101.373,101,101.473,35.203,7222380,74.809,0.001,0.342,-0.255,0.144,-0.32,0.219
2026-07-03T10:55:00.000Z,50,50.466,50.702,42,42.259,45.663,99.4,100.653,-1.253,99.8,100.757,-0.957,100.2,101.434,-1.234,100.6,101.583,-0.983,100,101.187,-1.187,100.4,101.159,-0.759,100.8,101.895,-1.095,101.2,102.579,-1.379,100,101.406,101,101.333,35.083,7232610,74.789,-0.078,0.324,-0.259,0.13,-0.32,0.226
2026-07-03T11:00:00.000Z,50,50.177,50.148,42,42.33,45.347,99.4,100.492,-1.092,99.8,100.755,-0.955,100.2,100.88,-0.68,100.6,101.892,-1.292,100,100.879,-0.879,100.4,101.616,-1.216,100.8,101.487,-0.687,101.2,102.545,-1.345,100,101.318,101,101.189,35.156,7242840,75.058,-0.052,0.47,-0.263,0.139,-0.32,0.233
2026-07-03T11:05:00.000Z,50,50.622,49.707,42,42.37,45.566,99.4,100.238,-0.838,99.8,100.814,-1.014,100.2,100.994,-0.794,100.6,101.278,-0.678,100,100.763,-0.763,100.4,101.397,-0.997,100.8,101.418,-0.618,101.2,102.45,-1.25,100,101.169,101,101.306,35.307,7253070,74.168,-0.141,0.412,-0.267,0.157,-0.319,0.24
2026-07-03T11:10:00.000Z,50,50.613,49.407,42,41.962,45.821,99.4,100.345,-0.945,99.8,100.519,-0.719,100.2,101.037,-0.837,100.6,101.15,-0.55,100,100.413,-0.413,100.4,101.23,-0.83,100.8,101.729,-0.929,101.2,102.263,-1.063,100,101.086,101,100.836,35.022,7263300,73.82,-0.138,0.472,-0.27,0.123,-0.318,0.247
2026-07-03T11:15:00.000Z,50,49.965,49.273,42,42.331,45.16,99.4,100.41,-1.01,99.8,100.214,-0.414,100.2,100.544,-0.344,100.6,101.746,-1.146,100,100.453,-0.453,100.4,101.267,-0.867,100.8,101.466,-0.666,101.2,102.288,-1.088,100,101.049,101,100.906,34.9,7273530,73.904,-0.152,0.403,-0.273,0.108,-0.317,0.253
2026-07-03T11:20:00.000Z,50,49.895,49.459,42,42.386,45.043,99.4,100.27,-0.87,99.8,100.795,-0.995,100.2,101.177,-0.977,100.6,101.541,-0.941,100,101.033,-1.033,100.4,101.261,-0.861,100.8,101.863,-1.063,101.2,102.073,-0.873,100,101.252,101,101.266,34.897,7283760,74.526,-0.162,0.395,-0.276,0.108,-0.315,0.259
2026-07-03T11:25:00.000Z,50,50.088,49.482,42,42.294,45.125,99.4,99.795,-0.395,99.8,100.759,-0.959,100.2,101.008,-0.808,100.6,100.888,-0.288,100,100.5,-0.5,100.4,101.124,-0.724,100.8,101.453,-0.653,101.2,101.447,-0.247,100,100.872,101,100.857,34.883,7293990,73.999,-0.226,0.473,-0.277,0.106,-0.313,0.265
2026-07-03T11:30:00.000Z,50,50.281,48.686,42,41.97,45.077,99.4,99.766,-0.366,99.8,100.302,-0.502,100.2,100.378,-0.178,100.6,100.902,-0.302,100,100.649,-0.649,100.4,100.978,-0.578,100.8,101.225,-0.425,101.2,101.36,-0.16,100,100.695,101,101.17,34.693,7304220,73.002,-0.13,0.415,-0.279,0.083,-0.311,0.27
2026-07-03T11:35:00.000Z,50,50.171,49.059,42,42.171,44.639,99.4,99.999,-0.599,99.8,100.49,-0.69,100.2,100.61,-0.41,100.6,101.322,-0.722,100,100.536,-0.536,100.4,101.181,-0.781,100.8,101.081,-0.281,101.2,101.223,-0.023,100,100.805,101,100.769,34.514,7314450,73.872,-0.236,0.479,-0.28,0.062,-0.308,0.275
2026-07-03T11:40:00.000Z,50,50.199,48.382,42,41.954,44.164,99.4,99.46,-0.06,99.8,99.803,-0.003,100.2,100.418,-0.218,100.6,100.796,-0.196,100,100.703,-0.703,100.4,100.494,-0.094,100.8,101.265,-0.465,101.2,101.301,-0.101,100,100.53,101,101.017,34.662,7324680,73.386,-0.266,0.403,-0.28,0.079,-0.305,0.28
2026-07-03T11:45:00.000Z,50,49.919,48.027,42,42.011,44.694,99.4,99.28,0.12,99.8,99.743,0.057,100.2,100.275,-0.075,100.6,100.867,-0.267,100,100.441,-0.441,100.4,100.667,-0.267,100.8,101.179,-0.379,101.2,101.431,-0.231,100,100.485,101,100.64,34.081,7334910,72.946,-0.293,0.475,-0.28,0.01,-0.302,0.284
2026-07-03T11:50:00.000Z,50,50.119,47.838,42,41.963,44.7,99.4,99.8,-0.4,99.8,99.83,-0.03,100.2,100.376,-0.176,100.6,100.385,0.215,100,100.29,-0.29,100.4,100.454,-0.054,100.8,101.22,-0.42,101.2,101.449,-0.249,100,100.476,101,100.9,34.019,7345140,72.289,-0.375,0.436,-0.279,0.002,-0.298,0.289
2026-07-03T11:55:00.000Z,50,50.283,48.486,42,42.127,44.209,99.4,99.704,-0.304,99.8,99.589,0.211,100.2,100.027,0.173,100.6,100.819,-0.219,100,100.1,-0.1,100.4,100.788,-0.388,100.8,100.537,0.263,101.2,100.982,0.218,100,100.318,101,100.845,34.331,7355370,72.634,-0.292,0.403,-0.278,0.04,-0.294,0.292
2026-07-03T12:00:00.000Z,50,50.008,47.494,42,41.781,44.28,99.4,98.955,0.445,99.8,99.834,-0.034,100.2,100.231,-0.031,100.6,100.41,0.19,100,99.777,0.223,100.4,100.71,-0.31,100.8,101.017,-0.217,101.2,100.98,0.22,100,100.239,101,100.769,34.228,7365600,72.368,-0.373,0.414,-0.277,0.027,-0.29,0.296
2026-07-03T12:05:00.000Z,50,50.255,47.458,42,42.173,43.492,99.4,99.443,-0.043,99.8,99.648,0.152,100.2,99.892,0.308,100.6,100.501,0.099,100,99.945,0.055,100.4,100.166,0.234,100.8,100.491,0.309,101.2,101.27,-0.07,100,100.17,101,100.986,33.653,7375830,71.325,-0.411,0.413,-0.275,-0.042,-0.285,0.299
2026-07-03T12:10:00.000Z,50,49.672,47.569,42,41.699,43.295,99.4,99.02,0.38,99.8,99.858,-0.058,100.2,99.961,0.239,100.6,100.209,0.391,100,100.07,-0.07,100.4,99.942,0.458,100.8,100.527,0.273,101.2,101.456,-0.256,100,100.13,101,100.558,34.009,7386060,71.216,-0.386,0.283,-0.272,0.001,-0.28,0.301
2026-07-03T12:15:00.000Z,50,49.615,47.841,42,41.683,43.372,99.4,99.264,0.136,99.8,99.579,0.221,100.2,99.894,0.306,100.6,100.576,0.024,100,99.767,0.233,100.4,99.747,0.653,100.8,100.914,-0.114,101.2,100.738,0.462,100,100.06,101,100.676,33.649,7396290,71.324,-0.383,0.336,-0.269,-0.042,-0.275,0.304
2026-07-03T12:20:00.000Z,50,49.538,46.715,42,42.197,43.549,99.4,99.059,0.341,99.8,99.512,0.288,100.2,99.545,0.655,100.6,100.396,0.204,100,99.794,0.206,100.4,100.017,0.383,100.8,100.521,0.279,101.2,100.778,0.422,100,99.953,101,100.611,33.607,7406520,70.399,-0.47,0.396,-0.266,-0.047,-0.269,0.306
2026-07-03T12:25:00.000Z,50,49.835,46.493,42,42.002,43.413,99.4,98.688,0.712,99.8,99.605,0.195,100.2,100.058,0.142,100.6,99.768,0.832,100,99.632,0.368,100.4,100.081,0.319,100.8,100.723,0.077,101.2,100.857,0.343,100,99.926,101,100.902,33.473,7416750,71.36,-0.413,0.333,-0.262,-0.063,-0.263,0.307
2026-07-03T12:30:00.000Z,50,49.575,47.126,42,42.158,43.507,99.4,99.21,0.19,99.8,98.896,0.904,100.2,99.86,0.34,100.6,100.437,0.163,100,99.755,0.245,100.4,100.232,0.168,100.8,100.614,0.186,101.2,100.297,0.903,100,99.913,101,100.58,33.213,7426980,70.711,-0.448,0.293,-0.257,-0.094,-0.257,0.309
2026-07-03T12:35:00.000Z,50,50.05,47.152,42,41.73,43.442,99.4,98.883,0.517,99.8,99.018,0.782,100.2,99.51,0.69,100.6,100.261,0.339,100,99.681,0.319,100.4,100.182,0.218,100.8,99.972,0.828,101.2,100.624,0.576,100,99.766,101,100.275,33.413,7437210,69.912,-0.489,0.202,-0.253,-0.07,-0.251,0.309
2026-07-03T12:40:00.000Z,50,49.587,46.85,42,42.072,43.287,99.4,98.35,1.05,99.8,98.878,0.922,100.2,99.985,0.215,100.6,100.211,0.389,100,99.599,0.401,100.4,99.929,0.471,100.8,99.888,0.912,101.2,100.244,0.956,100,99.636,101,100.389,33.049,7447440,69.735,-0.422,0.257,-0.247,-0.114,-0.244,0.31
2026-07-03T12:45:00.000Z,50,49.95,45.915,42,41.929,42.894,99.4,98.475,0.925,99.8,98.886,0.914,100.2,99.176,1.024,100.6,100.076,0.524,100,99.462,0.538,100.4,99.745,0.655,100.8,100.414,0.386,101.2,100.477,0.723,100,99.589,101,100.271,33.268,7457670,69.245,-0.418,0.168,-0.242,-0.088,-0.237,0.31
2026-07-03T12:50:00.000Z,50,50.016,45.591,42,41.758,42.822,99.4,98.218,1.182,99.8,99.026,0.774,100.2,98.997,1.203,100.6,100.205,0.395,100,98.941,1.059,100.4,99.351,1.049,100.8,100.262,0.538,101.2,100.263,0.937,100,99.408,101,100.284,32.948,7467900,69.253,-0.452,0.217,-0.235,-0.126,-0.229,0.31
2026-07-03T12:55:00.000Z,50,49.426,45.535,42,41.662,42.35,99.4,98.899,0.501,99.8,98.992,0.808,100.2,99.08,1.12,100.6,99.366,1.234,100,99.225,0.775,100.4,99.146,1.254,100.8,100.292,0.508,101.2,99.944,1.256,100,99.368,101,100.304,33.009,7478130,68.992,-0.493,0.238,-0.229,-0.119,-0.222,0.309
2026-07-03T13:00:00.000Z,50,49.302,46.207,42,41.622,42.693,99.4,98.665,0.735,99.8,98.6,1.2,100.2,99.574,0.626,100.6,99.55,1.05,100,98.646,1.354,100.4,99.292,1.108,100.8,100.005,0.795,101.2,100.442,0.758,100,99.347,101,100.279,32.584,7488360,69.051,-0.401,0.154,-0.222,-0.17,-0.214,0.308
2026-07-03T13:05:00.000Z,50,49.471,45.912,42,41.986,42.14,99.4,98.061,1.339,99.8,98.891,0.909,100.2,99.247,0.953,100.6,99.831,0.769,100,99.385,0.615,100.4,99.001,1.399,100.8,99.748,1.052,101.2,100.569,0.631,100,99.342,101,100.598,32.698,7498590,68.391,-0.395,0.078,-0.215,-0.156,-0.206,0.307
2026-07-03T13:10:00.000Z,50,49.842,46.164,42,41.767,41.972,99.4,97.933,1.467,99.8,98.832,0.968,100.2,98.994,1.206,100.6,99.186,1.414,100,98.89,1.11,100.4,99.743,0.657,100.8,99.791,1.009,101.2,100.519,0.681,100,99.236,101,100.525,32.45,7508820,69.204,-0.421,0.156,-0.207,-0.186,-0.198,0.305
2026-07-03T13:15:00.000Z,50,49.727,45.042,42,42.007,42.186,99.4,97.842,1.558,99.8,98.619,1.181,100.2,98.804,1.396,100.6,99.845,0.755,100,98.802,1.198,100.4,99.433,0.967,100.8,99.3,1.5,101.2,100.028,1.172,100,99.084,101,100.116,32.374,7519050,68.869,-0.431,0.006,-0.199,-0.195,-0.189,0.303
2026-07-03T13:20:00.000Z,50,49.822,45.455,42,41.618,41.871,99.4,98.156,1.244,99.8,98.324,1.476,100.2,99.032,1.168,100.6,99.47,1.13,100,98.671,1.329,100.4,98.866,1.534,100.8,99.58,1.22,101.2,99.791,1.409,100,98.986,101,100.048,32.245,7529280,69.021,-0.36,0.074,-0.191,-0.211,-0.181,0.301
2026-07-03T13:25:00.000Z,50,49.724,45.437,42,41.714,42.238,99.4,98.153,1.247,99.8,98.2,1.6,100.2,98.676,1.524,100.6,99.593,1.007,100,98.29,1.71,100.4,99.148,1.252,100.8,99.516,1.284,101.2,99.886,1.314,100,98.933,101,100.428,32.524,7539510,68.248,-0.434,0.008,-0.182,-0.177,-0.172,0.298
2026-07-03T13:30:00.000Z,50,49.452,45.753,42,41.758,42.114,99.4,98.162,1.238,99.8,98.603,1.197,100.2,98.767,1.433,100.6,99.519,1.081,100,98.867,1.133,100.4,98.822,1.578,100.8,99.552,1.248,101.2,99.957,1.243,100,99.031,101,99.981,32.287,7549740,68.194,-0.32,-0.05,-0.173,-0.206,-0.163,0.295
2026-07-03T13:35:00.000Z,50,49.747,45.328,42,41.54,42.145,99.4,97.74,1.66,99.8,98.764,1.036,100.2,98.887,1.313,100.6,99.009,1.591,100,99.032,0.968,100.4,99.153,1.247,100.8,99.275,1.525,101.2,99.396,1.804,100,98.907,101,100.368,32.042,7559970,68.164,-0.435,0.025,-0.164,-0.235,-0.153,0.291
2026-07-03T13:40:00.000Z,50,49.567,45.589,42,41.774,41.639,99.4,97.769,1.631,99.8,98.095,1.705,100.2,99.074,1.126,100.6,99.315,1.285,100,98.178,1.822,100.4,98.714,1.686,100.8,99.724,1.076,101.2,99.623,1.577,100,98.812,101,100.386,32.37,7570200,68.336,-0.397,-0.118,-0.154,-0.196,-0.144,0.287
2026-07-03T13:45:00.000Z,50,49.446,44.591,42,41.492,41.912,99.4,97.863,1.537,99.8,98.216,1.584,100.2,98.563,1.637,100.6,99.206,1.394,100,98.261,1.739,100.4,98.59,1.81,100.8,99.658,1.142,101.2,99.606,1.594,100,98.745,101,100.343,32.329,7580430,67.78,-0.413,-0.021,-0.144,-0.201,-0.134,0.283
2026-07-03T13:50:00.000Z,50,49.491,45.539,42,41.869,42.177,99.4,98.215,1.185,99.8,98.678,1.122,100.2,99.029,1.171,100.6,99.277,1.323,100,98.318,1.682,100.4,99.205,1.195,100.8,98.924,1.876,101.2,99.737,1.463,100,98.923,101,99.948,32.121,7590660,68.399,-0.37,-0.07,-0.134,-0.225,-0.124,0.279
2026-07-03T13:55:00.000Z,50,49.482,45.105,42,41.834,42.105,99.4,98.215,1.185,99.8,97.809,1.991,100.2,98.629,1.571,100.6,99.182,1.418,100,98.852,1.148,100.4,98.734,1.666,100.8,99.21,1.59,101.2,99.433,1.767,100,98.758,101,99.886,32.082,7600890,67.636,-0.28,-0.166,-0.124,-0.23,-0.115,0.274
2026-07-03T14:00:00.000Z,50,49.058,44.524,42,41.581,42.041,99.4,97.906,1.494,99.8,98.527,1.273,100.2,98.609,1.591,100.6,99.192,1.408,100,98.017,1.983,100.4,98.634,1.766,100.8,99.049,1.751,101.2,100.028,1.172,100,98.745,101,99.819,32.001,7611120,67.811,-0.286,-0.229,-0.113,-0.24,-0.105,0.269
2026-07-03T14:05:00.000Z,50,49.06,45.345,42,41.666,42.187,99.4,97.739,1.661,99.8,98.228,1.572,100.2,98.21,1.99,100.6,99.417,1.183,100,98.119,1.881,100.4,99.091,1.309,100.8,98.969,1.831,101.2,99.87,1.33,100,98.705,101,100.177,32.029,7621350,68.457,-0.277,-0.15,-0.102,-0.236,-0.094,0.263
2026-07-03T14:10:00.000Z,50,49.14,44.783,42,41.65,41.934,99.4,97.418,1.982,99.8,98.051,1.749,100.2,98.688,1.512,100.6,99.318,1.282,100,98.658,1.342,100.4,99.139,1.261,100.8,99.454,1.346,101.2,99.48,1.72,100,98.776,101,100.084,31.895,7631580,68.581,-0.189,-0.231,-0.091,-0.253,-0.084,0.257
2026-07-03T14:15:00.000Z,50,49.412,45.48,42,41.361,41.412,99.4,97.89,1.51,99.8,97.989,1.811,100.2,98.232,1.968,100.6,98.75,1.85,100,98.369,1.631,100.4,98.693,1.707,100.8,98.689,2.111,101.2,99.507,1.693,100,98.515,101,99.898,31.959,7641810,68.055,-0.243,-0.173,-0.08,-0.245,-0.074,0.251
2026-07-03T14:20:00.000Z,50,49.547,45.277,42,41.599,42.262,99.4,98.13,1.27,99.8,98.007,1.793,100.2,98.343,1.857,100.6,99.245,1.355,100,97.86,2.14,100.4,98.788,1.612,100.8,98.667,2.133,101.2,99.823,1.377,100,98.608,101,99.779,31.677,7652040,67.643,-0.097,-0.31,-0.069,-0.279,-0.063,0.245
2026-07-03T14:25:00.000Z,50,49.48,45.124,42,41.418,42.054,99.4,98.076,1.324,99.8,97.972,1.828,100.2,98.718,1.482,100.6,98.87,1.73,100,98.458,1.542,100.4,98.917,1.483,100.8,98.898,1.902,101.2,99.483,1.717,100,98.674,101,99.929,31.913,7662270,68.134,-0.211,-0.234,-0.058,-0.25,-0.053,0.238
2026-07-03T14:30:00.000Z,50,49.047,45.715,42,41.587,42.02,99.4,97.246,2.154,99.8,97.652,2.148,100.2,98.447,1.753,100.6,99.074,1.526,100,98.572,1.428,100.4,98.716,1.684,100.8,99.299,1.501,101.2,99.044,2.156,100,98.506,101,99.772,31.803,7672500,68.919,-0.149,-0.315,-0.046,-0.264,-0.042,0.231
2026-07-03T14:35:00.000Z,50,48.801,44.715,42,41.462,41.936,99.4,97.283,2.117,99.8,97.931,1.869,100.2,98.794,1.406,100.6,99.238,1.362,100,98.061,1.939,100.4,98.233,2.167,100.8,99.466,1.334,101.2,99.106,2.094,100,98.514,101,99.701,31.792,7682730,68.981,-0.036,-0.359,-0.035,-0.265,-0.032,0.224
2026-07-03T14:40:00.000Z,50,49.165,45.746,42,41.334,42.15,99.4,97.662,1.738,99.8,98.124,1.676,100.2,98.076,2.124,100.6,98.504,2.096,100,98.318,1.682,100.4,98.676,1.724,100.8,98.643,2.157,101.2,99.395,1.805,100,98.425,101,99.616,31.549,7692960,68.875,-0.107,-0.358,-0.023,-0.294,-0.021,0.216
2026-07-03T14:45:00.000Z,50,49.169,45.145,42,41.575,41.881,99.4,97.991,1.409,99.8,97.792,2.008,100.2,98.483,1.717,100.6,98.591,2.009,100,97.883,2.117,100.4,98.327,2.073,100.8,98.705,2.095,101.2,99.668,1.532,100,98.43,101,99.79,31.896,7703190,69.34,-0.015,-0.34,-0.011,-0.252,-0.01,0.209
2026-07-03T14:50:00.000Z,50,49.026,45.479,42,41.387,42.665,99.4,97.36,2.04,99.8,98.206,1.594,100.2,98.103,2.097,100.6,99.245,1.355,100,97.897,2.103,100.4,98.782,1.618,100.8,98.581,2.219,101.2,99.324,1.876,100,98.437,101,99.723,31.705,7713420,69.464,0.057,-0.276,0,-0.275,0,0.201
2026-07-03T14:55:00.000Z,50,48.832,45.458,42,41.391,42.78,99.4,97.416,1.984,99.8,97.667,2.133,100.2,98.712,1.488,100.6,98.497,2.103,100,97.82,2.18,100.4,98.98,1.42,100.8,98.969,1.831,101.2,99.876,1.324,100,98.492,101,99.577,31.797,7723650,68.589,0.028,-0.324,0.012,-0.264,0.011,0.192
2026-07-03T15:00:00.000Z,50,49.232,45.738,42,41.41,42.642,99.4,97.822,1.578,99.8,97.589,2.211,100.2,98.504,1.696,100.6,99.109,1.491,100,98.059,1.941,100.4,98.522,1.878,100.8,99.433,1.367,101.2,99.877,1.323,100,98.614,101,99.772,31.688,7733880,69.307,0.043,-0.442,0.024,-0.277,0.022,0.184
2026-07-03T15:05:00.000Z,50,48.775,45.629,42,41.41,43.022,99.4,97.199,2.201,99.8,97.671,2.129,100.2,98.604,1.596,100.6,99.017,1.583,100,97.921,2.079,100.4,98.855,1.545,100.8,99.001,1.799,101.2,99.121,2.079,100,98.424,101,99.94,31.587,7744110,68.867,0.079,-0.441,0.035,-0.29,0.032,0.175
2026-07-03T15:10:00.000Z,50,48.94,45.832,42,41.364,42.673,99.4,97.315,2.085,99.8,98.417,1.383,100.2,98.35,1.85,100.6,98.487,2.113,100,98.124,1.876,100.4,98.298,2.102,100.8,98.736,2.064,101.2,99.129,2.071,100,98.357,101,99.502,31.804,7754340,70.07,0.1,-0.341,0.047,-0.263,0.043,0.166
2026-07-03T15:15:00.000Z,50,48.916,46.088,42,41.136,42.538,99.4,97.662,1.738,99.8,97.745,2.055,100.2,98.183,2.017,100.6,99.093,1.507,100,97.827,2.173,100.4,98.9,1.5,100.8,98.935,1.865,101.2,99.893,1.307,100,98.53,101,99.419,31.749,7764570,69.617,0.147,-0.425,0.058,-0.27,0.053,0.157
2026-07-03T15:20:00.000Z,50,49.206,46.699,42,41.113,42.85,99.4,97.899,1.501,99.8,97.776,2.024,100.2,98.517,1.683,100.6,98.496,2.104,100,97.975,2.025,100.4,99.082,1.318,100.8,98.65,2.15,101.2,99.607,1.593,100,98.5,101,99.356,31.695,7774800,70.468,0.229,-0.444,0.069,-0.277,0.064,0.148
2026-07-03T15:25:00.000Z,50,49.061,47.176,42,41.048,42.9,99.4,98.098,1.302,99.8,98.503,1.297,100.2,98.374,1.826,100.6,98.966,1.634,100,98.459,1.541,100.4,98.574,1.826,100.8,98.784,2.016,101.2,99.802,1.398,100,98.695,101,99.924,31.82,7785030,70.203,0.192,-0.368,0.081,-0.262,0.074,0.138
2026-07-03T15:30:00.000Z,50,48.738,46.44,42,41.303,42.846,99.4,98.115,1.285,99.8,97.971,1.829,100.2,98.076,2.124,100.6,98.891,1.709,100,98.449,1.551,100.4,99.099,1.301,100.8,98.898,1.902,101.2,99.357,1.843,100,98.607,101,99.678,31.644,7795260,70.006,0.207,-0.374,0.092,-0.283,0.085,0.129
2026-07-03T15:35:00.000Z,50,49.112,47.367,42,41.073,43.415,99.4,97.663,1.737,99.8,97.845,1.955,100.2,98.302,1.898,100.6,99.248,1.352,100,98.094,1.906,100.4,98.364,2.036,100.8,99.433,1.367,101.2,99.327,1.873,100,98.535,101,99.502,31.694,7805490,71.103,0.296,-0.373,0.103,-0.277,0.095,0.119
2026-07-03T15:40:00.000Z,50,48.983,47.28,42,41.421,43.332,99.4,97.939,1.461,99.8,98.505,1.295,100.2,98.802,1.398,100.6,99.291,1.309,100,98.78,1.22,100.4,98.934,1.466,100.8,99.137,1.663,101.2,99.447,1.753,100,98.854,101,99.825,31.796,7815720,71.502,0.301,-0.355,0.114,-0.264,0.105,0.109
2026-07-03T15:45:00.000Z,50,48.847,47.912,42,40.955,43.702,99.4,97.522,1.878,99.8,97.803,1.997,100.2,98.89,1.31,100.6,99.406,1.194,100,98.45,1.55,100.4,98.943,1.457,100.8,99.482,1.318,101.2,99.929,1.271,100,98.803,101,99.47,31.947,7825950,71.513,0.271,-0.491,0.124,-0.246,0.115,0.099
2026-07-03T15:50:00.000Z,50,49.012,47.611,42,41.33,43.247,99.4,97.366,2.034,99.8,98.502,1.298,100.2,98.867,1.333,100.6,99.174,1.426,100,98.547,1.453,100.4,98.451,1.949,100.8,99.309,1.491,101.2,99.667,1.533,100,98.735,101,99.249,31.639,7836180,72.032,0.295,-0.355,0.134,-0.283,0.125,0.089
2026-07-03T15:55:00.000Z,50,48.708,48.183,42,40.967,44.055,99.4,97.428,1.972,99.8,98.261,1.539,100.2,98.363,1.837,100.6,99.318,1.282,100,98.813,1.187,100.4,98.648,1.752,100.8,99.057,1.743,101.2,99.73,1.47,100,98.702,101,99.771,31.984,7846410,71.258,0.333,-0.347,0.145,-0.242,0.135,0.078
2026-07-03T16:00:00.000Z,50,48.447,47.721,42,41.088,44.005,99.4,97.635,1.765,99.8,97.84,1.96,100.2,98.243,1.957,100.6,99.256,1.344,100,98.54,1.46,100.4,98.52,1.88,100.8,99.578,1.222,101.2,99.484,1.716,100,98.637,101,99.644,31.912,7856640,72.055,0.361,-0.363,0.154,-0.251,0.144,0.068
2026-07-03T16:05:00.000Z,50,49.068,48.648,42,41.38,44.219,99.4,97.905,1.495,99.8,98.252,1.548,100.2,98.545,1.655,100.6,99.469,1.131,100,98.535,1.465,100.4,98.787,1.613,100.8,99.66,1.14,101.2,99.864,1.336,100,98.877,101,99.554,32.095,7866870,72.697,0.419,-0.372,0.164,-0.229,0.154,0.057
2026-07-03T16:10:00.000Z,50,48.685,47.815,42,41.403,44.375,99.4,98.31,1.09,99.8,97.934,1.866,100.2,98.704,1.496,100.6,98.785,1.815,100,98.139,1.861,100.4,98.792,1.608,100.8,98.872,1.928,101.2,99.975,1.225,100,98.689,101,99.574,31.893,7877100,72.308,0.418,-0.36,0.173,-0.253,0.163,0.047
2026-07-03T16:15:00.000Z,50,48.673,48.79,42,40.92,44.59,99.4,97.511,1.889,99.8,98.486,1.314,100.2,98.562,1.638,100.6,98.988,1.612,100,98.565,1.435,100.4,99.313,1.087,100.8,99.73,1.07,101.2,99.877,1.323,100,98.879,101,99.738,31.808,7887330,72.963,0.331,-0.403,0.182,-0.263,0.172,0.036
2026-07-03T16:20:00.000Z,50,48.717,48.206,42,41.468,44.817,99.4,97.69,1.71,99.8,98.62,1.18,100.2,98.422,1.778,100.6,99.458,1.142,100,98.564,1.436,100.4,99.219,1.181,100.8,99.434,1.366,101.2,99.493,1.707,100,98.862,101,99.27,31.904,7897560,72.474,0.365,-0.31,0.191,-0.252,0.181,0.026
2026-07-03T16:25:00.000Z,50,48.813,48.459,42,41.147,44.902,99.4,98.298,1.102,99.8,98.736,1.064,100.2,98.436,1.764,100.6,98.816,1.784,100,98.958,1.042,100.4,98.82,1.58,100.8,99.191,1.609,101.2,100.19,1.01,100,98.931,101,99.53,32.155,7907790,73.666,0.393,-0.376,0.199,-0.221,0.19,0.015
2026-07-03T16:30:00.000Z,50,48.386,49.502,42,41.363,45.047,99.4,97.587,1.813,99.8,98.428,1.372,100.2,99.169,1.031,100.6,99.646,0.954,100,98.788,1.212,100.4,98.989,1.411,100.8,99.088,1.712,101.2,99.363,1.837,100,98.882,101,99.115,32.273,7918020,72.945,0.498,-0.412,0.207,-0.207,0.198,0.004
2026-07-03T16:35:00.000Z,50,48.405,49.479,42,40.876,45.135,99.4,98.238,1.162,99.8,98.056,1.744,100.2,99.094,1.106,100.6,99.304,1.296,100,98.62,1.38,100.4,99.36,1.04,100.8,99.717,1.083,101.2,100.159,1.041,100,99.069,101,99.544,32.232,7928250,73.446,0.475,-0.26,0.215,-0.212,0.206,-0.006
2026-07-03T16:40:00.000Z,50,48.819,49.996,42,41.05,44.934,99.4,98.045,1.355,99.8,98.413,1.387,100.2,99.117,1.083,100.6,99.53,1.07,100,98.914,1.086,100.4,99.016,1.384,100.8,99.449,1.351,101.2,99.758,1.442,100,99.03,101,99.45,32.19,7938480,73.84,0.505,-0.271,0.222,-0.217,0.214,-0.017
2026-07-03T16:45:00.000Z,50,48.66,49.313,42,41.334,44.899,99.4,98.118,1.282,99.8,98.58,1.22,100.2,98.76,1.44,100.6,99.567,1.033,100,98.634,1.366,100.4,98.843,1.557,100.8,99.088,1.712,101.2,99.711,1.489,100,98.913,101,99.645,32.034,7948710,73.821,0.507,-0.333,0.229,-0.236,0.222,-0.028
2026-07-03T16:50:00.000Z,50,48.785,49.423,42,41.356,44.961,99.4,98.211,1.189,99.8,98.865,0.935,100.2,99.14,1.06,100.6,99.045,1.555,100,98.605,1.395,100.4,99.27,1.13,100.8,99.294,1.506,101.2,99.743,1.457,100,99.022,101,99.518,32.31,7958940,75.067,0.485,-0.282,0.236,-0.203,0.23,-0.038
2026-07-03T16:55:00.000Z,50,48.931,49.496,42,41.331,45.14,99.4,97.852,1.548,99.8,98.335,1.465,100.2,99.259,0.941,100.6,99.585,1.015,100,98.85,1.15,100.4,99.259,1.141,100.8,99.496,1.304,101.2,99.785,1.415,100,99.053,101,99.409,32.057,7969170,74.459,0.418,-0.312,0.242,-0.233,0.237,-0.049
2026-07-03T17:00:00.000Z,50,48.927,49.616,42,41.322,45.347,99.4,98.091,1.309,99.8,98.127,1.673,100.2,99.209,0.991,100.6,99.302,1.298,100,98.867,1.133,100.4,98.727,1.673,100.8,99.494,1.306,101.2,100.372,0.828,100,99.024,101,99.627,32.008,7979400,75.051,0.469,-0.158,0.247,-0.239,0.244,-0.059
2026-07-03T17:05:00.000Z,50,48.505,50.012,42,41.148,46.121,99.4,98.379,1.021,99.8,98.952,0.848,100.2,98.815,1.385,100.6,99.772,0.828,100,98.993,1.007,100.4,99.168,1.232,100.8,99.524,1.276,101.2,99.593,1.607,100,99.149,101,99.483,32.222,7989630,74.803,0.435,-0.228,0.253,-0.213,0.251,-0.07
2026-07-03T17:10:00.000Z,50,48.522,50.515,42,41.026,45.307,99.4,98.065,1.335,99.8,98.211,1.589,100.2,99.298,0.902,100.6,99.301,1.299,100,98.414,1.586,100.4,99.179,1.221,100.8,99.239,1.561,101.2,100.409,0.791,100,99.015,101,99.531,32.391,7999860,75.534,0.487,-0.19,0.258,-0.193,0.257,-0.08
2026-07-03T17:15:00.000Z,50,48.381,50.583,42,41.221,45.623,99.4,98.606,0.794,99.8,98.368,1.432,100.2,99.256,0.944,100.6,99.01,1.59,100,98.428,1.572,100.4,99.46,0.94,100.8,99.425,1.375,101.2,99.964,1.236,100,99.065,101,99.62,32.122,8010090,75.1,0.355,-0.22,0.262,-0.225,0.263,-0.091
2026-07-03T17:20:00.000Z,50,48.76,50.589,42,41.294,45.717,99.4,98.559,0.841,99.8,98.533,1.267,100.2,99.377,0.823,100.6,99.521,1.079,100,98.39,1.61,100.4,99.579,0.821,100.8,99.564,1.236,101.2,99.816,1.384,100,99.167,101,99.219,32.267,8020320,76.148,0.381,-0.097,0.266,-0.208,0.269,-0.101
2026-07-03T17:25:00.000Z,50,48.647,50.743,42,41.252,45.624,99.4,97.813,1.587,99.8,98.887,0.913,100.2,98.805,1.395,100.6,99.355,1.245,100,98.512,1.488,100.4,99.465,0.935,100.8,99.315,1.485,101.2,100.338,0.862,100,99.061,101,99.406,32.142,8030550,74.991,0.326,-0.056,0.269,-0.223,0.275,-0.111
2026-07-03T17:30:00.000Z,50,48.933,50.306,42,41.214,46.497,99.4,98.09,1.31,99.8,98.715,1.085,100.2,99.421,0.779,100.6,99.704,0.896,100,98.85,1.15,100.4,99.235,1.165,100.8,99.628,1.172,101.2,100.304,0.896,100,99.243,101,99.579,32.455,8040780,75.593,0.353,-0.142,0.272,-0.185,0.28,-0.121
2026-07-03T17:35:00.000Z,50,48.482,50.372,42,41.323,45.749,99.4,98.658,0.742,99.8,98.87,0.93,100.2,99.289,0.911,100.6,99.491,1.109,100,99.272,0.728,100.4,98.991,1.409,100.8,100.097,0.703,101.2,100.068,1.132,100,99.342,101,99.096,32.61,8051010,76.046,0.337,-0.058,0.275,-0.167,0.285,-0.13
2026-07-03T17:40:00.000Z,50,48.558,51.184,42,41.016,46.454,99.4,98.233,1.167,99.8,98.954,0.846,100.2,99.402,0.798,100.6,99.743,0.857,100,99.155,0.845,100.4,98.871,1.529,100.8,99.894,0.906,101.2,100.531,0.669,100,99.348,101,99.049,32.35,8061240,76.118,0.306,-0.033,0.277,-0.198,0.29,-0.14
2026-07-03T17:45:00.000Z,50,48.334,50.974,42,41.31,45.91,99.4,97.944,1.456,99.8,98.44,1.36,100.2,98.933,1.267,100.6,99.518,1.082,100,98.886,1.114,100.4,99.376,1.024,100.8,99.825,0.975,101.2,100.225,0.975,100,99.143,101,99.094,32.247,8071470,75.359,0.325,-0.029,0.278,-0.21,0.294,-0.15
2026-07-03T17:50:00.000Z,50,48.305,50.573,42,41.202,46.283,99.4,98.101,1.299,99.8,99.102,0.698,100.2,99.292,0.908,100.6,99.102,1.498,100,99.195,0.805,100.4,98.941,1.459,100.8,99.83,0.97,101.2,100.484,0.716,100,99.256,101,99.556,32.281,8081700,76.474,0.342,-0.024,0.279,-0.206,0.298,-0.159
2026-07-03T17:55:00.000Z,50,48.601,50.471,42,41.109,46.47,99.4,97.943,1.457,99.8,98.282,1.518,100.2,98.666,1.534,100.6,99.128,1.472,100,99.074,0.926,100.4,99.005,1.395,100.8,99.456,1.344,101.2,100.105,1.095,100,98.957,101,99.546,32.596,8091930,75.3,0.316,0.004,0.28,-0.169,0.302,-0.168
2026-07-03T18:00:00.000Z,50,48.25,51.148,42,41.081,45.987,99.4,97.986,1.414,99.8,98.434,1.366,100.2,99.065,1.135,100.6,99.222,1.378,100,99.197,0.803,100.4,99.603,0.797,100.8,100.044,0.756,101.2,99.707,1.493,100,99.157,101,99.277,32.201,8102160,76.654,0.28,0.043,0.28,-0.216,0.305,-0.177
2026-07-03T18:05:00.000Z,50,48.662,51.113,42,41.095,45.987,99.4,98.372,1.028,99.8,98.544,1.256,100.2,99.411,0.789,100.6,99.13,1.47,100,98.771,1.229,100.4,98.91,1.49,100.8,100.002,0.798,101.2,100.202,0.998,100,99.168,101,99.564,32.201,8112390,76.09,0.23,0.059,0.28,-0.216,0.308,-0.185
2026-07-03T18:10:00.000Z,50,48.802,51.49,42,41.033,46.393,99.4,98.624,0.776,99.8,99.011,0.789,100.2,98.694,1.506,100.6,99.874,0.726,100,98.947,1.053,100.4,98.878,1.522,100.8,99.787,1.013,101.2,99.933,1.267,100,99.219,101,99.525,32.586,8122620,76.319,0.182,0.194,0.279,-0.17,0.311,-0.194
2026-07-03T18:15:00.000Z,50,48.952,50.495,42,41.364,46.132,99.4,98.233,1.167,99.8,98.59,1.21,100.2,99.398,0.802,100.6,99.132,1.468,100,99.015,0.985,100.4,99.106,1.294,100.8,99.731,1.069,101.2,99.706,1.494,100,99.114,101,99.315,32.447,8132850,76.556,0.181,0.153,0.277,-0.186,0.313,-0.202
2026-07-03T18:20:00.000Z,50,48.329,51.14,42,41.192,45.899,99.4,97.857,1.543,99.8,98.357,1.443,100.2,99.051,1.149,100.6,99.325,1.275,100,98.616,1.384,100.4,99.033,1.367,100.8,100.108,0.692,101.2,100.02,1.18,100,99.046,101,99.249,32.16,8143080,76.181,0.106,0.218,0.275,-0.221,0.315,-0.21
2026-07-03T18:25:00.000Z,50,48.406,51.073,42,40.964,46.117,99.4,98.405,0.995,99.8,98.347,1.453,100.2,98.652,1.548,100.6,99.521,1.079,100,98.568,1.432,100.4,99.491,0.909,100.8,99.616,1.184,101.2,99.742,1.458,100,99.043,101,99.511,32.348,8153310,75.108,0.14,0.182,0.273,-0.198,0.317,-0.218
2026-07-03T18:30:00.000Z,50,48.744,50.444,42,40.819,45.839,99.4,98.018,1.382,99.8,98.603,1.197,100.2,99.211,0.989,100.6,99.224,1.376,100,98.944,1.056,100.4,99.205,1.195,100.8,99.269,1.531,101.2,100.175,1.025,100,99.081,101,99.101,32.514,8163540,75.848,0.031,0.21,0.27,-0.178,0.318,-0.225
2026-07-03T18:35:00.000Z,50,48.309,50.64,42,41.016,45.622,99.4,97.856,1.544,99.8,98.464,1.336,100.2,99.001,1.199,100.6,99.612,0.988,100,98.508,1.492,100.4,99.228,1.172,100.8,99.309,1.491,101.2,99.685,1.515,100,98.958,101,99.218,32.165,8173770,75.012,0.058,0.291,0.267,-0.22,0.319,-0.233
2026-07-03T18:40:00.000Z,50,48.857,50.025,42,41.269,45.626,99.4,98.37,1.03,99.8,98.849,0.951,100.2,99.147,1.053,100.6,99.814,0.786,100,98.561,1.439,100.4,99.153,1.247,100.8,99.342,1.458,101.2,100.03,1.17,100,99.158,101,99.587,32.461,8184000,75.967,-0.033,0.248,0.263,-0.185,0.32,-0.239
2026-07-03T18:45:00.000Z,50,48.84,51.042,42,40.836,46.261,99.4,98.506,0.894,99.8,98.305,1.495,100.2,98.673,1.527,100.6,99.16,1.44,100,98.87,1.13,100.4,99.078,1.322,100.8,99.866,0.934,101.2,100.07,1.13,100,99.066,101,99.526,32.315,8194230,74.96,-0.027,0.366,0.259,-0.202,0.32,-0.246
2026-07-03T18:50:00.000Z,50,48.827,49.871,42,41.204,45.847,99.4,98.057,1.343,99.8,98.713,1.087,100.2,98.832,1.368,100.6,99.013,1.587,100,98.777,1.223,100.4,98.773,1.627,100.8,99.387,1.413,101.2,100.057,1.143,100,98.951,101,99.435,32.257,8204460,75.525,-0.012,0.291,0.255,-0.209,0.32,-0.252
2026-07-03T18:55:00.000Z,50,48.554,50.263,42,41.307,46.046,99.4,98.445,0.955,99.8,98.971,0.829,100.2,98.595,1.605,100.6,99.582,1.018,100,98.417,1.583,100.4,99.226,1.174,100.8,99.358,1.442,101.2,99.896,1.304,100,99.061,101,99.248,32.482,8214690,74.658,-0.099,0.269,0.249,-0.182,0.319,-0.259
2026-07-03T19:00:00.000Z,50,48.845,50.387,42,41.095,45.699,99.4,97.902,1.498,99.8,98.643,1.157,100.2,99.141,1.059,100.6,98.994,1.606,100,99.134,0.866,100.4,99.265,1.135,100.8,99.77,1.03,101.2,99.892,1.308,100,99.093,101,99.058,32.35,8224920,74.132,-0.016,0.295,0.244,-0.198,0.319,-0.264
2026-07-03T19:05:00.000Z,50,48.95,49.938,42,41.048,45.394,99.4,98.13,1.27,99.8,98.751,1.049,100.2,98.796,1.404,100.6,99.456,1.144,100,98.871,1.129,100.4,99.535,0.865,100.8,99.807,0.993,101.2,100.075,1.125,100,99.178,101,99.554,31.985,8235150,74.665,-0.178,0.324,0.238,-0.242,0.317,-0.27
2026-07-03T19:10:00.000Z,50,48.506,50.085,42,41.261,45.554,99.4,97.889,1.511,99.8,98.778,1.022,100.2,99.146,1.054,100.6,99.64,0.96,100,98.896,1.104,100.4,98.927,1.473,100.8,99.15,1.65,101.2,100.191,1.009,100,99.077,101,99.667,32.241,8245380,74.898,-0.187,0.308,0.232,-0.211,0.316,-0.275
2026-07-03T19:15:00.000Z,50,48.976,50.186,42,41.302,44.811,99.4,98.199,1.201,99.8,98.177,1.623,100.2,99.304,0.896,100.6,99.498,1.102,100,98.712,1.288,100.4,98.714,1.686,100.8,99.557,1.243,101.2,99.477,1.723,100,98.955,101,99.128,32.404,8255610,74.091,-0.173,0.404,0.225,-0.192,0.314,-0.28
2026-07-03T19:20:00.000Z,50,49.024,48.996,42,40.9,45.583,99.4,97.89,1.51,99.8,98.061,1.739,100.2,98.823,1.377,100.6,99.64,0.96,100,98.628,1.372,100.4,98.702,1.698,100.8,99.751,1.049,101.2,100.014,1.186,100,98.939,101,99.092,32.04,8265840,74.687,-0.17,0.323,0.218,-0.235,0.312,-0.284
2026-07-03T19:25:00.000Z,50,48.732,49.909,42,41.412,44.894,99.4,98.352,1.048,99.8,98.569,1.231,100.2,99.247,0.953,100.6,98.958,1.642,100,98.579,1.421,100.4,98.828,1.572,100.8,99.762,1.038,101.2,99.939,1.261,100,99.029,101,99.263,32.046,8276070,73.712,-0.153,0.428,0.21,-0.234,0.309,-0.288
2026-07-03T19:30:00.000Z,50,48.491,49.401,42,41.085,45.169,99.4,98.21,1.19,99.8,97.995,1.805,100.2,99.045,1.155,100.6,99.027,1.573,100,98.741,1.259,100.4,99.387,1.013,100.8,99.007,1.793,101.2,99.626,1.574,100,98.88,101,99.421,32.093,8286300,73.665,-0.197,0.471,0.202,-0.229,0.306,-0.292
2026-07-03T19:35:00.000Z,50,48.498,49.313,42,41.22,44.897,99.4,97.579,1.821,99.8,98.711,1.089,100.2,98.653,1.547,100.6,99.533,1.067,100,98.891,1.109,100.4,99.079,1.321,100.8,99.466,1.334,101.2,99.662,1.538,100,98.947,101,99.324,32.238,8296530,73.104,-0.28,0.35,0.194,-0.211,0.303,-0.295
2026-07-03T19:40:00.000Z,50,48.391,49.304,42,41.412,45,99.4,98.236,1.164,99.8,98.304,1.496,100.2,98.886,1.314,100.6,98.744,1.856,100,98.111,1.889,100.4,99.202,1.198,100.8,99.425,1.375,101.2,99.999,1.201,100,98.863,101,99.16,32.243,8306760,73.28,-0.228,0.349,0.186,-0.211,0.299,-0.298
2026-07-03T19:45:00.000Z,50,48.91,48.411,42,41.368,43.997,99.4,97.99,1.41,99.8,97.912,1.888,100.2,98.452,1.748,100.6,98.698,1.902,100,98.537,1.463,100.4,99.056,1.344,100.8,99.242,1.558,101.2,99.981,1.219,100,98.733,101,99.241,31.771,8316990,73.457,-0.387,0.408,0.177,-0.268,0.295,-0.301
2026-07-03T19:50:00.000Z,50,48.652,48.357,42,41.092,43.846,99.4,97.743,1.657,99.8,98.695,1.105,100.2,98.32,1.88,100.6,99.147,1.453,100,98.686,1.314,100.4,98.572,1.828,100.8,99.217,1.583,101.2,99.97,1.23,100,98.794,101,99.363,31.908,8327220,71.933,-0.302,0.441,0.167,-0.251,0.291,-0.303
2026-07-03T19:55:00.000Z,50,48.444,47.653,42,41.442,44.095,99.4,97.907,1.493,99.8,98.45,1.35,100.2,98.672,1.528,100.6,99.338,1.262,100,98.593,1.407,100.4,98.968,1.432,100.8,99.501,1.299,101.2,99.987,1.213,100,98.927,101,99.769,32.194,8337450,72.935,-0.417,0.428,0.158,-0.217,0.286,-0.305
2026-07-03T20:00:00.000Z,50,48.974,48.083,42,40.931,43.792,99.4,97.458,1.942,99.8,98.452,1.348,100.2,98.221,1.979,100.6,99.352,1.248,100,98.311,1.689,100.4,99.107,1.293,100.8,99.381,1.419,101.2,99.6,1.6,100,98.735,101,99.505,31.941,8347680,71.919,-0.436,0.455,0.148,-0.247,0.281,-0.307
2026-07-03T20:05:00.000Z,50,48.644,48.398,42,41.447,44.341,99.4,97.552,1.848,99.8,98.609,1.191,100.2,98.442,1.758,100.6,98.69,1.91,100,98.014,1.986,100.4,99.081,1.319,100.8,98.842,1.958,101.2,99.875,1.325,100,98.638,101,99.383,32.131,8357910,71.809,-0.456,0.481,0.138,-0.224,0.276,-0.308
2026-07-03T20:10:00.000Z,50,48.81,48.068,42,41.33,44.12,99.4,97.586,1.814,99.8,98.124,1.676,100.2,98.564,1.636,100.6,99.342,1.258,100,98.109,1.891,100.4,99.191,1.209,100.8,98.742,2.058,101.2,99.485,1.715,100,98.643,101,99.682,31.892,8368140,70.985,-0.397,0.392,0.128,-0.253,0.271,-0.309
2026-07-03T20:15:00.000Z,50,48.554,48.014,42,41.498,43.482,99.4,97.775,1.625,99.8,98.12,1.68,100.2,98.691,1.509,100.6,98.77,1.83,100,97.947,2.053,100.4,98.59,1.81,100.8,99.594,1.206,101.2,99.457,1.743,100,98.618,101,99.834,31.798,8378370,71.276,-0.429,0.388,0.117,-0.264,0.265,-0.31
2026-07-03T20:20:00.000Z,50,48.513,46.741,42,41.175,43.429,99.4,97.614,1.786,99.8,98.589,1.211,100.2,98.423,1.777,100.6,98.629,1.971,100,98.527,1.473,100.4,98.49,1.91,100.8,98.965,1.835,101.2,99.702,1.498,100,98.617,101,99.369,31.778,8388600,71.218,-0.41,0.449,0.107,-0.267,0.259,-0.31
2026-07-03T20:25:00.000Z,50,48.584,47.437,42,41.484,43.026,99.4,97.718,1.682,99.8,98.246,1.554,100.2,98.547,1.653,100.6,98.582,2.018,100,98.061,1.939,100.4,98.632,1.768,100.8,99.012,1.788,101.2,99.344,1.856,100,98.518,101,99.699,31.716,8398830,70.026,-0.366,0.393,0.096,-0.274,0.252,-0.31
2026-07-03T20:30:00.000Z,50,49.219,47.44,42,41.479,43.49,99.4,97.388,2.012,99.8,98.161,1.639,100.2,98.671,1.529,100.6,98.798,1.802,100,98.634,1.366,100.4,98.384,2.016,100.8,99.369,1.431,101.2,99.84,1.36,100,98.656,101,99.559,31.906,8409060,70.071,-0.431,0.393,0.085,-0.251,0.245,-0.309
2026-07-03T20:35:00.000Z,50,48.758,46.759,42,41.163,42.794,99.4,97.406,1.994,99.8,97.638,2.162,100.2,98.041,2.159,100.6,98.611,1.989,100,97.886,2.114,100.4,98.976,1.424,100.8,98.685,2.115,101.2,99.095,2.105,100,98.292,101,99.591,31.852,8419290,69.788,-0.4,0.434,0.074,-0.258,0.238,-0.308
2026-07-03T20:40:00.000Z,50,48.607,46.075,42,41.287,42.708,99.4,98.066,1.334,99.8,98.327,1.473,100.2,98.382,1.818,100.6,99.204,1.396,100,98.218,1.782,100.4,98.816,1.584,100.8,98.929,1.871,101.2,99.829,1.371,100,98.721,101,99.776,31.591,8429520,70.617,-0.49,0.282,0.062,-0.289,0.231,-0.307
2026-07-03T20:45:00.000Z,50,49.193,45.799,42,41.168,42.611,99.4,97.865,1.535,99.8,97.665,2.135,100.2,98.1,2.1,100.6,98.606,1.994,100,98.621,1.379,100.4,98.472,1.928,100.8,99.075,1.725,101.2,99.54,1.66,100,98.493,101,99.45,31.915,8439750,69.269,-0.458,0.353,0.051,-0.25,0.224,-0.305
2026-07-03T20:50:00.000Z,50,49.254,46.327,42,41.504,42.181,99.4,98.096,1.304,99.8,98.086,1.714,100.2,98.431,1.769,100.6,98.529,2.071,100,98.478,1.522,100.4,98.971,1.429,100.8,99.267,1.533,101.2,99.059,2.141,100,98.615,101,99.751,31.631,8449980,69.656,-0.521,0.375,0.039,-0.284,0.216,-0.303
2026-07-03T20:55:00.000Z,50,48.737,46.184,42,41.07,42.872,99.4,97.426,1.974,99.8,97.648,2.152,100.2,98.753,1.447,100.6,98.462,2.138,100,97.809,2.191,100.4,98.556,1.844,100.8,99.069,1.731,101.2,99.566,1.634,100,98.411,101,99.794,31.868,8460210,69.719,-0.492,0.329,0.028,-0.256,0.208,-0.301
2026-07-03T21:00:00.000Z,50,49.352,46.129,42,41.349,42.546,99.4,97.476,1.924,99.8,98.308,1.492,100.2,98.79,1.41,100.6,98.671,1.929,100,98.116,1.884,100.4,98.503,1.897,100.8,99.29,1.51,101.2,98.985,2.215,100,98.517,101,99.814,31.901,8470440,68.571,-0.419,0.352,0.016,-0.252,0.2,-0.298
2026-07-03T21:05:00.000Z,50,49.323,45.36,42,41.594,41.902,99.4,97.497,1.903,99.8,98.151,1.649,100.2,98.23,1.97,100.6,98.548,2.052,100,98.13,1.87,100.4,98.535,1.865,100.8,98.899,1.901,101.2,99.396,1.804,100,98.423,101,100.008,31.698,8480670,68.406,-0.415,0.257,0.004,-0.276,0.191,-0.295
2026-07-03T21:10:00.000Z,50,48.953,45.256,42,41.345,42.683,99.4,97.597,1.803,99.8,97.947,1.853,100.2,98.534,1.666,100.6,98.42,2.18,100,98.658,1.342,100.4,98.429,1.971,100.8,99.371,1.429,101.2,99.418,1.782,100,98.547,101,99.739,31.759,8490900,68.485,-0.438,0.265,-0.007,-0.269,0.183,-0.292
2026-07-03T21:15:00.000Z,50,49.32,45.228,42,41.699,41.772,99.4,97.566,1.834,99.8,98.099,1.701,100.2,98.358,1.842,100.6,98.514,2.086,100,98.383,1.617,100.4,98.417,1.983,100.8,99.346,1.454,101.2,99.071,2.129,100,98.469,101,99.918,31.715,8501130,68.73,-0.439,0.137,-0.019,-0.274,0.174,-0.288
2026-07-03T21:20:00.000Z,50,49.376,44.989,42,41.44,42.028,99.4,97.47,1.93,99.8,98.159,1.641,100.2,98.536,1.664,100.6,98.582,2.018,100,98.113,1.887,100.4,98.615,1.785,100.8,98.814,1.986,101.2,99.208,1.992,100,98.437,101,99.869,31.807,8511360,68.996,-0.358,0.261,-0.031,-0.263,0.165,-0.284
2026-07-03T21:25:00.000Z,50,49.012,45.667,42,41.526,42.174,99.4,97.416,1.984,99.8,98.448,1.352,100.2,98.266,1.934,100.6,99.034,1.566,100,97.804,2.196,100.4,98.573,1.827,100.8,99.473,1.327,101.2,99.067,2.133,100,98.51,101,99.995,31.543,8521590,68.509,-0.439,0.213,-0.042,-0.295,0.156,-0.279
2026-07-03T21:30:00.000Z,50,49.395,44.979,42,41.37,42.283,99.4,97.804,1.596,99.8,98.038,1.762,100.2,98.769,1.431,100.6,98.763,1.837,100,98.483,1.517,100.4,98.697,1.703,100.8,99.098,1.702,101.2,99.281,1.919,100,98.617,101,99.965,31.603,8531820,68.533,-0.396,0.202,-0.054,-0.288,0.146,-0.274
2026-07-03T21:35:00.000Z,50,49.308,45.392,42,41.485,42.031,99.4,97.641,1.759,99.8,98.066,1.734,100.2,98.883,1.317,100.6,99.279,1.321,100,98.694,1.306,100.4,98.509,1.891,100.8,98.788,2.012,101.2,99.71,1.49,100,98.696,101,99.662,32.04,8542050,68.583,-0.305,0.192,-0.065,-0.235,0.137,-0.269
2026-07-03T21:40:00.000Z,50,49.258,45.472,42,41.291,41.973,99.4,98.029,1.371,99.8,98.087,1.713,100.2,98.305,1.895,100.6,98.445,2.155,100,97.854,2.146,100.4,98.309,2.091,100.8,98.883,1.917,101.2,99.504,1.696,100,98.427,101,99.995,31.958,8552280,68.614,-0.386,0.07,-0.076,-0.245,0.127,-0.264
2026-07-03T21:45:00.000Z,50,49.492,45.049,42,41.605,42.285,99.4,97.331,2.069,99.8,98.105,1.695,100.2,98.436,1.764,100.6,99.101,1.499,100,98.605,1.395,100.4,98.695,1.705,100.8,99.106,1.694,101.2,99.647,1.553,100,98.628,101,99.918,31.837,8562510,68.4,-0.373,0.12,-0.087,-0.26,0.117,-0.258
2026-07-03T21:50:00.000Z,50,49.216,44.511,42,41.441,42.183,99.4,97.325,2.075,99.8,97.918,1.882,100.2,98.918,1.282,100.6,98.741,1.859,100,98.111,1.889,100.4,98.752,1.648,100.8,98.937,1.863,101.2,99.941,1.259,100,98.58,101,100.292,31.673,8572740,67.728,-0.241,-0.026,-0.098,-0.279,0.107,-0.252
2026-07-03T21:55:00.000Z,50,49.279,45.13,42,41.758,42.196,99.4,97.42,1.98,99.8,97.736,2.064,100.2,98.753,1.447,100.6,98.748,1.852,100,98.373,1.627,100.4,98.646,1.754,100.8,99.557,1.243,101.2,99.181,2.019,100,98.552,101,99.991,31.842,8582970,67.452,-0.281,-0.01,-0.109,-0.259,0.097,-0.246
2026-07-03T22:00:00.000Z,50,49.574,44.922,42,41.496,41.41,99.4,97.882,1.518,99.8,98.079,1.721,100.2,98.78,1.42,100.6,99.4,1.2,100,98.188,1.812,100.4,99.166,1.234,100.8,98.859,1.941,101.2,99.681,1.519,100,98.754,101,100.069,32.174,8593200,68.313,-0.298,-0.015,-0.12,-0.219,0.087,-0.239
2026-07-03T22:05:00.000Z,50,49.322,44.931,42,41.527,41.966,99.4,97.404,1.996,99.8,98.336,1.464,100.2,98.963,1.237,100.6,98.841,1.759,100,98.266,1.734,100.4,98.529,1.871,100.8,99.549,1.251,101.2,99.808,1.392,100,98.712,101,99.877,32.178,8603430,68.516,-0.248,-0.088,-0.13,-0.219,0.076,-0.232
2026-07-03T22:10:00.000Z,50,49.562,44.663,42,41.646,41.786,99.4,98.299,1.101,99.8,97.981,1.819,100.2,98.764,1.436,100.6,99.137,1.463,100,98.506,1.494,100.4,99.032,1.368,100.8,98.972,1.828,101.2,99.484,1.716,100,98.772,101,99.811,32.125,8613660,67.834,-0.203,-0.04,-0.141,-0.225,0.066,-0.225
2026-07-03T22:15:00.000Z,50,49.448,45.651,42,41.899,42.011,99.4,98.199,1.201,99.8,98.03,1.77,100.2,99.092,1.108,100.6,98.854,1.746,100,98.832,1.168,100.4,99.243,1.157,100.8,99.534,1.266,101.2,99.558,1.642,100,98.918,101,100.135,32.295,8623890,68.495,-0.106,-0.161,-0.151,-0.205,0.056,-0.217
2026-07-03T22:20:00.000Z,50,49.147,44.994,42,41.32,42.374,99.4,98.215,1.185,99.8,98.11,1.69,100.2,98.841,1.359,100.6,99.225,1.375,100,98.594,1.406,100.4,99.062,1.338,100.8,99.087,1.713,101.2,99.906,1.294,100,98.88,101,99.898,32.124,8634120,67.916,-0.062,-0.069,-0.16,-0.225,0.045,-0.209
2026-07-03T22:25:00.000Z,50,49.164,45.188,42,41.391,42.212,99.4,98.044,1.356,99.8,98.093,1.707,100.2,99.168,1.032,100.6,99.571,1.029,100,98.594,1.406,100.4,99.428,0.972,100.8,99.5,1.3,101.2,99.472,1.728,100,98.984,101,99.997,32.356,8644350,67.525,-0.086,-0.152,-0.17,-0.197,0.034,-0.201
2026-07-03T22:30:00.000Z,50,49.707,44.926,42,41.763,41.917,99.4,98.231,1.169,99.8,98.551,1.249,100.2,98.984,1.216,100.6,99.477,1.123,100,98.363,1.637,100.4,98.964,1.436,100.8,99.419,1.381,101.2,100.182,1.018,100,99.021,101,100.005,32.338,8654580,68.073,-0.14,-0.109,-0.179,-0.199,0.024,-0.193
2026-07-03T22:35:00.000Z,50,49.544,45.065,42,41.394,41.906,99.4,97.835,1.565,99.8,98.551,1.249,100.2,99.219,0.981,100.6,99.681,0.919,100,98.828,1.172,100.4,98.941,1.459,100.8,99.246,1.554,101.2,99.96,1.24,100,99.033,101,100.124,32.624,8664810,68.995,0.021,-0.226,-0.188,-0.165,0.013,-0.185
2026-07-03T22:40:00.000Z,50,49.417,45.585,42,41.985,42.024,99.4,97.984,1.416,99.8,98.501,1.299,100.2,99.163,1.037,100.6,99.139,1.461,100,99.149,0.851,100.4,98.895,1.505,100.8,99.174,1.626,101.2,100.194,1.006,100,99.025,101,100.052,32.701,8675040,67.869,0.039,-0.276,-0.196,-0.156,0.002,-0.176
2026-07-03T22:45:00.000Z,50,49.556,45.267,42,41.603,42.239,99.4,98.288,1.112,99.8,99.016,0.784,100.2,99.271,0.929,100.6,99.217,1.383,100,98.581,1.419,100.4,99.503,0.897,100.8,99.703,1.097,101.2,99.734,1.466,100,99.164,101,100.446,32.559,8685270,68.79,-0.003,-0.253,-0.204,-0.173,-0.008,-0.167
2026-07-03T22:50:00.000Z,50,49.256,45.531,42,41.815,41.938,99.4,97.886,1.514,99.8,98.745,1.055,100.2,99.352,0.848,100.6,99.907,0.693,100,98.751,1.249,100.4,99.159,1.241,100.8,99.334,1.466,101.2,99.952,1.248,100,99.136,101,100.42,32.796,8695500,69.137,0.019,-0.279,-0.212,-0.144,-0.019,-0.158
2026-07-03T22:55:00.000Z,50,49.562,45.438,42,41.737,42.597,99.4,98.81,0.59,99.8,99.145,0.655,100.2,99.35,0.85,100.6,100.02,0.58,100,98.602,1.398,100.4,99.484,0.916,100.8,100.115,0.685,101.2,100.058,1.142,100,99.448,101,100.656,32.692,8705730,68.443,0.092,-0.297,-0.219,-0.157,-0.03,-0.149
2026-07-03T23:00:00.000Z,50,49.647,45.882,42,41.774,42.055,99.4,98.493,0.907,99.8,99.206,0.594,100.2,99.52,0.68,100.6,99.25,1.35,100,99.068,0.932,100.4,99.642,0.758,100.8,99.729,1.071,101.2,100.623,0.577,100,99.441,101,100.157,32.732,8715960,68.966,0.19,-0.261,-0.227,-0.152,-0.04,-0.139
2026-07-03T23:05:00.000Z,50,49.808,46.11,42,41.598,42.206,99.4,98.888,0.512,99.8,98.522,1.278,100.2,99.484,0.716,100.6,99.743,0.857,100,99.142,0.858,100.4,99.395,1.005,100.8,100.102,0.698,101.2,100.311,0.889,100,99.448,101,100.354,32.747,8726190,69.98,0.157,-0.3,-0.233,-0.15,-0.051,-0.13
2026-07-03T23:10:00.000Z,50,49.961,46.366,42,41.922,42.295,99.4,98.949,0.451,99.8,98.995,0.805,100.2,99.639,0.561,100.6,100.053,0.547,100,98.736,1.264,100.4,99.555,0.845,100.8,99.875,0.925,101.2,100.438,0.762,100,99.53,101,100.19,32.818,8736420,69.335,0.15,-0.286,-0.239,-0.142,-0.061,-0.12
2026-07-03T23:15:00.000Z,50,50.022,45.783,42,41.788,42.806,99.4,98.593,0.807,99.8,99.319,0.481,100.2,99.699,0.501,100.6,100.2,0.4,100,99.235,0.765,100.4,99.407,0.993,100.8,100.401,0.399,101.2,100.731,0.469,100,99.698,101,100.332,33.186,8746650,69.711,0.179,-0.358,-0.245,-0.098,-0.072,-0.11
2026-07-03T23:20:00.000Z,50,49.902,46.708,42,41.742,42.681,99.4,98.709,0.691,99.8,99.19,0.61,100.2,99.68,0.52,100.6,99.551,1.049,100,98.916,1.084,100.4,100.041,0.359,100.8,99.742,1.058,101.2,100.912,0.288,100,99.593,101,100.702,33.17,8756880,70.194,0.197,-0.308,-0.251,-0.1,-0.082,-0.1
2026-07-03T23:25:00.000Z,50,49.839,46.143,42,41.62,42.878,99.4,98.71,0.69,99.8,98.927,0.873,100.2,100.021,0.179,100.6,99.567,1.033,100,99.719,0.281,100.4,100.175,0.225,100.8,100.201,0.599,101.2,100.843,0.357,100,99.77,101,100.341,33.23,8767110,70.721,0.271,-0.327,-0.256,-0.092,-0.092,-0.09
2026-07-03T23:30:00.000Z,50,49.74,46.367,42,42.168,43.54,99.4,98.953,0.447,99.8,99.561,0.239,100.2,99.614,0.586,100.6,99.757,0.843,100,99.918,0.082,100.4,99.91,0.49,100.8,100.235,0.565,101.2,101.067,0.133,100,99.877,101,100.435,33.619,8777340,70.822,0.266,-0.324,-0.26,-0.046,-0.102,-0.079
2026-07-03T23:35:00.000Z,50,49.629,46.554,42,42.073,43.661,99.4,99.321,0.079,99.8,99.31,0.49,100.2,99.576,0.624,100.6,100.055,0.545,100,99.707,0.293,100.4,100.32,0.08,100.8,100.623,0.177,101.2,100.574,0.626,100,99.936,101,100.656,33.267,8787570,70.266,0.282,-0.425,-0.264,-0.088,-0.112,-0.069
2026-07-03T23:40:00.000Z,50,49.569,47.532,42,42.181,43.453,99.4,98.623,0.777,99.8,99.373,0.427,100.2,100.312,-0.112,100.6,100.576,0.024,100,99.6,0.4,100.4,99.856,0.544,100.8,100.545,0.255,101.2,100.993,0.207,100,99.985,101,100.647,33.622,8797800,71.648,0.329,-0.428,-0.268,-0.045,-0.122,-0.059
2026-07-03T23:45:00.000Z,50,50.116,47.931,42,42.01,43.766,99.4,99.366,0.034,99.8,99.599,0.201,100.2,100.191,0.009,100.6,100.541,0.059,100,99.617,0.383,100.4,100.383,0.017,100.8,100.74,0.06,101.2,101.063,0.137,100,100.188,101,100.899,33.764,8808030,70.757,0.332,-0.386,-0.271,-0.028,-0.132,-0.048
2026-07-03T23:50:00.000Z,50,50.041,47.231,42,42.086,43.852,99.4,99.094,0.306,99.8,99.766,0.034,100.2,99.944,0.256,100.6,100.693,-0.093,100,100.169,-0.169,100.4,100.428,-0.028,100.8,100.568,0.232,101.2,101.128,0.072,100,100.224,101,100.99,34.034,8818260,70.986,0.383,-0.433,-0.274,0.004,-0.142,-0.037
2026-07-03T23:55:00.000Z,50,50.297,47.438,42,42.126,44.031,99.4,99.536,-0.136,99.8,99.597,0.203,100.2,100.091,0.109,100.6,100.374,0.226,100,100.005,-0.005,100.4,100.566,-0.166,100.8,101.122,-0.322,101.2,101.238,-0.038,100,100.316,101,100.999,34.122,8828490,71.104,0.309,-0.349,-0.276,0.015,-0.151,-0.027
2026-07-04T00:00:00.000Z,50,49.822,47.494,42,42.286,43.809,99.4,99.162,0.238,99.8,99.791,0.009,100.2,100.281,-0.081,100.6,100.754,-0.154,100,100.178,-0.178,100.4,100.486,-0.086,100.8,100.549,0.251,101.2,101.277,-0.077,100,100.31,101,100.894,33.752,8838720,72.335,0.406,-0.496,-0.278,-0.03,-0.161,-0.016
2026-07-04T00:05:00.000Z,50,49.72,48.145,42,41.953,43.676,99.4,99.331,0.069,99.8,99.656,0.144,100.2,100.202,-0.002,100.6,100.932,-0.332,100,100.442,-0.442,100.4,100.562,-0.162,100.8,101.254,-0.454,101.2,101.495,-0.295,100,100.484,101,100.779,34.053,8848950,72.604,0.46,-0.46,-0.279,0.006,-0.17,-0.005
2026-07-04T00:10:00.000Z,50,50.284,48.903,42,42.283,44.131,99.4,99.958,-0.558,99.8,99.763,0.037,100.2,100.394,-0.194,100.6,100.657,-0.057,100,99.888,0.112,100.4,100.814,-0.414,100.8,100.67,0.13,101.2,101.285,-0.085,100,100.429,101,100.933,34.259,8859180,72.858,0.482,-0.48,-0.28,0.031,-0.179,0.005
2026-07-04T00:15:00.000Z,50,50.137,48.144,42,42.101,44.256,99.4,99.636,-0.236,99.8,100.368,-0.568,100.2,100.551,-0.351,100.6,100.504,0.096,100,100.002,-0.002,100.4,100.995,-0.595,100.8,100.675,0.125,101.2,101.768,-0.568,100,100.562,101,101.189,34.529,8869410,72.12,0.503,-0.378,-0.28,0.064,-0.187,0.016
2026-07-04T00:20:00.000Z,50,50.168,48.629,42,42.343,44.355,99.4,99.843,-0.443,99.8,100.349,-0.549,100.2,100.254,-0.054,100.6,100.771,-0.171,100,100.387,-0.387,100.4,100.708,-0.308,100.8,101.033,-0.233,101.2,101.45,-0.25,100,100.599,101,101.13,34.262,8879640,72.348,0.36,-0.451,-0.28,0.031,-0.196,0.027
2026-07-04T00:25:00.000Z,50,49.962,49.322,42,42.241,44.538,99.4,100.051,-0.651,99.8,100.169,-0.369,100.2,100.263,-0.063,100.6,100.575,0.025,100,100.87,-0.87,100.4,100.547,-0.147,100.8,100.93,-0.13,101.2,101.275,-0.075,100,100.585,101,100.713,34.686,8889870,73.818,0.446,-0.438,-0.279,0.082,-0.204,0.037
2026-07-04T00:30:00.000Z,50,50.255,49.512,42,42.093,45.145,99.4,99.684,-0.284,99.8,100.185,-0.385,100.2,100.73,-0.53,100.6,100.747,-0.147,100,100.684,-0.684,100.4,100.698,-0.298,100.8,101.616,-0.816,101.2,101.798,-0.598,100,100.768,101,101.22,34.421,8900100,73.758,0.375,-0.446,-0.278,0.051,-0.212,0.048
2026-07-04T00:35:00.000Z,50,50.16,49.791,42,41.971,45.308,99.4,100.108,-0.708,99.8,100.698,-0.898,100.2,101.163,-0.963,100.6,101.043,-0.443,100,100.387,-0.387,100.4,100.749,-0.349,100.8,101.169,-0.369,101.2,101.813,-0.613,100,100.891,101,100.737,34.597,8910330,73.828,0.507,-0.438,-0.276,0.072,-0.22,0.058
2026-07-04T00:40:00.000Z,50,50.047,49.943,42,41.879,45.505,99.4,99.961,-0.561,99.8,100.159,-0.359,100.2,100.895,-0.695,100.6,101.261,-0.661,100,101.102,-1.102,100.4,100.757,-0.357,100.8,101.279,-0.479,101.2,102.244,-1.044,100,100.957,101,101.223,34.575,8920560,73.981,0.449,-0.455,-0.274,0.069,-0.228,0.069
2026-07-04T00:45:00.000Z,50,50.067,50.051,42,42.225,45.122,99.4,100.581,-1.181,99.8,100.97,-1.17,100.2,100.579,-0.379,100.6,101.509,-0.909,100,100.703,-0.703,100.4,100.925,-0.525,100.8,101.423,-0.623,101.2,102.051,-0.851,100,101.093,101,100.94,34.705,8930790,73.776,0.381,-0.361,-0.272,0.085,-0.235,0.079
2026-07-04T00:50:00.000Z,50,50.246,49.63,42,41.907,45.242,99.4,99.871,-0.471,99.8,100.874,-1.074,100.2,100.719,-0.519,100.6,101.485,-0.885,100,100.748,-0.748,100.4,101.186,-0.786,100.8,101.431,-0.631,101.2,101.824,-0.624,100,101.017,101,100.846,34.811,8941020,74.265,0.423,-0.3,-0.268,0.097,-0.242,0.089
2026-07-04T00:55:00.000Z,50,50.03,49.842,42,42.122,45.038,99.4,99.858,-0.458,99.8,101.079,-1.279,100.2,101.235,-1.035,100.6,101.45,-0.85,100,101.17,-1.17,100.4,101.176,-0.776,100.8,101.806,-1.006,101.2,102.438,-1.238,100,101.277,101,100.995,34.908,8951250,74.763,0.51,-0.292,-0.265,0.109,-0.249,0.1
2026-07-04T01:00:00.000Z,50,50.384,50.336,42,42.326,45.494,99.4,100.264,-0.864,99.8,100.455,-0.655,100.2,101.072,-0.872,100.6,101.274,-0.674,100,101.231,-1.231,100.4,101.36,-0.96,100.8,102.165,-1.365,101.2,102.151,-0.951,100,101.246,101,100.954,34.942,8961480,74.471,0.434,-0.375,-0.261,0.113,-0.256,0.11
2026-07-04T01:05:00.000Z,50,50.134,50.036,42,42.358,45.81,99.4,100.081,-0.681,99.8,101.102,-1.302,100.2,101.359,-1.159,100.6,101.971,-1.371,100,100.661,-0.661,100.4,101.247,-0.847,100.8,101.626,-0.826,101.2,102.266,-1.066,100,101.289,101,101.286,35.089,8971710,74.986,0.377,-0.279,-0.256,0.131,-0.262,0.12
2026-07-04T01:10:00.000Z,50,50.424,50.107,42,42.371,45.746,99.4,100.146,-0.746,99.8,100.729,-0.929,100.2,101.027,-0.827,100.6,101.777,-1.177,100,100.956,-0.956,100.4,101.485,-1.085,100.8,102.204,-1.404,101.2,102.116,-0.916,100,101.305,101,101.078,35.129,8981940,75.802,0.457,-0.268,-0.252,0.135,-0.268,0.129
2026-07-04T01:15:00.000Z,50,50.416,50.451,42,42.511,45.491,99.4,100.648,-1.248,99.8,100.667,-0.867,100.2,100.976,-0.776,100.6,101.917,-1.317,100,100.915,-0.915,100.4,101.677,-1.277,100.8,102.074,-1.274,101.2,102.005,-0.805,100,101.36,101,100.988,35.559,8992170,75.828,0.334,-0.332,-0.246,0.187,-0.274,0.139
2026-07-04T01:20:00.000Z,50,50.263,50.003,42,42.079,45.542,99.4,100.724,-1.324,99.8,100.963,-1.163,100.2,101.454,-1.254,100.6,101.818,-1.218,100,101.243,-1.243,100.4,101.757,-1.357,100.8,102.196,-1.396,101.2,102.285,-1.085,100,101.555,101,101.468,35.265,9002400,75.176,0.462,-0.191,-0.24,0.152,-0.279,0.149
2026-07-04T01:25:00.000Z,50,50.341,50.952,42,42.524,45.872,99.4,101.034,-1.634,99.8,101.143,-1.343,100.2,101.912,-1.712,100.6,101.8,-1.2,100,101.299,-1.299,100.4,101.585,-1.185,100.8,101.924,-1.124,101.2,102.715,-1.515,100,101.677,101,101.506,35.707,9012630,75.536,0.38,-0.266,-0.234,0.205,-0.284,0.158
2026-07-04T01:30:00.000Z,50,50.487,50.355,42,42.439,46.138,99.4,101.104,-1.704,99.8,101.512,-1.712,100.2,101.425,-1.225,100.6,101.772,-1.172,100,100.978,-0.978,100.4,101.933,-1.533,100.8,102.374,-1.574,101.2,102.618,-1.418,100,101.715,101,101.532,35.84,9022860,75.514,0.402,-0.207,-0.228,0.221,-0.289,0.167
2026-07-04T01:35:00.000Z,50,50.888,51.44,42,42.257,45.924,99.4,100.433,-1.033,99.8,101.593,-1.793,100.2,101.495,-1.295,100.6,101.989,-1.389,100,101.305,-1.305,100.4,101.551,-1.151,100.8,102.462,-1.662,101.2,102.605,-1.405,100,101.679,101,101.444,35.695,9033090,75.63,0.288,-0.159,-0.221,0.203,-0.293,0.176
2026-07-04T01:40:00.000Z,50,50.378,51.132,42,42.569,45.962,99.4,101.185,-1.785,99.8,101.019,-1.219,100.2,101.812,-1.612,100.6,102.424,-1.824,100,101.183,-1.183,100.4,101.616,-1.216,100.8,102.478,-1.678,101.2,102.202,-1.002,100,101.74,101,101.437,35.717,9043320,76.392,0.246,-0.149,-0.213,0.206,-0.297,0.185
2026-07-04T01:45:00.000Z,50,50.709,51.26,42,42.219,46.16,99.4,100.856,-1.456,99.8,101.281,-1.481,100.2,101.55,-1.35,100.6,102.294,-1.694,100,101.093,-1.093,100.4,101.944,-1.544,100.8,102.296,-1.496,101.2,102.958,-1.758,100,101.784,101,101.616,35.812,9053550,76.091,0.34,-0.119,-0.206,0.217,-0.301,0.193
2026-07-04T01:50:00.000Z,50,50.488,50.567,42,42.46,45.887,99.4,101.13,-1.73,99.8,101.344,-1.544,100.2,101.687,-1.487,100.6,102.466,-1.866,100,101.361,-1.361,100.4,101.992,-1.592,100.8,102.591,-1.791,101.2,102.77,-1.57,100,101.918,101,101.678,36,9063780,76.16,0.312,-0.12,-0.197,0.24,-0.305,0.201
2026-07-04T01:55:00.000Z,50,50.462,51.131,42,42.481,46.421,99.4,100.984,-1.584,99.8,101.746,-1.946,100.2,102.105,-1.905,100.6,101.96,-1.36,100,102.011,-2.011,100.4,102.355,-1.955,100.8,102.79,-1.99,101.2,103.213,-2.013,100,102.145,101,101.717,36.197,9074010,75.779,0.16,-0.059,-0.189,0.264,-0.308,0.209
2026-07-04T02:00:00.000Z,50,50.848,50.982,42,42.179,45.725,99.4,101.347,-1.947,99.8,101.135,-1.335,100.2,101.922,-1.722,100.6,101.933,-1.333,100,101.76,-1.76,100.4,101.693,-1.293,100.8,102.552,-1.752,101.2,103.019,-1.819,100,101.92,101,101.366,36.181,9084240,76.57,0.2,-0.14,-0.18,0.262,-0.31,0.217
2026-07-04T02:05:00.000Z,50,50.756,50.934,42,42.319,45.744,99.4,101.355,-1.955,99.8,101.458,-1.658,100.2,101.386,-1.186,100.6,101.783,-1.183,100,101.353,-1.353,100.4,101.823,-1.423,100.8,102.01,-1.21,101.2,102.502,-1.302,100,101.709,101,101.339,36.193,9094470,75.792,0.231,-0.02,-0.171,0.263,-0.313,0.225
2026-07-04T02:10:00.000Z,50,50.638,51.068,42,42.395,45.787,99.4,100.836,-1.436,99.8,101.192,-1.392,100.2,101.59,-1.39,100.6,102.667,-2.067,100,101.447,-1.447,100.4,102.202,-1.802,100.8,102.299,-1.499,101.2,102.934,-1.734,100,101.896,101,101.346,35.986,9104700,75.315,0.188,0.029,-0.162,0.238,-0.315,0.232
2026-07-04T02:15:00.000Z,50,50.998,50.736,42,42.298,46.535,99.4,101.249,-1.849,99.8,101.284,-1.484,100.2,102.121,-1.921,100.6,101.933,-1.333,100,101.335,-1.335,100.4,102.187,-1.787,100.8,102.342,-1.542,101.2,103.126,-1.926,100,101.947,101,101.822,36.165,9114930,76.445,0.208,-0.047,-0.152,0.26,-0.317,0.239
2026-07-04T02:20:00.000Z,50,51.034,51.228,42,42.298,45.977,99.4,100.84,-1.44,99.8,101.606,-1.806,100.2,101.563,-1.363,100.6,102.321,-1.721,100,101.566,-1.566,100.4,102.033,-1.633,100.8,102.726,-1.926,101.2,103.129,-1.929,100,101.973,101,101.95,36.012,9125160,76.423,0.078,0.102,-0.142,0.241,-0.318,0.245
2026-07-04T02:25:00.000Z,50,50.725,50.274,42,42.511,46.33,99.4,101.289,-1.889,99.8,101.197,-1.397,100.2,101.637,-1.437,100.6,102.594,-1.994,100,102.062,-2.062,100.4,101.791,-1.391,100.8,102.559,-1.759,101.2,103.336,-2.136,100,102.058,101,101.942,35.956,9135390,76.452,0.043,0.04,-0.132,0.235,-0.319,0.252
2026-07-04T02:30:00.000Z,50,51.115,50.266,42,42.559,46.029,99.4,101.185,-1.785,99.8,101.252,-1.452,100.2,101.814,-1.614,100.6,102.711,-2.111,100,101.442,-1.442,100.4,101.97,-1.57,100.8,102.385,-1.585,101.2,102.596,-1.396,100,101.919,101,101.962,36.083,9145620,75.772,-0.032,0.15,-0.122,0.25,-0.32,0.258
2026-07-04T02:35:00.000Z,50,51.153,50.501,42,42.551,45.507,99.4,100.707,-1.307,99.8,101.94,-2.14,100.2,101.76,-1.56,100.6,101.906,-1.306,100,101.429,-1.429,100.4,102.581,-2.181,100.8,102.486,-1.686,101.2,102.609,-1.409,100,101.927,101,101.941,36.135,9155850,75.144,0.026,0.065,-0.111,0.256,-0.32,0.264
2026-07-04T02:40:00.000Z,50,51.082,50.407,42,42.533,45.72,99.4,101.309,-1.909,99.8,101.216,-1.416,100.2,102.317,-2.117,100.6,102.014,-1.414,100,102.098,-2.098,100.4,102.514,-2.114,100.8,102.994,-2.194,101.2,102.979,-1.779,100,102.18,101,101.648,36.408,9166080,76.123,-0.051,0.186,-0.1,0.289,-0.32,0.269
2026-07-04T02:45:00.000Z,50,50.988,49.961,42,42.464,46.08,99.4,100.863,-1.463,99.8,101.958,-2.158,100.2,101.62,-1.42,100.6,102.786,-2.186,100,101.649,-1.649,100.4,101.934,-1.534,100.8,102.506,-1.706,101.2,102.674,-1.474,100,101.999,101,101.721,36.048,9176310,75.99,0.023,0.186,-0.089,0.246,-0.32,0.274
2026-07-04T02:50:00.000Z,50,50.901,50.435,42,42.444,45.422,99.4,101.02,-1.62,99.8,101.155,-1.355,100.2,102.146,-1.946,100.6,102.439,-1.839,100,101.95,-1.95,100.4,101.827,-1.427,100.8,102.596,-1.796,101.2,103.039,-1.839,100,102.022,101,101.857,36.309,9186540,74.787,-0.146,0.239,-0.078,0.277,-0.319,0.279
2026-07-04T02:55:00.000Z,50,50.657,50.518,42,42.695,45.19,99.4,101.215,-1.815,99.8,101.481,-1.681,100.2,102.144,-1.944,100.6,102.441,-1.841,100,101.352,-1.352,100.4,101.945,-1.545,100.8,102.55,-1.75,101.2,103.339,-2.139,100,102.058,101,101.805,36.014,9196770,75.402,-0.11,0.206,-0.067,0.242,-0.318,0.284
2026-07-04T03:00:00.000Z,50,50.659,49.527,42,42.856,45.062,99.4,101.508,-2.108,99.8,101.937,-2.137,100.2,102.173,-1.973,100.6,101.964,-1.364,100,102.022,-2.022,100.4,102.509,-2.109,100.8,102.412,-1.612,101.2,102.845,-1.645,100,102.171,101,101.757,36.042,9207000,75.236,-0.127,0.205,-0.055,0.245,-0.316,0.288
2026-07-04T03:05:00.000Z,50,51.111,50.563,42,42.691,45.745,99.4,101.17,-1.77,99.8,101.304,-1.504,100.2,101.558,-1.358,100.6,102.262,-1.662,100,101.351,-1.351,100.4,102.126,-1.726,100.8,102.935,-2.135,101.2,102.728,-1.528,100,101.929,101,101.728,36.508,9217230,74.93,-0.212,0.302,-0.044,0.301,-0.314,0.292
2026-07-04T03:10:00.000Z,50,51.11,49.7,42,42.718,45.642,99.4,100.939,-1.539,99.8,101.801,-2.001,100.2,102.373,-2.173,100.6,102.64,-2.04,100,101.853,-1.853,100.4,102.423,-2.023,100.8,102.553,-1.753,101.2,102.656,-1.456,100,102.155,101,101.947,36.344,9227460,75.084,-0.173,0.282,-0.032,0.281,-0.312,0.295
2026-07-04T03:15:00.000Z,50,50.708,50.132,42,42.546,45.283,99.4,101.228,-1.828,99.8,101.812,-2.012,100.2,101.692,-1.492,100.6,102.002,-1.402,100,101.411,-1.411,100.4,102.449,-2.049,100.8,102.228,-1.428,101.2,102.786,-1.586,100,101.951,101,102.031,36.125,9237690,74.727,-0.217,0.262,-0.021,0.255,-0.31,0.298
2026-07-04T03:20:00.000Z,50,50.994,48.903,42,42.979,45.248,99.4,101.517,-2.117,99.8,101.238,-1.438,100.2,101.82,-1.62,100.6,102.24,-1.64,100,101.513,-1.513,100.4,102.112,-1.712,100.8,102.823,-2.023,101.2,103.368,-2.168,100,102.079,101,101.722,36.423,9247920,73.372,-0.236,0.261,-0.009,0.291,-0.307,0.301
2026-07-04T03:25:00.000Z,50,50.993,49.763,42,42.515,44.986,99.4,100.824,-1.424,99.8,101.409,-1.609,100.2,101.674,-1.474,100.6,102.463,-1.863,100,101.449,-1.449,100.4,101.679,-1.279,100.8,102.183,-1.383,101.2,103.058,-1.858,100,101.842,101,101.957,36.405,9258150,73.295,-0.248,0.272,0.003,0.289,-0.304,0.303
2026-07-04T03:30:00.000Z,50,51.009,48.878,42,42.594,44.966,99.4,100.655,-1.255,99.8,101.225,-1.425,100.2,102.288,-2.088,100.6,102.656,-2.056,100,101.73,-1.73,100.4,101.703,-1.303,100.8,102.33,-1.53,101.2,102.993,-1.793,100,101.948,101,101.746,36.275,9268380,73.504,-0.27,0.379,0.014,0.273,-0.3,0.305
2026-07-04T03:35:00.000Z,50,51.011,49.494,42,42.513,44.933,99.4,101.155,-1.755,99.8,101.629,-1.829,100.2,101.531,-1.331,100.6,102.223,-1.623,100,101.558,-1.558,100.4,102.284,-1.884,100.8,102.429,-1.629,101.2,103.16,-1.96,100,101.996,101,102.186,36.193,9278610,72.913,-0.381,0.29,0.026,0.263,-0.296,0.307
2026-07-04T03:40:00.000Z,50,51.103,49.035,42,42.726,44.614,99.4,100.772,-1.372,99.8,101.075,-1.275,100.2,101.952,-1.752,100.6,102.672,-2.072,100,101.703,-1.703,100.4,101.778,-1.378,100.8,102.543,-1.743,101.2,102.486,-1.286,100,101.873,101,102.233,36.123,9288840,73.194,-0.306,0.356,0.037,0.255,-0.292,0.308
2026-07-04T03:45:00.000Z,50,51.139,48.883,42,43.021,44.727,99.4,101.092,-1.692,99.8,101.818,-2.018,100.2,102.191,-1.991,100.6,101.839,-1.239,100,101.61,-1.61,100.4,101.818,-1.418,100.8,102.825,-2.025,101.2,102.759,-1.559,100,101.994,101,102.086,36.136,9299070,72.916,-0.365,0.443,0.049,0.256,-0.287,0.309
2026-07-04T03:50:00.000Z,50,51.176,48.183,42,42.67,44.355,99.4,101.076,-1.676,99.8,101.327,-1.527,100.2,101.687,-1.487,100.6,102.184,-1.584,100,101.966,-1.966,100.4,102.376,-1.976,100.8,102.493,-1.693,101.2,102.525,-1.325,100,101.954,101,102.075,36.085,9309300,72.587,-0.427,0.326,0.06,0.25,-0.283,0.31
2026-07-04T03:55:00.000Z,50,50.916,47.904,42,42.912,43.686,99.4,101.001,-1.601,99.8,101.372,-1.572,100.2,101.884,-1.684,100.6,101.993,-1.393,100,101.72,-1.72,100.4,101.72,-1.32,100.8,102.185,-1.385,101.2,102.66,-1.46,100,101.817,101,102.352,36.314,9319530,71.584,-0.418,0.436,0.072,0.278,-0.277,0.31
2026-07-04T04:00:00.000Z,50,51.285,48.556,42,42.968,44.304,99.4,101.066,-1.666,99.8,101.808,-2.008,100.2,101.467,-1.267,100.6,102.592,-1.992,100,101.837,-1.837,100.4,101.729,-1.329,100.8,102.101,-1.301,101.2,102.717,-1.517,100,101.915,101,102.344,35.96,9329760,71.873,-0.457,0.355,0.083,0.235,-0.272,0.31
2026-07-04T04:05:00.000Z,50,51.439,48.212,42,42.949,44.15,99.4,101.179,-1.779,99.8,101.338,-1.538,100.2,101.536,-1.336,100.6,101.866,-1.266,100,101.169,-1.169,100.4,102.371,-1.971,100.8,102.668,-1.868,101.2,102.69,-1.49,100,101.852,101,101.926,36.124,9339990,71.698,-0.375,0.398,0.094,0.255,-0.266,0.309
2026-07-04T04:10:00.000Z,50,50.906,48.148,42,42.93,43.859,99.4,101.059,-1.659,99.8,101.276,-1.476,100.2,101.268,-1.068,100.6,102.472,-1.872,100,101.82,-1.82,100.4,102.132,-1.732,100.8,102.243,-1.443,101.2,102.485,-1.285,100,101.844,101,102.421,35.832,9350220,71.195,-0.463,0.431,0.105,0.22,-0.26,0.308
2026-07-04T04:15:00.000Z,50,51.31,47.512,42,42.758,43.155,99.4,101.311,-1.911,99.8,101.698,-1.898,100.2,102.076,-1.876,100.6,102.217,-1.617,100,101.313,-1.313,100.4,101.986,-1.586,100.8,102.573,-1.773,101.2,102.655,-1.455,100,101.979,101,102.096,35.829,9360450,71.34,-0.429,0.386,0.116,0.219,-0.254,0.307
2026-07-04T04:20:00.000Z,50,51.211,46.758,42,42.853,43.307,99.4,101.133,-1.733,99.8,101.465,-1.665,100.2,101.963,-1.763,100.6,102.03,-1.43,100,101.642,-1.642,100.4,101.844,-1.444,100.8,101.827,-1.027,101.2,102.832,-1.632,100,101.842,101,102.32,35.819,9370680,70.84,-0.498,0.49,0.126,0.218,-0.247,0.306
2026-07-04T04:25:00.000Z,50,51.07,47.63,42,42.889,42.826,99.4,101.208,-1.808,99.8,101.364,-1.564,100.2,101.731,-1.531,100.6,102.404,-1.804,100,101.733,-1.733,100.4,101.893,-1.493,100.8,102.548,-1.748,101.2,102.963,-1.763,100,101.98,101,102.459,35.87,9380910,70.199,-0.489,0.356,0.136,0.224,-0.24,0.304
2026-07-04T04:30:00.000Z,50,51.118,46.811,42,42.938,43.098,99.4,100.707,-1.307,99.8,101.278,-1.478,100.2,101.729,-1.529,100.6,101.908,-1.308,100,101.748,-1.748,100.4,101.616,-1.216,100.8,102.541,-1.741,101.2,102.886,-1.686,100,101.802,101,102.233,36.135,9391140,70.204,-0.507,0.435,0.147,0.256,-0.233,0.301
2026-07-04T04:35:00.000Z,50,51.11,47.002,42,42.599,43.139,99.4,101.059,-1.659,99.8,100.737,-0.937,100.2,101.431,-1.231,100.6,102.154,-1.554,100,101.512,-1.512,100.4,102.094,-1.694,100.8,102.242,-1.442,101.2,102.874,-1.674,100,101.763,101,102.358,35.802,9401370,69.997,-0.427,0.342,0.156,0.216,-0.226,0.298
2026-07-04T04:40:00.000Z,50,51.189,46.489,42,42.793,43.257,99.4,100.853,-1.453,99.8,101.139,-1.339,100.2,101.44,-1.24,100.6,101.719,-1.119,100,101.273,-1.273,100.4,101.645,-1.245,100.8,102.45,-1.65,101.2,102.684,-1.484,100,101.65,101,102.42,35.904,9411600,69.839,-0.441,0.366,0.166,0.228,-0.218,0.295
2026-07-04T04:45:00.000Z,50,51.116,46.49,42,42.696,42.797,99.4,100.557,-1.157,99.8,101.209,-1.409,100.2,101.202,-1.002,100.6,101.851,-1.251,100,101.137,-1.137,100.4,101.314,-0.914,100.8,102.147,-1.347,101.2,102.427,-1.227,100,101.481,101,101.955,35.924,9421830,69.378,-0.493,0.468,0.175,0.231,-0.21,0.292
2026-07-04T04:50:00.000Z,50,51.13,46.184,42,43.067,42.832,99.4,100.607,-1.207,99.8,101.476,-1.676,100.2,101.071,-0.871,100.6,101.831,-1.231,100,101.418,-1.418,100.4,101.899,-1.499,100.8,102.151,-1.351,101.2,102.477,-1.277,100,101.616,101,101.961,35.623,9432060,69.632,-0.438,0.354,0.184,0.195,-0.202,0.288
2026-07-04T04:55:00.000Z,50,51.244,46.359,42,43.095,42.465,99.4,100.344,-0.944,99.8,101.422,-1.622,100.2,101.072,-0.872,100.6,102.282,-1.682,100,101.503,-1.503,100.4,101.579,-1.179,100.8,102.055,-1.255,101.2,102.105,-0.905,100,101.545,101,102.392,35.844,9442290,68.885,-0.385,0.431,0.193,0.221,-0.193,0.284
2026-07-04T05:00:00.000Z,50,51.617,45.652,42,43.058,42.175,99.4,100.242,-0.842,99.8,100.991,-1.191,100.2,101.498,-1.298,100.6,102.054,-1.454,100,101.594,-1.594,100.4,101.52,-1.12,100.8,102.247,-1.447,101.2,102.564,-1.364,100,101.589,101,102.27,35.972,9452520,69.652,-0.371,0.326,0.201,0.237,-0.185,0.28
2026-07-04T05:05:00.000Z,50,51.268,46.146,42,42.621,41.999,99.4,100.194,-0.794,99.8,100.826,-1.026,100.2,101.068,-0.868,100.6,102.143,-1.543,100,100.931,-0.931,100.4,101.696,-1.296,100.8,101.95,-1.15,101.2,102.369,-1.169,100,101.397,101,102.382,35.506,9462750,69.379,-0.445,0.358,0.209,0.181,-0.176,0.275
2026-07-04T05:10:00.000Z,50,51.621,45.358,42,43.009,42.505,99.4,100.43,-1.03,99.8,101.215,-1.415,100.2,101.794,-1.594,100.6,101.633,-1.033,100,100.82,-0.82,100.4,101.876,-1.476,100.8,102.201,-1.401,101.2,101.961,-0.761,100,101.491,101,102.232,35.726,9472980,68.925,-0.456,0.274,0.217,0.207,-0.167,0.27
2026-07-04T05:15:00.000Z,50,51.467,45.605,42,42.942,42.266,99.4,100.379,-0.979,99.8,101.344,-1.544,100.2,101.218,-1.018,100.6,101.472,-0.872,100,101.444,-1.444,100.4,101.768,-1.368,100.8,102.273,-1.473,101.2,102.764,-1.564,100,101.583,101,102.522,35.926,9483210,68.1,-0.399,0.289,0.224,0.231,-0.158,0.264
2026-07-04T05:20:00.000Z,50,51.698,45.989,42,42.94,42.324,99.4,100.617,-1.217,99.8,101.398,-1.598,100.2,101.036,-0.836,100.6,101.365,-0.765,100,101.546,-1.546,100.4,101.906,-1.506,100.8,101.925,-1.125,101.2,102.16,-0.96,100,101.494,101,102.505,35.83,9493440,68.526,-0.414,0.307,0.231,0.22,-0.149,0.259
2026-07-04T05:25:00.000Z,50,51.406,45.707,42,42.794,41.818,99.4,100.448,-1.048,99.8,100.579,-0.779,100.2,101.548,-1.348,100.6,102.112,-1.512,100,101.013,-1.013,100.4,101.126,-0.726,100.8,102.112,-1.312,101.2,102.194,-0.994,100,101.392,101,102.411,35.802,9503670,67.851,-0.308,0.252,0.237,0.216,-0.139,0.253
2026-07-04T05:30:00.000Z,50,51.262,45.652,42,42.741,42.376,99.4,100.184,-0.784,99.8,101.036,-1.236,100.2,100.998,-0.798,100.6,101.419,-0.819,100,101.039,-1.039,100.4,101.879,-1.479,100.8,101.852,-1.052,101.2,101.985,-0.785,100,101.299,101,102.018,35.588,9513900,68.956,-0.255,0.322,0.243,0.191,-0.129,0.246
2026-07-04T05:35:00.000Z,50,51.217,44.608,42,42.76,42.325,99.4,100.578,-1.178,99.8,100.692,-0.892,100.2,101.186,-0.986,100.6,101.719,-1.119,100,100.89,-0.89,100.4,101.768,-1.368,100.8,102.277,-1.477,101.2,101.886,-0.686,100,101.375,101,102.036,35.752,9524130,67.926,-0.237,0.249,0.249,0.21,-0.119,0.24
2026-07-04T05:40:00.000Z,50,51.214,45.674,42,42.718,41.826,99.4,100.868,-1.468,99.8,101.262,-1.462,100.2,101.655,-1.455,100.6,101.983,-1.383,100,101.211,-1.211,100.4,101.693,-1.293,100.8,101.89,-1.09,101.2,102.362,-1.162,100,101.616,101,102.522,35.685,9534360,67.439,-0.345,0.253,0.254,0.202,-0.11,0.233
2026-07-04T05:45:00.000Z,50,51.32,44.513,42,42.774,42.081,99.4,100.939,-1.539,99.8,101.209,-1.409,100.2,101.058,-0.858,100.6,102.107,-1.507,100,101.499,-1.499,100.4,101.358,-0.958,100.8,101.622,-0.822,101.2,102,-0.8,100,101.474,101,102.359,35.841,9544590,68.698,-0.29,0.259,0.258,0.221,-0.099,0.225
2026-07-04T05:50:00.000Z,50,51.722,45.296,42,43.195,41.508,99.4,100.907,-1.507,99.8,100.765,-0.965,100.2,101.182,-0.982,100.6,102.095,-1.495,100,101.034,-1.034,100.4,101.395,-0.995,100.8,101.934,-1.134,101.2,102.647,-1.447,100,101.495,101,102.528,35.656,9554820,67.457,-0.179,0.112,0.263,0.199,-0.089,0.218
2026-07-04T05:55:00.000Z,50,51.537,44.962,42,43.14,41.877,99.4,100.659,-1.259,99.8,100.825,-1.025,100.2,101.189,-0.989,100.6,101.451,-0.851,100,100.995,-0.995,100.4,101.55,-1.15,100.8,102.225,-1.425,101.2,102.037,-0.837,100,101.366,101,102.429,35.76,9565050,67.741,-0.206,0.239,0.267,0.211,-0.079,0.21
2026-07-04T06:00:00.000Z,50,51.67,44.876,42,42.771,42.268,99.4,100.276,-0.876,99.8,100.81,-1.01,100.2,101.353,-1.153,100.6,101.974,-1.374,100,101.249,-1.249,100.4,101.595,-1.195,100.8,102.005,-1.205,101.2,102.009,-0.809,100,101.409,101,102.333,35.448,9575280,67.704,-0.208,0.078,0.27,0.174,-0.069,0.202
2026-07-04T06:05:00.000Z,50,51.302,45.172,42,42.936,41.838,99.4,100.857,-1.457,99.8,100.829,-1.029,100.2,101.606,-1.406,100.6,101.96,-1.36,100,100.737,-0.737,100.4,101.104,-0.704,100.8,102.267,-1.467,101.2,102.451,-1.251,100,101.476,101,102.355,35.352,9585510,67.909,-0.222,0.044,0.273,0.162,-0.058,0.194
2026-07-04T06:10:00.000Z,50,51.367,44.464,42,42.897,41.804,99.4,100.464,-1.064,99.8,100.586,-0.786,100.2,101.242,-1.042,100.6,101.53,-0.93,100,100.791,-0.791,100.4,101.477,-1.077,100.8,102.181,-1.381,101.2,102.707,-1.507,100,101.372,101,102.483,35.419,9595740,67.907,-0.1,0.096,0.275,0.17,-0.048,0.186
2026-07-04T06:15:00.000Z,50,51.51,45.331,42,42.701,41.796,99.4,100.756,-1.356,99.8,101.067,-1.267,100.2,101.434,-1.234,100.6,101.608,-1.008,100,100.882,-0.882,100.4,101.637,-1.237,100.8,102.337,-1.537,101.2,102.221,-1.021,100,101.493,101,102.527,35.364,9605970,67.453,-0.08,0.138,0.277,0.164,-0.037,0.177
2026-07-04T06:20:00.000Z,50,51.607,45.671,42,42.723,41.967,99.4,100.299,-0.899,99.8,100.962,-1.162,100.2,101.724,-1.524,100.6,102.155,-1.555,100,101.1,-1.1,100.4,101.359,-0.959,100.8,101.951,-1.151,101.2,102.159,-0.959,100,101.464,101,102.586,35.81,9616200,67.596,-0.065,0.077,0.279,0.217,-0.026,0.168
2026-07-04T06:25:00.000Z,50,51.554,45.237,42,42.726,42.409,99.4,100.541,-1.141,99.8,100.947,-1.147,100.2,101.599,-1.399,100.6,101.54,-0.94,100,101.35,-1.35,100.4,101.187,-0.787,100.8,101.581,-0.781,101.2,102.73,-1.53,100,101.434,101,102.084,35.583,9626430,67.893,-0.032,-0.006,0.279,0.19,-0.016,0.159
2026-07-04T06:30:00.000Z,50,51.601,45.417,42,42.992,41.828,99.4,100.917,-1.517,99.8,100.517,-0.717,100.2,100.973,-0.773,100.6,101.803,-1.203,100,101.204,-1.204,100.4,101.088,-0.688,100.8,102.308,-1.508,101.2,102.176,-0.976,100,101.373,101,102.175,35.806,9636660,68.247,-0.081,0.052,0.28,0.217,-0.005,0.15
2026-07-04T06:35:00.000Z,50,51.08,45.576,42,42.908,41.654,99.4,100.38,-0.98,99.8,100.975,-1.175,100.2,101.225,-1.025,100.6,101.327,-0.727,100,101.033,-1.033,100.4,101.388,-0.988,100.8,102.323,-1.523,101.2,102.225,-1.025,100,101.36,101,102.21,35.778,9646890,69.03,-0.045,-0.073,0.28,0.213,0.006,0.14
2026-07-04T06:40:00.000Z,50,51.305,44.966,42,42.742,42.001,99.4,100.358,-0.958,99.8,100.946,-1.146,100.2,101.664,-1.464,100.6,102.179,-1.579,100,101.534,-1.534,100.4,101.393,-0.993,100.8,101.73,-0.93,101.2,102.397,-1.197,100,101.525,101,102.517,35.59,9657120,69.165,-0.034,-0.048,0.279,0.191,0.016,0.131
2026-07-04T06:45:00.000Z,50,51.284,45.008,42,42.949,42.273,99.4,100.858,-1.458,99.8,101.213,-1.413,100.2,101.238,-1.038,100.6,101.955,-1.355,100,101.454,-1.454,100.4,101.616,-1.216,100.8,102.028,-1.228,101.2,102.337,-1.137,100,101.587,101,102.03,35.607,9667350,68.02,0.001,-0.039,0.278,0.193,0.027,0.121
2026-07-04T06:50:00.000Z,50,51.177,46.176,42,43.082,42.243,99.4,100.52,-1.12,99.8,101.119,-1.319,100.2,101.07,-0.87,100.6,101.863,-1.263,100,101.559,-1.559,100.4,101.234,-0.834,100.8,101.779,-0.979,101.2,102.17,-0.97,100,101.414,101,102.498,35.75,9677580,68.443,0.07,-0.169,0.277,0.21,0.037,0.111
2026-07-04T06:55:00.000Z,50,51.444,45.712,42,42.935,42.755,99.4,100.719,-1.319,99.8,101.22,-1.42,100.2,101.661,-1.461,100.6,102.201,-1.601,100,101.319,-1.319,100.4,101.807,-1.407,100.8,102.176,-1.376,101.2,102.74,-1.54,100,101.73,101,102.417,35.629,9687810,68.443,0.109,-0.218,0.275,0.195,0.048,0.101
2026-07-04T07:00:00.000Z,50,51.028,45.521,42,42.678,42.494,99.4,100.439,-1.039,99.8,101.318,-1.518,100.2,101.866,-1.666,100.6,101.411,-0.811,100,101.205,-1.205,100.4,101.601,-1.201,100.8,102.491,-1.691,101.2,102.338,-1.138,100,101.584,101,102.366,35.807,9698040,68.653,0.21,-0.113,0.273,0.217,0.059,0.091
2026-07-04T07:05:00.000Z,50,51.542,45.68,42,42.755,42.922,99.4,100.221,-0.821,99.8,100.662,-0.862,100.2,101.619,-1.419,100.6,101.956,-1.356,100,101.321,-1.321,100.4,101.572,-1.172,100.8,102.107,-1.307,101.2,102.348,-1.148,100,101.476,101,102.053,35.678,9708270,69.619,0.26,-0.109,0.27,0.201,0.069,0.08
2026-07-04T07:10:00.000Z,50,51.057,46.378,42,43.134,42.483,99.4,100.83,-1.43,99.8,101.355,-1.555,100.2,101.325,-1.125,100.6,101.509,-0.909,100,100.978,-0.978,100.4,101.741,-1.341,100.8,102.375,-1.575,101.2,102.927,-1.727,100,101.63,101,102.437,35.869,9718500,70.099,0.171,-0.135,0.266,0.224,0.079,0.07
2026-07-04T07:15:00.000Z,50,51.465,46.753,42,42.689,42.421,99.4,101.133,-1.733,99.8,100.707,-0.907,100.2,101.136,-0.936,100.6,101.713,-1.113,100,101.486,-1.486,100.4,101.626,-1.226,100.8,101.916,-1.116,101.2,102.702,-1.502,100,101.552,101,102.474,35.83,9728730,69.752,0.315,-0.27,0.263,0.22,0.09,0.06
2026-07-04T07:20:00.000Z,50,51.574,46.509,42,42.975,42.892,99.4,100.636,-1.236,99.8,101.418,-1.618,100.2,101.221,-1.021,100.6,102.238,-1.638,100,101.24,-1.24,100.4,101.712,-1.312,100.8,102.199,-1.399,101.2,102.455,-1.255,100,101.64,101,101.978,35.923,9738960,69.518,0.315,-0.332,0.258,0.231,0.1,0.049
2026-07-04T07:25:00.000Z,50,51.08,46.789,42,42.561,42.706,99.4,100.894,-1.494,99.8,100.975,-1.175,100.2,101.136,-0.936,100.6,101.842,-1.242,100,101.09,-1.09,100.4,101.427,-1.027,100.8,101.88,-1.08,101.2,102.407,-1.207,100,101.456,101,101.944,35.784,9749190,70.837,0.319,-0.276,0.254,0.214,0.11,0.039
2026-07-04T07:30:00.000Z,50,51.035,46.547,42,42.941,43.574,99.4,100.492,-1.092,99.8,100.984,-1.184,100.2,101.529,-1.329,100.6,101.66,-1.06,100,101.281,-1.281,100.4,101.364,-0.964,100.8,102.114,-1.314,101.2,102.868,-1.668,100,101.536,101,102.429,35.848,9759420,70.251,0.248,-0.285,0.248,0.222,0.12,0.028
2026-07-04T07:35:00.000Z,50,51.103,46.468,42,42.966,43.034,99.4,100.673,-1.273,99.8,101.212,-1.412,100.2,101.641,-1.441,100.6,101.641,-1.041,100,101.118,-1.118,100.4,101.871,-1.471,100.8,101.809,-1.009,101.2,102.356,-1.156,100,101.54,101,102.337,35.955,9769650,70.96,0.334,-0.256,0.243,0.235,0.13,0.017
2026-07-04T07:40:00.000Z,50,51.567,46.813,42,42.949,43.867,99.4,100.85,-1.45,99.8,101.002,-1.202,100.2,101.322,-1.122,100.6,101.832,-1.232,100,101.582,-1.582,100.4,101.528,-1.128,100.8,102.582,-1.782,101.2,102.371,-1.171,100,101.634,101,102.393,35.869,9779880,71.342,0.35,-0.313,0.237,0.224,0.139,0.007
2026-07-04T07:45:00.000Z,50,51.346,47.399,42,43.01,43.321,99.4,100.529,-1.129,99.8,101.607,-1.807,100.2,101.776,-1.576,100.6,101.748,-1.148,100,101.26,-1.26,100.4,101.473,-1.073,100.8,102.446,-1.646,101.2,102.389,-1.189,100,101.654,101,102.006,36.239,9790110,70.868,0.386,-0.309,0.23,0.269,0.149,-0.004
2026-07-04T07:50:00.000Z,50,50.902,48.063,42,42.958,43.275,99.4,100.523,-1.123,99.8,101.027,-1.227,100.2,101.474,-1.274,100.6,102.482,-1.882,100,101.516,-1.516,100.4,101.517,-1.117,100.8,102.567,-1.767,101.2,102.765,-1.565,100,101.734,101,102.25,35.888,9800340,71.175,0.444,-0.359,0.223,0.227,0.158,-0.015
2026-07-04T07:55:00.000Z,50,51.288,47.848,42,42.623,43.874,99.4,101.244,-1.844,99.8,101.06,-1.26,100.2,101.563,-1.363,100.6,101.768,-1.168,100,101.213,-1.213,100.4,101.501,-1.101,100.8,102.599,-1.799,101.2,103.155,-1.955,100,101.763,101,102.111,35.924,9810570,71.053,0.473,-0.332,0.216,0.231,0.167,-0.025
2026-07-04T08:00:00.000Z,50,50.978,48.463,42,43,43.601,99.4,100.566,-1.166,99.8,100.987,-1.187,100.2,101.96,-1.76,100.6,102.193,-1.593,100,101.517,-1.517,100.4,102.225,-1.825,100.8,102.207,-1.407,101.2,102.586,-1.386,100,101.78,101,101.84,36.077,9820800,71.444,0.363,-0.317,0.209,0.249,0.176,-0.036
2026-07-04T08:05:00.000Z,50,51.258,47.907,42,42.477,44.236,99.4,100.907,-1.507,99.8,101.739,-1.939,100.2,101.925,-1.725,100.6,102.064,-1.464,100,101.754,-1.754,100.4,101.789,-1.389,100.8,102.659,-1.859,101.2,103.153,-1.953,100,101.999,101,102.078,36.132,9831030,72.078,0.426,-0.388,0.201,0.256,0.185,-0.047
2026-07-04T08:10:00.000Z,50,51.227,48.315,42,42.992,44.04,99.4,100.634,-1.234,99.8,101.051,-1.251,100.2,101.853,-1.653,100.6,102.653,-2.053,100,101.741,-1.741,100.4,102.321,-1.921,100.8,102.423,-1.623,101.2,102.906,-1.706,100,101.948,101,101.961,35.879,9841260,72.74,0.361,-0.445,0.192,0.226,0.194,-0.057
2026-07-04T08:15:00.000Z,50,51.479,48.308,42,42.842,44.171,99.4,100.765,-1.365,99.8,101.241,-1.441,100.2,101.985,-1.785,100.6,102.442,-1.842,100,101.842,-1.842,100.4,102.289,-1.889,100.8,102.437,-1.637,101.2,103.214,-2.014,100,102.027,101,101.967,35.965,9851490,73.241,0.367,-0.462,0.184,0.236,0.202,-0.068
2026-07-04T08:20:00.000Z,50,51.052,48.311,42,42.537,44.228,99.4,101.084,-1.684,99.8,101.178,-1.378,100.2,102.027,-1.827,100.6,102.557,-1.957,100,101.697,-1.697,100.4,101.833,-1.433,100.8,102.707,-1.907,101.2,103.205,-2.005,100,102.036,101,101.82,36.068,9861720,73.288,0.519,-0.452,0.175,0.248,0.21,-0.078
2026-07-04T08:25:00.000Z,50,51.248,49.494,42,42.996,44.476,99.4,101.077,-1.677,99.8,101.393,-1.593,100.2,101.766,-1.566,100.6,102.143,-1.543,100,102.011,-2.011,100.4,102.322,-1.922,100.8,102.722,-1.922,101.2,102.917,-1.717,100,102.044,101,102.271,36.243,9871950,72.638,0.522,-0.418,0.165,0.269,0.218,-0.088
2026-07-04T08:30:00.000Z,50,51.102,49.686,42,42.677,44.699,99.4,100.862,-1.462,99.8,101.917,-2.117,100.2,101.558,-1.358,100.6,101.94,-1.34,100,101.726,-1.726,100.4,101.943,-1.543,100.8,102.712,-1.912,101.2,103.241,-2.041,100,101.987,101,101.767,36.283,9882180,73.796,0.427,-0.468,0.156,0.274,0.226,-0.099
2026-07-04T08:35:00.000Z,50,51.22,49.024,42,42.643,44.677,99.4,101.151,-1.751,99.8,101.492,-1.692,100.2,102.19,-1.99,100.6,101.959,-1.359,100,101.467,-1.467,100.4,102.559,-2.159,100.8,102.39,-1.59,101.2,103.043,-1.843,100,102.031,101,101.751,36.256,9892410,73.859,0.437,-0.414,0.146,0.271,0.233,-0.109
2026-07-04T08:40:00.000Z,50,51.409,49.76,42,42.67,45.065,99.4,101.304,-1.904,99.8,101.78,-1.98,100.2,102.22,-2.02,100.6,102.646,-2.046,100,101.427,-1.427,100.4,102.529,-2.129,100.8,102.445,-1.645,101.2,102.961,-1.761,100,102.164,101,101.938,36.217,9902640,73.824,0.388,-0.38,0.136,0.266,0.241,-0.119
2026-07-04T08:45:00.000Z,50,51.224,49.561,42,42.542,44.965,99.4,100.868,-1.468,99.8,101.37,-1.57,100.2,102.38,-2.18,100.6,102.058,-1.458,100,101.792,-1.792,100.4,101.851,-1.451,100.8,102.797,-1.997,101.2,102.881,-1.681,100,102,101,101.789,36.315,9912870,74.386,0.475,-0.433,0.126,0.278,0.247,-0.128
2026-07-04T08:50:00.000Z,50,50.82,49.498,42,42.899,44.859,99.4,100.878,-1.478,99.8,101.798,-1.998,100.2,102.187,-1.987,100.6,102.326,-1.726,100,101.623,-1.623,100.4,101.996,-1.596,100.8,102.23,-1.43,101.2,102.769,-1.569,100,101.976,101,102.099,36.266,9923100,74.792,0.382,-0.447,0.115,0.272,0.254,-0.138
2026-07-04T08:55:00.000Z,50,50.875,50.334,42,42.5,45.005,99.4,100.825,-1.425,99.8,101.85,-2.05,100.2,102.359,-2.159,100.6,102.626,-2.026,100,101.502,-1.502,100.4,102.177,-1.777,100.8,102.763,-1.963,101.2,102.637,-1.437,100,102.092,101,102.156,36.019,9933330,73.981,0.35,-0.335,0.104,0.242,0.26,-0.148
2026-07-04T09:00:00.000Z,50,50.662,50.634,42,42.363,45.821,99.4,101.038,-1.638,99.8,101.823,-2.023,100.2,102.334,-2.134,100.6,102.794,-2.194,100,101.878,-1.878,100.4,102.323,-1.923,100.8,102.666,-1.866,101.2,102.727,-1.527,100,102.198,101,102.012,36.042,9943560,75.462,0.36,-0.376,0.094,0.245,0.266,-0.157
2026-07-04T09:05:00.000Z,50,50.957,50.529,42,42.764,45.407,99.4,101.161,-1.761,99.8,101.82,-2.02,100.2,102.149,-1.949,100.6,102.7,-2.1,100,101.938,-1.938,100.4,101.766,-1.366,100.8,102.821,-2.021,101.2,102.542,-1.342,100,102.112,101,102.041,36.203,9953790,74.46,0.333,-0.388,0.082,0.264,0.272,-0.166
2026-07-04T09:10:00.000Z,50,50.758,50.288,42,42.77,45.559,99.4,101.181,-1.781,99.8,101.956,-2.156,100.2,101.737,-1.537,100.6,102.221,-1.621,100,101.62,-1.62,100.4,102.425,-2.025,100.8,103.018,-2.218,101.2,102.865,-1.665,100,102.128,101,102.02,36.342,9964020,74.487,0.328,-0.323,0.071,0.281,0.278,-0.175
2026-07-04T09:15:00.000Z,50,51.013,50.439,42,42.501,46.135,99.4,100.735,-1.335,99.8,101.91,-2.11,100.2,101.773,-1.573,100.6,102.5,-1.9,100,101.809,-1.809,100.4,102.069,-1.669,100.8,102.554,-1.754,101.2,102.657,-1.457,100,102.001,101,102.063,36.443,9974250,75.313,0.408,-0.408,0.06,0.293,0.283,-0.184
2026-07-04T09:20:00.000Z,50,51.049,50.26,42,42.48,45.78,99.4,101.247,-1.847,99.8,101.838,-2.038,100.2,102.172,-1.972,100.6,102.813,-2.213,100,102.191,-2.191,100.4,101.925,-1.525,100.8,102.833,-2.033,101.2,102.667,-1.467,100,102.211,101,101.909,36.194,9984480,75.854,0.307,-0.28,0.048,0.263,0.288,-0.192
2026-07-04T09:25:00.000Z,50,50.986,50.224,42,42.387,45.972,99.4,101.397,-1.997,99.8,101.352,-1.552,100.2,102.153,-1.953,100.6,101.937,-1.337,100,101.503,-1.503,100.4,102.062,-1.662,100.8,102.578,-1.778,101.2,102.841,-1.641,100,101.978,101,101.533,36.088,9994710,76.206,0.313,-0.347,0.037,0.251,0.292,-0.2
2026-07-04T09:30:00.000Z,50,50.754,50.971,42,42.628,45.882,99.4,101.583,-2.183,99.8,101.36,-1.56,100.2,101.814,-1.614,100.6,102.542,-1.942,100,101.557,-1.557,100.4,102.057,-1.657,100.8,102.896,-2.096,101.2,102.995,-1.795,100,102.101,101,101.439,36.192,10004940,75.552,0.293,-0.383,0.025,0.263,0.296,-0.208
2026-07-04T09:35:00.000Z,50,50.996,50.655,42,42.373,45.605,99.4,101.404,-2.004,99.8,101.497,-1.697,100.2,101.511,-1.311,100.6,102.403,-1.803,100,101.962,-1.962,100.4,101.849,-1.449,100.8,102.233,-1.433,101.2,103.281,-2.081,100,102.018,101,101.401,35.964,10015170,76.172,0.37,-0.321,0.014,0.236,0.3,-0.216
2026-07-04T09:40:00.000Z,50,50.455,51.32,42,42.547,46.189,99.4,101.232,-1.832,99.8,101.901,-2.101,100.2,101.54,-1.34,100.6,102.548,-1.948,100,101.354,-1.354,100.4,102.376,-1.976,100.8,102.149,-1.349,101.2,102.827,-1.627,100,101.991,101,101.398,35.997,10025400,75.791,0.26,-0.366,0.002,0.24,0.304,-0.224
2026-07-04T09:45:00.000Z,50,50.918,51.385,42,42.231,46.017,99.4,101.273,-1.873,99.8,101.605,-1.805,100.2,101.672,-1.472,100.6,101.857,-1.257,100,101.89,-1.89,100.4,101.79,-1.39,100.8,102.814,-2.014,101.2,102.558,-1.358,100,101.932,101,101.85,35.966,10035630,76.446,0.263,-0.311,-0.01,0.236,0.307,-0.231
2026-07-04T09:50:00.000Z,50,50.569,51.208,42,42.275,46.144,99.4,101.171,-1.771,99.8,101.84,-2.04,100.2,102.225,-2.025,100.6,102.401,-1.801,100,101.792,-1.792,100.4,102.501,-2.101,100.8,102.071,-1.271,101.2,103.16,-1.96,100,102.145,101,101.331,35.893,10045860,75.466,0.168,-0.296,-0.021,0.227,0.31,-0.238
2026-07-04T09:55:00.000Z,50,50.767,50.504,42,42.31,46.256,99.4,100.842,-1.442,99.8,101.213,-1.413,100.2,101.757,-1.557,100.6,102.008,-1.408,100,101.466,-1.466,100.4,102.236,-1.836,100.8,102.665,-1.865,101.2,102.428,-1.228,100,101.827,101,101.694,36.21,10056090,76.47,0.16,-0.301,-0.033,0.265,0.312,-0.245
2026-07-04T10:00:00.000Z,50,51.016,51.287,42,42.689,46.496,99.4,100.867,-1.467,99.8,101.735,-1.935,100.2,102.047,-1.847,100.6,102.183,-1.583,100,101.79,-1.79,100.4,101.867,-1.467,100.8,102.098,-1.298,101.2,102.542,-1.342,100,101.891,101,101.4,36.174,10066320,76.444,0.191,-0.152,-0.044,0.261,0.314,-0.251
2026-07-04T10:05:00.000Z,50,50.427,51.033,42,42.151,45.813,99.4,101.238,-1.838,99.8,101.785,-1.985,100.2,101.788,-1.588,100.6,102.338,-1.738,100,101.746,-1.746,100.4,101.771,-1.371,100.8,102.078,-1.278,101.2,103.084,-1.884,100,101.979,101,101.572,36.09,10076550,76.039,0.168,-0.129,-0.056,0.251,0.316,-0.257
2026-07-04T10:10:00.000Z,50,50.474,51.417,42,42.293,45.701,99.4,100.53,-1.13,99.8,101.27,-1.47,100.2,101.884,-1.684,100.6,102.466,-1.866,100,101.662,-1.662,100.4,102.234,-1.834,100.8,101.954,-1.154,101.2,102.737,-1.537,100,101.842,101,101.667,35.813,10086780,75.371,0.056,-0.214,-0.067,0.218,0.318,-0.263
2026-07-04T10:15:00.000Z,50,50.362,50.949,42,42.303,46.141,99.4,100.923,-1.523,99.8,101.213,-1.413,100.2,101.79,-1.59,100.6,102.511,-1.911,100,101.217,-1.217,100.4,101.749,-1.349,100.8,102.077,-1.277,101.2,102.934,-1.734,100,101.802,101,101.686,35.688,10097010,75.743,0.148,-0.103,-0.079,0.203,0.319,-0.269
2026-07-04T10:20:00.000Z,50,50.674,51.145,42,42.678,46.61,99.4,100.675,-1.275,99.8,101.66,-1.86,100.2,101.711,-1.511,100.6,102.241,-1.641,100,101.385,-1.385,100.4,102.228,-1.828,100.8,102.306,-1.506,101.2,102.923,-1.723,100,101.891,101,101.394,36.004,10107240,76.385,0.085,-0.116,-0.09,0.24,0.32,-0.274
2026-07-04T10:25:00.000Z,50,50.499,51.123,42,42.225,45.768,99.4,100.362,-0.962,99.8,100.782,-0.982,100.2,101.785,-1.585,100.6,102.316,-1.716,100,101.479,-1.479,100.4,102.115,-1.715,100.8,102.55,-1.75,101.2,102.299,-1.099,100,101.711,101,101.307,35.649,10117470,75.149,0.044,-0.128,-0.101,0.198,0.32,-0.279
2026-07-04T10:30:00.000Z,50,50.227,50.258,42,42.608,46.256,99.4,100.46,-1.06,99.8,101.055,-1.255,100.2,101.509,-1.309,100.6,101.997,-1.397,100,101.25,-1.25,100.4,102.027,-1.627,100.8,102.253,-1.453,101.2,102.666,-1.466,100,101.652,101,101.104,35.629,10127700,76.167,-0.04,-0.008,-0.111,0.196,0.32,-0.283
2026-07-04T10:35:00.000Z,50,50.395,51.24,42,42.391,45.517,99.4,100.804,-1.404,99.8,101.026,-1.226,100.2,101.796,-1.596,100.6,101.84,-1.24,100,101.476,-1.476,100.4,101.556,-1.156,100.8,101.995,-1.195,101.2,102.819,-1.619,100,101.664,101,101.455,35.503,10137930,75.121,-0.108,0.022,-0.122,0.18,0.32,-0.287
2026-07-04T10:40:00.000Z,50,50.611,50.093,42,42.464,45.546,99.4,100.634,-1.234,99.8,101.18,-1.38,100.2,101.254,-1.054,100.6,102.102,-1.502,100,101.06,-1.06,100.4,101.427,-1.027,100.8,101.679,-0.879,101.2,102.779,-1.579,100,101.514,101,101.191,35.525,10148160,75.636,-0.098,-0.075,-0.132,0.183,0.319,-0.291
2026-07-04T10:45:00.000Z,50,50.731,50.285,42,42.054,45.966,99.4,100.862,-1.462,99.8,100.646,-0.846,100.2,100.947,-0.747,100.6,101.851,-1.251,100,100.869,-0.869,100.4,102,-1.6,100.8,101.85,-1.05,101.2,102.404,-1.204,100,101.429,101,101.192,35.225,10158390,74.937,-0.124,0.094,-0.143,0.147,0.318,-0.295
2026-07-04T10:50:00.000Z,50,50.229,49.972,42,42.488,46.091,99.4,100.709,-1.309,99.8,101.114,-1.314,100.2,100.925,-0.725,100.6,101.853,-1.253,100,101.359,-1.359,100.4,101.664,-1.264,100.8,101.524,-0.724,101.2,102.506,-1.306,100,101.457,101,101.248,35.553,10168620,74.625,-0.055,0.088,-0.152,0.186,0.317,-0.298
2026-07-04T10:55:00.000Z,50,50.513,50.264,42,42.335,45.973,99.4,100.551,-1.151,99.8,100.978,-1.178,100.2,101.059,-0.859,100.6,101.712,-1.112,100,100.854,-0.854,100.4,101.831,-1.431,100.8,102.052,-1.252,101.2,102.645,-1.445,100,101.46,101,101.469,35.207,10178850,74.447,-0.165,0.017,-0.162,0.145,0.315,-0.301
2026-07-04T11:00:00.000Z,50,50.611,49.696,42,42.051,45.58,99.4,100.737,-1.337,99.8,100.937,-1.137,100.2,101.401,-1.201,100.6,101.887,-1.287,100,100.85,-0.85,100.4,101.157,-0.757,100.8,101.811,-1.011,101.2,101.835,-0.635,100,101.327,101,101.255,35.302,10189080,74.162,-0.214,0.079,-0.172,0.156,0.313,-0.303
2026-07-04T11:05:00.000Z,50,50.098,50.1,42,42.484,45.459,99.4,99.863,-0.463,99.8,100.473,-0.673,100.2,101.257,-1.057,100.6,101.157,-0.557,100,101.271,-1.271,100.4,101.667,-1.267,100.8,101.368,-0.568,101.2,102.125,-0.925,100,101.148,101,101.138,34.883,10199310,73.985,-0.218,0.157,-0.181,0.106,0.31,-0.305
2026-07-04T11:10:00.000Z,50,50.239,49.519,42,42.474,45.286,99.4,100.281,-0.881,99.8,100.176,-0.376,100.2,100.862,-0.662,100.6,101.809,-1.209,100,100.97,-0.97,100.4,101.089,-0.689,100.8,101.587,-0.787,101.2,101.874,-0.674,100,101.081,101,101.276,34.927,10209540,74.04,-0.236,0.13,-0.189,0.111,0.308,-0.307
2026-07-04T11:15:00.000Z,50,50.203,50.157,42,42.42,44.876,99.4,100.11,-0.71,99.8,100.568,-0.768,100.2,100.663,-0.463,100.6,101.473,-0.873,100,101.032,-1.032,100.4,101.416,-1.016,100.8,101.395,-0.595,101.2,102.343,-1.143,100,101.125,101,100.97,35.102,10219770,73.635,-0.338,0.183,-0.198,0.132,0.304,-0.308
2026-07-04T11:20:00.000Z,50,50.446,49.841,42,42.069,44.619,99.4,99.73,-0.33,99.8,100.27,-0.47,100.2,101.086,-0.886,100.6,101.081,-0.481,100,100.762,-0.762,100.4,101.419,-1.019,100.8,101.324,-0.524,101.2,102.019,-0.819,100,100.961,101,100.975,34.737,10230000,73.596,-0.312,0.231,-0.206,0.088,0.301,-0.309
2026-07-04T11:25:00.000Z,50,50.287,49.453,42,42.026,45.141,99.4,99.555,-0.155,99.8,100.231,-0.431,100.2,101.101,-0.901,100.6,100.755,-0.155,100,100.712,-0.712,100.4,101.414,-1.014,100.8,101.049,-0.249,101.2,101.688,-0.488,100,100.813,101,100.786,34.868,10240230,73.922,-0.24,0.226,-0.214,0.104,0.297,-0.31
2026-07-04T11:30:00.000Z,50,49.945,49.114,42,42.117,45.042,99.4,100.306,-0.906,99.8,100.467,-0.667,100.2,100.255,-0.055,100.6,101.31,-0.71,100,100.152,-0.152,100.4,101.341,-0.941,100.8,101.406,-0.606,101.2,101.676,-0.476,100,100.864,101,101.244,34.822,10250460,74.097,-0.409,0.233,-0.221,0.099,0.293,-0.31
2026-07-04T11:35:00.000Z,50,49.898,48.952,42,41.83,44.82,99.4,100.233,-0.833,99.8,100.58,-0.78,100.2,100.793,-0.593,100.6,101.302,-0.702,100,100.343,-0.343,100.4,100.642,-0.242,100.8,101.134,-0.334,101.2,102.024,-0.824,100,100.881,101,100.991,34.478,10260690,73.143,-0.379,0.216,-0.228,0.057,0.289,-0.31
2026-07-04T11:40:00.000Z,50,49.83,48.693,42,42.256,44.494,99.4,99.357,0.043,99.8,99.933,-0.133,100.2,100.146,0.054,100.6,100.84,-0.24,100,99.992,0.008,100.4,100.759,-0.359,100.8,101.293,-0.493,101.2,101.625,-0.425,100,100.493,101,101.06,34.351,10270920,72.755,-0.359,0.345,-0.234,0.042,0.284,-0.309
2026-07-04T11:45:00.000Z,50,49.929,48.615,42,42.012,44.323,99.4,99.939,-0.539,99.8,100.501,-0.701,100.2,100.663,-0.463,100.6,100.454,0.146,100,100.462,-0.462,100.4,101.061,-0.661,100.8,101.487,-0.687,101.2,101.728,-0.528,100,100.787,101,101.182,34.158,10281150,73.344,-0.411,0.234,-0.241,0.019,0.279,-0.309
2026-07-04T11:50:00.000Z,50,50.194,47.893,42,41.894,44.191,99.4,99.185,0.215,99.8,99.941,-0.141,100.2,100.742,-0.542,100.6,100.463,0.137,100,100.333,-0.333,100.4,100.423,-0.023,100.8,101.339,-0.539,101.2,101.46,-0.26,100,100.486,101,101.042,34.084,10291380,71.987,-0.357,0.265,-0.246,0.01,0.273,-0.307
2026-07-04T11:55:00.000Z,50,49.841,48.551,42,42.263,43.907,99.4,99.846,-0.446,99.8,100.219,-0.419,100.2,100.734,-0.534,100.6,100.958,-0.358,100,100.365,-0.365,100.4,100.237,0.163,100.8,100.694,0.106,101.2,101.635,-0.435,100,100.586,101,101.004,34.041,10301610,71.997,-0.491,0.382,-0.252,0.005,0.268,-0.306
2026-07-04T12:00:00.000Z,50,49.844,48.477,42,42.095,43.783,99.4,99.12,0.28,99.8,99.972,-0.172,100.2,100.223,-0.023,100.6,100.351,0.249,100,99.938,0.062,100.4,100.103,0.297,100.8,100.641,0.159,101.2,101.086,0.114,100,100.179,101,100.996,34.238,10311840,71.6,-0.363,0.347,-0.257,0.029,0.262,-0.304
2026-07-04T12:05:00.000Z,50,49.772,48.276,42,41.967,44.097,99.4,99.125,0.275,99.8,100.101,-0.301,100.2,100.129,0.071,100.6,100.468,0.132,100,100.334,-0.334,100.4,100.48,-0.08,100.8,100.582,0.218,101.2,101.385,-0.185,100,100.326,101,100.759,33.972,10322070,72.407,-0.465,0.429,-0.261,-0.003,0.255,-0.301
2026-07-04T12:10:00.000Z,50,49.794,48.053,42,42.125,43.288,99.4,99.164,0.236,99.8,99.527,0.273,100.2,100.368,-0.168,100.6,100.693,-0.093,100,99.809,0.191,100.4,100.644,-0.244,100.8,100.97,-0.17,101.2,101.043,0.157,100,100.277,101,101.014,33.898,10332300,72.011,-0.478,0.325,-0.265,-0.012,0.249,-0.299
2026-07-04T12:15:00.000Z,50,49.875,46.997,42,41.679,43.938,99.4,98.992,0.408,99.8,99.122,0.678,100.2,99.769,0.431,100.6,99.9,0.7,100,99.545,0.455,100.4,99.966,0.434,100.8,100.941,-0.141,101.2,100.869,0.331,100,99.888,101,100.698,33.505,10342530,70.576,-0.511,0.389,-0.269,-0.059,0.242,-0.296
2026-07-04T12:20:00.000Z,50,49.674,47.413,42,41.914,43.415,99.4,99.456,-0.056,99.8,99.389,0.411,100.2,100.26,-0.06,100.6,100.53,0.07,100,99.837,0.163,100.4,99.645,0.755,100.8,100.021,0.779,101.2,101.182,0.018,100,100.04,101,100.85,33.765,10352760,71.055,-0.517,0.438,-0.272,-0.028,0.235,-0.292
2026-07-04T12:25:00.000Z,50,49.741,46.575,42,41.804,43.32,99.4,99.375,0.025,99.8,99.256,0.544,100.2,99.678,0.522,100.6,100.128,0.472,100,99.478,0.522,100.4,100.15,0.25,100.8,100.37,0.43,101.2,101.116,0.084,100,99.944,101,100.403,33.294,10362990,70.546,-0.472,0.437,-0.274,-0.085,0.228,-0.289
2026-07-04T12:30:00.000Z,50,49.669,47.152,42,42.119,43.046,99.4,98.638,0.762,99.8,99.68,0.12,100.2,99.879,0.321,100.6,100.086,0.514,100,99.266,0.734,100.4,100.083,0.317,100.8,100.585,0.215,101.2,100.606,0.594,100,99.853,101,100.734,33.499,10373220,70.569,-0.485,0.347,-0.276,-0.06,0.22,-0.285
2026-07-04T12:35:00.000Z,50,49.88,46.97,42,42.111,42.74,99.4,98.442,0.958,99.8,99.591,0.209,100.2,99.878,0.322,100.6,99.758,0.842,100,99.848,0.152,100.4,99.508,0.892,100.8,100.124,0.676,101.2,100.874,0.326,100,99.753,101,100.71,33.036,10383450,70.76,-0.438,0.49,-0.278,-0.116,0.212,-0.28
2026-07-04T12:40:00.000Z,50,49.698,46.583,42,41.558,43.084,99.4,98.547,0.853,99.8,99.164,0.636,100.2,99.205,0.995,100.6,100.175,0.425,100,98.918,1.082,100.4,99.809,0.591,100.8,99.705,1.095,101.2,100.634,0.566,100,99.52,101,100.335,33.173,10393680,69.788,-0.458,0.42,-0.279,-0.099,0.204,-0.275
2026-07-04T12:45:00.000Z,50,50.01,46.388,42,42.028,42.937,99.4,98.457,0.943,99.8,99.114,0.686,100.2,99.492,0.708,100.6,99.46,1.14,100,98.978,1.022,100.4,99.497,0.903,100.8,100.23,0.57,101.2,100.299,0.901,100,99.441,101,100.795,33.241,10403910,69.104,-0.401,0.363,-0.28,-0.091,0.196,-0.27
2026-07-04T12:50:00.000Z,50,49.756,45.578,42,41.934,42.723,99.4,98.326,1.074,99.8,99.35,0.45,100.2,99.121,1.079,100.6,99.498,1.102,100,99.491,0.509,100.4,99.854,0.546,100.8,100.378,0.422,101.2,100.528,0.672,100,99.568,101,100.545,33.17,10414140,69.475,-0.407,0.478,-0.28,-0.1,0.187,-0.265
2026-07-04T12:55:00.000Z,50,49.596,46.619,42,41.826,42.961,99.4,98.566,0.834,99.8,99.255,0.545,100.2,99.439,0.761,100.6,99.477,1.123,100,98.932,1.068,100.4,99.16,1.24,100.8,99.892,0.908,101.2,99.884,1.316,100,99.326,101,100.524,32.727,10424370,69.327,-0.452,0.492,-0.28,-0.153,0.178,-0.259
2026-07-04T13:00:00.000Z,50,49.877,46.393,42,41.544,42.251,99.4,98.762,0.638,99.8,98.877,0.923,100.2,99.608,0.592,100.6,99.616,0.984,100,99.242,0.758,100.4,99.641,0.759,100.8,100.079,0.721,101.2,99.793,1.407,100,99.452,101,100.127,32.786,10434600,68.869,-0.471,0.391,-0.279,-0.146,0.169,-0.253
2026-07-04T13:05:00.000Z,50,49.591,46.017,42,41.563,41.863,99.4,98.075,1.325,99.8,99.097,0.703,100.2,98.844,1.356,100.6,99.375,1.225,100,99.361,0.639,100.4,99.271,1.129,100.8,99.607,1.193,101.2,100.391,0.809,100,99.253,101,100.148,32.884,10444830,68.944,-0.461,0.432,-0.278,-0.134,0.16,-0.247
2026-07-04T13:10:00.000Z,50,49.408,45.246,42,41.431,42.137,99.4,98.655,0.745,99.8,98.759,1.041,100.2,98.846,1.354,100.6,99.542,1.058,100,99.331,0.669,100.4,99.511,0.889,100.8,99.577,1.223,101.2,100.52,0.68,100,99.343,101,100.103,32.776,10455060,68.709,-0.388,0.457,-0.276,-0.147,0.151,-0.24
2026-07-04T13:15:00.000Z,50,49.621,46.047,42,41.893,41.854,99.4,98.44,0.96,99.8,98.722,1.078,100.2,98.625,1.575,100.6,99.233,1.367,100,99.088,0.912,100.4,98.841,1.559,100.8,99.808,0.992,101.2,99.652,1.548,100,99.051,101,100.023,32.683,10465290,69.369,-0.342,0.425,-0.274,-0.158,0.141,-0.233
2026-07-04T13:20:00.000Z,50,49.512,45.518,42,41.474,42.415,99.4,98.293,1.107,99.8,98.516,1.284,100.2,98.617,1.583,100.6,99.666,0.934,100,98.743,1.257,100.4,98.852,1.548,100.8,99.977,0.823,101.2,100.362,0.838,100,99.128,101,100.222,32.618,10475520,68.705,-0.308,0.352,-0.271,-0.166,0.132,-0.226
2026-07-04T13:25:00.000Z,50,49.182,45.342,42,41.69,42.452,99.4,97.75,1.65,99.8,98.257,1.543,100.2,98.805,1.395,100.6,99.624,0.976,100,98.809,1.191,100.4,98.915,1.485,100.8,99.448,1.352,101.2,99.476,1.724,100,98.886,101,100.062,32.356,10485750,68.8,-0.247,0.391,-0.268,-0.197,0.122,-0.219
2026-07-04T13:30:00.000Z,50,49.461,44.637,42,41.801,41.795,99.4,98.061,1.339,99.8,98.291,1.509,100.2,98.903,1.297,100.6,99.654,0.946,100,98.81,1.19,100.4,98.858,1.542,100.8,99.189,1.611,101.2,99.48,1.72,100,98.906,101,100.349,32.539,10495980,68.428,-0.348,0.445,-0.264,-0.175,0.112,-0.211
2026-07-04T13:35:00.000Z,50,49.238,45.357,42,41.914,42.327,99.4,98.221,1.179,99.8,98.236,1.564,100.2,98.504,1.696,100.6,99.531,1.069,100,98.921,1.079,100.4,98.644,1.756,100.8,99.711,1.089,101.2,99.708,1.492,100,98.935,101,99.999,32.192,10506210,68.889,-0.302,0.369,-0.26,-0.217,0.102,-0.203
2026-07-04T13:40:00.000Z,50,49.604,45.682,42,41.753,41.721,99.4,98.115,1.285,99.8,98.659,1.141,100.2,98.784,1.416,100.6,99.302,1.298,100,98.918,1.082,100.4,98.522,1.878,100.8,99.8,1,101.2,99.945,1.255,100,99.006,101,100.114,32.393,10516440,67.484,-0.238,0.329,-0.255,-0.193,0.092,-0.195
2026-07-04T13:45:00.000Z,50,49.074,44.789,42,41.817,42.287,99.4,97.909,1.491,99.8,97.885,1.915,100.2,98.643,1.557,100.6,99.443,1.157,100,98.878,1.122,100.4,99.047,1.353,100.8,99.537,1.263,101.2,99.662,1.538,100,98.876,101,99.895,32.396,10526670,68.1,-0.272,0.322,-0.25,-0.192,0.081,-0.187
2026-07-04T13:50:00.000Z,50,49.474,44.6,42,41.833,42.135,99.4,97.774,1.626,99.8,97.888,1.912,100.2,98.242,1.958,100.6,98.699,1.901,100,98.525,1.475,100.4,98.718,1.682,100.8,99.444,1.356,101.2,99.319,1.881,100,98.576,101,100.254,32.076,10536900,68.66,-0.227,0.287,-0.245,-0.231,0.071,-0.178
2026-07-04T13:55:00.000Z,50,49.428,45.411,42,41.777,42.134,99.4,97.841,1.559,99.8,97.869,1.931,100.2,98.34,1.86,100.6,98.823,1.777,100,98.782,1.218,100.4,98.646,1.754,100.8,98.959,1.841,101.2,99.186,2.014,100,98.556,101,100.052,31.953,10547130,67.799,-0.168,0.308,-0.239,-0.246,0.061,-0.169
2026-07-04T14:00:00.000Z,50,49.208,45.113,42,41.313,41.964,99.4,113.406,-14.006,99.8,98.13,1.67,100.2,98.159,2.041,100.6,98.616,1.984,100,98.251,1.749,100.4,98.6,1.8,100.8,99.39,1.41,101.2,99.655,1.545,100,100.526,101,99.812,31.871,10557360,67.808,-0.106,0.26,-0.233,-0.255,0.05,-0.16
2026-07-04T14:05:00.000Z,50,48.981,44.709,42,41.251,42.157,99.4,113.593,-14.193,99.8,113.666,-13.866,100.2,114.715,-14.515,100.6,98.763,1.837,100,98.629,1.371,100.4,98.634,1.766,100.8,98.876,1.924,101.2,99.444,1.756,100,104.54,101,100.104,31.97,10567590,67.885,-0.072,0.193,-0.226,-0.244,0.04,-0.151
2026-07-04T14:10:00.000Z,50,49.442,44.678,42,41.5,41.832,99.4,113.491,-14.091,99.8,113.673,-13.873,100.2,114.714,-14.514,100.6,115.871,-15.271,100,114.817,-14.817,100.4,116.161,-15.761,100.8,98.864,1.936,101.2,99.299,1.901,100,110.861,101,100.074,31.934,10577820,67.454,-0.086,0.247,-0.219,-0.248,0.029,-0.141
2026-07-04T14:15:00.000Z,50,49.012,45.177,42,41.43,41.759,99.4,112.824,-13.424,99.8,113.701,-13.901,100.2,114.488,-14.288,100.6,115.547,-14.947,100,115.323,-15.323,100.4,116.149,-15.749,100.8,116.437,-15.637,101.2,117.387,-16.187,100,115.232,101,99.748,31.699,10588050,68.438,-0.034,0.255,-0.212,-0.276,0.018,-0.132
2026-07-04T14:20:00.000Z,50,49.507,45.11,42,41.326,41.955,99.4,113.057,-13.657,99.8,113.817,-14.017,100.2,114.591,-14.391,100.6,115.299,-14.699,100,115.022,-15.022,100.4,115.495,-15.095,100.8,116.36,-15.56,101.2,117.664,-16.464,100,115.163,101,99.758,32.002,10598280,67.625,0.005,0.241,-0.204,-0.24,0.008,-0.122
2026-07-04T14:25:00.000Z,50,49.257,45.685,42,41.253,42.322,99.4,113.582,-14.182,99.8,113.9,-14.1,100.2,114.777,-14.577,100.6,115.674,-15.074,100,114.86,-14.86,100.4,115.739,-15.339,100.8,116.464,-15.664,101.2,117.745,-16.545,100,115.343,101,99.914,31.779,10608510,67.538,-0.009,0.128,-0.196,-0.267,-0.003,-0.112
2026-07-04T14:30:00.000Z,50,49.382,44.835,42,41.388,41.546,99.4,112.914,-13.514,99.8,113.652,-13.852,100.2,114.87,-14.67,100.6,115.64,-15.04,100,115.429,-15.429,100.4,115.483,-15.083,100.8,116.855,-16.055,101.2,117.608,-16.408,100,115.306,101,99.691,31.973,10618740,68.894,0.037,0.138,-0.187,-0.243,-0.014,-0.102
2026-07-04T14:35:00.000Z,50,48.866,45.323,42,41.369,42.488,99.4,113.42,-14.02,99.8,113.64,-13.84,100.2,114.7,-14.5,100.6,115.153,-14.553,100,115.494,-15.494,100.4,115.752,-15.352,100.8,116.854,-16.054,101.2,117.561,-16.361,100,115.322,101,99.712,31.663,10628970,67.846,0.121,0.075,-0.178,-0.28,-0.024,-0.092
2026-07-04T14:40:00.000Z,50,48.95,44.926,42,41.549,42.328,99.4,112.719,-13.319,99.8,113.528,-13.728,100.2,114.631,-14.431,100.6,114.986,-14.386,100,115.397,-15.397,100.4,115.448,-15.048,100.8,116.198,-15.398,101.2,117.488,-16.288,100,115.049,101,100.006,31.643,10639200,67.957,0.169,0.095,-0.169,-0.283,-0.035,-0.082
2026-07-04T14:45:00.000Z,50,48.824,45.603,42,41.471,41.881,99.4,97.937,1.463,99.8,113.729,-13.929,100.2,114.275,-14.075,100.6,115.588,-14.988,100,115.036,-15.036,100.4,115.494,-15.094,100.8,116.68,-15.88,101.2,117.426,-16.226,100,113.271,101,99.613,31.599,10649430,68.41,0.069,0.013,-0.16,-0.288,-0.045,-0.071
2026-07-04T14:50:00.000Z,50,48.734,45.17,42,41.343,42.411,99.4,97.701,1.699,99.8,98.196,1.604,100.2,98.557,1.643,100.6,115.64,-15.04,100,115.298,-15.298,100.4,115.46,-15.06,100.8,116.714,-15.914,101.2,117.223,-16.023,100,109.349,101,99.988,31.537,10659660,69.254,0.148,-0.018,-0.15,-0.296,-0.056,-0.061
2026-07-04T14:55:00.000Z,50,49.04,45.824,42,41.173,42.54,99.4,97.181,2.219,99.8,98.383,1.417,100.2,98.22,1.98,100.6,98.766,1.834,100,98.536,1.464,100.4,98.882,1.518,100.8,116.842,-16.042,101.2,117.409,-16.209,100,103.027,101,99.513,31.751,10669890,68.639,0.123,-0.055,-0.14,-0.27,-0.066,-0.05
2026-07-04T15:00:00.000Z,50,49.167,46.135,42,41.233,42.471,99.4,97.858,1.542,99.8,98.187,1.613,100.2,98.128,2.072,100.6,98.388,2.212,100,98.644,1.356,100.4,98.562,1.838,100.8,99.161,1.639,101.2,99.747,1.453,100,98.584,101,99.856,31.577,10680120,69.476,0.255,-0.016,-0.13,-0.291,-0.077,-0.04
2026-07-04T15:05:00.000Z,50,48.708,45.623,42,41.274,42.643,99.4,97.458,1.942,99.8,97.66,2.14,100.2,98.052,2.148,100.6,98.579,2.021,100,98.681,1.319,100.4,98.725,1.675,100.8,98.984,1.816,101.2,99.268,1.932,100,98.426,101,99.474,31.534,10690350,69.651,0.17,-0.078,-0.119,-0.296,-0.087,-0.029
2026-07-04T15:10:00.000Z,50,49.23,46.528,42,41.629,42.428,99.4,97.378,2.022,99.8,97.756,2.044,100.2,98.025,2.175,100.6,99.075,1.525,100,98.554,1.446,100.4,98.768,1.632,100.8,99.376,1.424,101.2,99.244,1.956,100,98.522,101,99.533,31.761,10700580,69.532,0.251,-0.108,-0.109,-0.269,-0.097,-0.018
2026-07-04T15:15:00.000Z,50,48.855,46.202,42,41.191,43.164,99.4,97.844,1.556,99.8,98.046,1.754,100.2,98.487,1.713,100.6,98.644,1.956,100,97.978,2.022,100.4,98.361,2.039,100.8,99.302,1.498,101.2,99.144,2.056,100,98.476,101,99.455,31.828,10710810,69.706,0.221,-0.046,-0.098,-0.261,-0.107,-0.008
2026-07-04T15:20:00.000Z,50,48.859,46.212,42,41.51,42.713,99.4,97.481,1.919,99.8,98.249,1.551,100.2,98.231,1.969,100.6,98.805,1.795,100,98.712,1.288,100.4,99.084,1.316,100.8,99.075,1.725,101.2,99.023,2.177,100,98.583,101,99.772,31.557,10721040,70.035,0.263,-0.085,-0.087,-0.293,-0.117,0.003
2026-07-04T15:25:00.000Z,50,48.738,46.603,42,41.394,43.214,99.4,97.262,2.138,99.8,98.435,1.365,100.2,98.643,1.557,100.6,99.148,1.452,100,97.976,2.024,100.4,98.317,2.083,100.8,99.031,1.769,101.2,99.329,1.871,100,98.518,101,99.645,31.977,10731270,69.887,0.363,-0.139,-0.076,-0.243,-0.127,0.014
2026-07-04T15:30:00.000Z,50,48.666,46.566,42,41.36,42.887,99.4,97.785,1.615,99.8,98.248,1.552,100.2,98.725,1.475,100.6,98.487,2.113,100,98.528,1.472,100.4,98.631,1.769,100.8,98.931,1.869,101.2,99.473,1.727,100,98.601,101,99.86,31.847,10741500,70.642,0.389,-0.125,-0.064,-0.258,-0.137,0.024
2026-07-04T15:35:00.000Z,50,48.692,47.59,42,41.219,42.951,99.4,97.398,2.002,99.8,98.002,1.798,100.2,98.535,1.665,100.6,99.13,1.47,100,98.441,1.559,100.4,98.908,1.492,100.8,98.951,1.849,101.2,99.303,1.897,100,98.584,101,99.859,31.843,10751730,70.054,0.439,-0.148,-0.053,-0.259,-0.147,0.035
2026-07-04T15:40:00.000Z,50,48.752,47.282,42,41.324,42.945,99.4,97.495,1.905,99.8,98.229,1.571,100.2,98.59,1.61,100.6,98.993,1.607,100,98.745,1.255,100.4,98.889,1.511,100.8,99.377,1.423,101.2,99.396,1.804,100,98.714,101,99.696,31.715,10761960,71.5,0.319,-0.144,-0.042,-0.274,-0.156,0.046
2026-07-04T15:45:00.000Z,50,49.002,47.187,42,41.012,43.083,99.4,97.773,1.627,99.8,98.439,1.361,100.2,98.179,2.021,100.6,98.812,1.788,100,98.397,1.603,100.4,98.687,1.713,100.8,98.889,1.911,101.2,99.709,1.491,100,98.611,101,99.604,31.789,10772190,71.556,0.342,-0.201,-0.03,-0.265,-0.165,0.056
2026-07-04T15:50:00.000Z,50,48.612,47.874,42,41.197,43.703,99.4,97.503,1.897,99.8,97.772,2.028,100.2,98.706,1.494,100.6,98.923,1.677,100,98.558,1.442,100.4,98.796,1.604,100.8,99.606,1.194,101.2,99.823,1.377,100,98.711,101,99.331,31.895,10782420,71.398,0.484,-0.204,-0.018,-0.253,-0.174,0.067
2026-07-04T15:55:00.000Z,50,48.813,48.348,42,41.067,43.52,99.4,97.75,1.65,99.8,98.275,1.525,100.2,98.49,1.71,100.6,99.009,1.591,100,98.006,1.994,100.4,98.583,1.817,100.8,99.51,1.29,101.2,99.62,1.58,100,98.655,101,99.54,31.731,10792650,71.599,0.366,-0.271,-0.007,-0.272,-0.183,0.077
2026-07-04T16:00:00.000Z,50,48.775,48.071,42,40.939,44.204,99.4,98.102,1.298,99.8,98.03,1.77,100.2,99.056,1.144,100.6,98.943,1.657,100,98.672,1.328,100.4,98.397,2.003,100.8,99.065,1.735,101.2,99.684,1.516,100,98.744,101,99.369,31.815,10802880,72.341,0.357,-0.252,0.005,-0.262,-0.192,0.087
2026-07-04T16:05:00.000Z,50,48.438,48.598,42,40.914,44.4,99.4,97.516,1.884,99.8,98.068,1.732,100.2,98.585,1.615,100.6,99.319,1.281,100,98.12,1.88,100.4,98.892,1.508,100.8,99.361,1.439,101.2,99.612,1.588,100,98.684,101,99.482,31.932,10813110,72.676,0.361,-0.353,0.017,-0.248,-0.2,0.098
2026-07-04T16:10:00.000Z,50,48.868,48.871,42,41.035,44.477,99.4,97.574,1.826,99.8,97.928,1.872,100.2,98.721,1.479,100.6,99.288,1.312,100,98.16,1.84,100.4,98.991,1.409,100.8,99.112,1.688,101.2,99.968,1.232,100,98.718,101,99.424,31.759,10823340,72.843,0.467,-0.292,0.028,-0.269,-0.208,0.108
2026-07-04T16:15:00.000Z,50,48.795,48.811,42,41.39,44.751,99.4,97.92,1.48,99.8,98.293,1.507,100.2,98.478,1.722,100.6,99.504,1.096,100,98.683,1.317,100.4,99.097,1.303,100.8,99.084,1.716,101.2,99.657,1.543,100,98.84,101,99.702,32.124,10833570,72.62,0.524,-0.282,0.04,-0.225,-0.216,0.118
2026-07-04T16:20:00.000Z,50,48.394,49.152,42,41.113,44.438,99.4,97.774,1.626,99.8,98.639,1.161,100.2,98.584,1.616,100.6,99.519,1.081,100,98.702,1.298,100.4,98.936,1.464,100.8,99.703,1.097,101.2,99.584,1.616,100,98.93,101,99.347,31.807,10843800,73.205,0.384,-0.39,0.051,-0.263,-0.224,0.127
2026-07-04T16:25:00.000Z,50,48.453,48.827,42,41.387,44.524,99.4,98.271,1.129,99.8,98.725,1.075,100.2,99.084,1.116,100.6,99.479,1.121,100,98.894,1.106,100.4,98.998,1.402,100.8,99.645,1.155,101.2,99.384,1.816,100,99.06,101,99.609,32.209,10854030,72.696,0.499,-0.314,0.063,-0.215,-0.232,0.137
2026-07-04T16:30:00.000Z,50,48.797,48.923,42,40.914,44.684,99.4,97.619,1.781,99.8,98.577,1.223,100.2,98.625,1.575,100.6,98.81,1.79,100,98.936,1.064,100.4,98.864,1.536,100.8,99.264,1.536,101.2,99.612,1.588,100,98.788,101,99.143,31.846,10864260,74.139,0.52,-0.409,0.074,-0.258,-0.239,0.147
2026-07-04T16:35:00.000Z,50,48.368,49.076,42,41.405,44.656,99.4,98.136,1.264,99.8,98.238,1.562,100.2,98.618,1.582,100.6,99.633,0.967,100,98.866,1.134,100.4,98.787,1.613,100.8,99.48,1.32,101.2,99.575,1.625,100,98.917,101,99.522,32.213,10874490,73.104,0.382,-0.38,0.085,-0.214,-0.246,0.156
2026-07-04T16:40:00.000Z,50,48.494,50.011,42,41.054,45.288,99.4,98.476,0.924,99.8,98.887,0.913,100.2,98.829,1.371,100.6,99.525,1.075,100,98.928,1.072,100.4,99.23,1.17,100.8,99.507,1.293,101.2,99.957,1.243,100,99.167,101,99.139,31.954,10884720,74.207,0.452,-0.346,0.096,-0.245,-0.252,0.165
2026-07-04T16:45:00.000Z,50,48.692,49.205,42,40.876,45.354,99.4,97.704,1.696,99.8,98.355,1.445,100.2,98.895,1.305,100.6,99.635,0.965,100,98.619,1.381,100.4,99.481,0.919,100.8,99.198,1.602,101.2,100.168,1.032,100,99.007,101,99.334,32.401,10894950,74.315,0.381,-0.437,0.107,-0.192,-0.259,0.174
2026-07-04T16:50:00.000Z,50,48.683,49.663,42,41.429,45.637,99.4,97.69,1.71,99.8,98.089,1.711,100.2,99.177,1.023,100.6,99.743,0.857,100,99.023,0.977,100.4,99.077,1.323,100.8,99.229,1.571,101.2,100.285,0.915,100,99.039,101,99.16,31.962,10905180,73.802,0.408,-0.485,0.118,-0.245,-0.265,0.183
2026-07-04T16:55:00.000Z,50,48.311,49.529,42,41.209,45.063,99.4,98.096,1.304,99.8,98.657,1.143,100.2,99.03,1.17,100.6,99.282,1.318,100,98.954,1.046,100.4,99.424,0.976,100.8,99.396,1.404,101.2,100.176,1.024,100,99.127,101,99.203,32.153,10915410,75.289,0.485,-0.487,0.128,-0.222,-0.271,0.191
2026-07-04T17:00:00.000Z,50,48.906,49.945,42,41.06,45.18,99.4,97.854,1.546,99.8,98.587,1.213,100.2,98.752,1.448,100.6,99.046,1.554,100,98.375,1.625,100.4,98.862,1.538,100.8,99.454,1.346,101.2,99.837,1.363,100,98.846,101,99.183,32.403,10925640,75.071,0.444,-0.381,0.139,-0.192,-0.276,0.2
2026-07-04T17:05:00.000Z,50,48.669,50.584,42,40.836,45.701,99.4,98.553,0.847,99.8,98.204,1.596,100.2,99.035,1.165,100.6,99.565,1.035,100,98.585,1.415,100.4,99.388,1.012,100.8,99.486,1.314,101.2,99.862,1.338,100,99.085,101,99.344,32.459,10935870,74.991,0.316,-0.48,0.149,-0.185,-0.282,0.208
2026-07-04T17:10:00.000Z,50,48.316,50.897,42,41.069,45.347,99.4,98.382,1.018,99.8,98.272,1.528,100.2,99.339,0.861,100.6,99.592,1.008,100,98.6,1.4,100.4,98.884,1.516,100.8,99.68,1.12,101.2,100.218,0.982,100,99.121,101,99.495,32.409,10946100,75.592,0.304,-0.469,0.158,-0.191,-0.287,0.215
2026-07-04T17:15:00.000Z,50,48.886,50.636,42,41.397,46.136,99.4,97.769,1.631,99.8,98.253,1.547,100.2,98.927,1.273,100.6,99.459,1.141,100,99.003,0.997,100.4,99.233,1.167,100.8,99.851,0.949,101.2,100.303,0.897,100,99.1,101,99.588,32.341,10956330,75.916,0.322,-0.484,0.168,-0.199,-0.291,0.223
2026-07-04T17:20:00.000Z,50,48.811,50.063,42,40.937,45.92,99.4,97.959,1.441,99.8,98.924,0.876,100.2,99.12,1.08,100.6,99.768,0.832,100,98.823,1.177,100.4,99.307,1.093,100.8,99.809,0.991,101.2,100.372,0.828,100,99.26,101,99.279,32.483,10966560,75.295,0.325,-0.403,0.177,-0.182,-0.295,0.23
2026-07-04T17:25:00.000Z,50,48.51,50.81,42,41.314,45.963,99.4,98.062,1.338,99.8,98.88,0.92,100.2,98.72,1.48,100.6,99.232,1.368,100,98.601,1.399,100.4,99.1,1.3,100.8,99.806,0.994,101.2,100.416,0.784,100,99.102,101,99.086,32.436,10976790,75.459,0.377,-0.334,0.186,-0.188,-0.299,0.237
2026-07-04T17:30:00.000Z,50,48.395,50.236,42,41.292,46.3,99.4,97.888,1.512,99.8,98.321,1.479,100.2,98.979,1.221,100.6,99.302,1.298,100,98.765,1.235,100.4,99.538,0.862,100.8,100.001,0.799,101.2,99.641,1.559,100,99.054,101,99.578,32.507,10987020,76.061,0.296,-0.353,0.194,-0.179,-0.303,0.244
2026-07-04T17:35:00.000Z,50,48.386,50.862,42,41.145,46.531,99.4,97.899,1.501,99.8,98.316,1.484,100.2,99.327,0.873,100.6,99.522,1.078,100,99.01,0.99,100.4,99.468,0.932,100.8,100.055,0.745,101.2,100.217,0.983,100,99.227,101,99.579,32.307,10997250,76.386,0.302,-0.343,0.203,-0.203,-0.306,0.25
2026-07-04T17:40:00.000Z,50,48.674,51.24,42,41.33,45.643,99.4,98.347,1.053,99.8,98.594,1.206,100.2,98.901,1.299,100.6,99.592,1.008,100,98.649,1.351,100.4,99.201,1.199,100.8,99.337,1.463,101.2,100.087,1.113,100,99.089,101,99.591,32.329,11007480,75.527,0.15,-0.436,0.211,-0.2,-0.309,0.257
2026-07-04T17:45:00.000Z,50,48.769,50.764,42,41.33,46.145,99.4,98.08,1.32,99.8,98.45,1.35,100.2,98.962,1.238,100.6,99.821,0.779,100,98.84,1.16,100.4,99.258,1.142,100.8,99.309,1.491,101.2,99.967,1.233,100,99.086,101,99.443,32.394,11017710,76.352,0.154,-0.302,0.218,-0.193,-0.312,0.262
2026-07-04T17:50:00.000Z,50,48.333,51.109,42,41.099,46.49,99.4,98.492,0.908,99.8,98.59,1.21,100.2,98.871,1.329,100.6,99.193,1.407,100,98.99,1.01,100.4,99.469,0.931,100.8,99.696,1.104,101.2,99.68,1.52,100,99.123,101,99.267,32.374,11027940,75.805,0.114,-0.353,0.225,-0.195,-0.314,0.268
2026-07-04T17:55:00.000Z,50,48.442,51.554,42,41.34,45.939,99.4,98.235,1.165,99.8,98.385,1.415,100.2,99.441,0.759,100.6,99.127,1.473,100,99.164,0.836,100.4,99.594,0.806,100.8,99.537,1.263,101.2,100.22,0.98,100,99.213,101,99.014,32.489,11038170,76.438,0.08,-0.317,0.232,-0.181,-0.316,0.273
2026-07-04T18:00:00.000Z,50,48.726,51.324,42,41.221,45.784,99.4,97.886,1.514,99.8,99.125,0.675,100.2,98.874,1.326,100.6,99.705,0.895,100,98.694,1.306,100.4,99.283,1.117,100.8,99.832,0.968,101.2,99.914,1.286,100,99.164,101,99.473,32.302,11048400,75.814,0.072,-0.316,0.238,-0.204,-0.317,0.278
2026-07-04T18:05:00.000Z,50,48.718,51.22,42,41.387,45.696,99.4,98.318,1.082,99.8,98.458,1.342,100.2,98.978,1.222,100.6,99.74,0.86,100,98.935,1.065,100.4,99.494,0.906,100.8,99.598,1.202,101.2,99.704,1.496,100,99.153,101,99.111,32.403,11058630,75.61,0.038,-0.244,0.244,-0.192,-0.319,0.283
2026-07-04T18:10:00.000Z,50,48.748,50.588,42,40.988,45.912,99.4,98.597,0.803,99.8,98.695,1.105,100.2,98.895,1.305,100.6,99.468,1.132,100,98.453,1.547,100.4,99.152,1.248,100.8,100.11,0.69,101.2,100.103,1.097,100,99.184,101,99.562,32.274,11068860,75.525,-0.006,-0.315,0.25,-0.207,-0.319,0.287
2026-07-04T18:15:00.000Z,50,48.899,50.889,42,40.929,46.656,99.4,97.98,1.42,99.8,98.488,1.312,100.2,99.385,0.815,100.6,99.901,0.699,100,98.515,1.485,100.4,98.885,1.515,100.8,99.809,0.991,101.2,100.206,0.994,100,99.146,101,99.165,32.294,11079090,76.329,0.008,-0.288,0.255,-0.205,-0.32,0.291
2026-07-04T18:20:00.000Z,50,48.484,50.601,42,41.045,45.86,99.4,98.414,0.986,99.8,98.575,1.225,100.2,98.921,1.279,100.6,99.271,1.329,100,98.973,1.027,100.4,99.724,0.676,100.8,100.025,0.775,101.2,99.893,1.307,100,99.225,101,99.594,32.443,11089320,76.393,0.053,-0.319,0.259,-0.187,-0.32,0.294
2026-07-04T18:25:00.000Z,50,48.952,50.341,42,41.268,46.473,99.4,97.856,1.544,99.8,98.344,1.456,100.2,98.879,1.321,100.6,99.658,0.942,100,99.208,0.792,100.4,99.451,0.949,100.8,99.956,0.844,101.2,100.121,1.079,100,99.184,101,99.462,32.29,11099550,75.1,-0.017,-0.165,0.264,-0.205,-0.32,0.297
2026-07-04T18:30:00.000Z,50,48.695,50.947,42,41.057,46.414,99.4,97.92,1.48,99.8,98.37,1.43,100.2,98.937,1.263,100.6,99.283,1.317,100,98.562,1.438,100.4,99.572,0.828,100.8,99.436,1.364,101.2,99.746,1.454,100,98.978,101,99.316,32.358,11109780,75.347,-0.034,-0.193,0.267,-0.197,-0.319,0.3
2026-07-04T18:35:00.000Z,50,48.657,50.989,42,41.287,45.821,99.4,98.674,0.726,99.8,99.081,0.719,100.2,99.272,0.928,100.6,99.363,1.237,100,98.686,1.314,100.4,99.114,1.286,100.8,99.9,0.9,101.2,99.765,1.435,100,99.232,101,99.584,32.305,11120010,76.058,-0.062,-0.228,0.27,-0.203,-0.318,0.303
2026-07-04T18:40:00.000Z,50,48.493,50.395,42,41.296,46.237,99.4,98.178,1.222,99.8,99.074,0.726,100.2,98.931,1.269,100.6,99.693,0.907,100,98.829,1.171,100.4,98.987,1.413,100.8,99.819,0.981,101.2,100.215,0.985,100,99.216,101,99.616,32.157,11130240,74.972,-0.132,-0.079,0.273,-0.221,-0.317,0.305
2026-07-04T18:45:00.000Z,50,48.325,50.814,42,41.041,45.801,99.4,98.131,1.269,99.8,98.417,1.383,100.2,98.779,1.421,100.6,99.028,1.572,100,98.62,1.38,100.4,99.222,1.178,100.8,99.418,1.382,101.2,99.982,1.218,100,98.95,101,99.567,32.392,11140470,75.006,-0.096,-0.099,0.276,-0.193,-0.315,0.307
2026-07-04T18:50:00.000Z,50,48.822,50.113,42,41.037,46.14,99.4,98.219,1.181,99.8,98.231,1.569,100.2,98.891,1.309,100.6,99.543,1.057,100,98.414,1.586,100.4,99.38,1.02,100.8,100.004,0.796,101.2,99.662,1.538,100,99.043,101,99.175,32.202,11150700,75.56,-0.2,-0.117,0.277,-0.216,-0.313,0.308
2026-07-04T18:55:00.000Z,50,48.57,50.454,42,40.925,45.976,99.4,98.525,0.875,99.8,98.66,1.14,100.2,99.215,0.985,100.6,99.526,1.074,100,99.135,0.865,100.4,98.777,1.623,100.8,99.385,1.415,101.2,99.971,1.229,100,99.149,101,99.499,32.433,11160930,74.64,-0.234,-0.094,0.279,-0.188,-0.311,0.309
2026-07-04T19:00:00.000Z,50,48.738,50.306,42,41.026,45.386,99.4,97.839,1.561,99.8,98.672,1.128,100.2,98.803,1.397,100.6,99.059,1.541,100,98.519,1.481,100.4,99.549,0.851,100.8,99.657,1.143,101.2,100.12,1.08,100,99.027,101,99.165,32.477,11171160,75.296,-0.191,-0.018,0.28,-0.183,-0.308,0.31
2026-07-04T19:05:00.000Z,50,48.57,50.345,42,41.075,45.948,99.4,98.237,1.163,99.8,98.457,1.343,100.2,98.792,1.408,100.6,99.457,1.143,100,98.601,1.399,100.4,99.079,1.321,100.8,99.437,1.363,101.2,99.64,1.56,100,98.962,101,99.326,32.102,11181390,75.146,-0.284,0.042,0.28,-0.228,-0.305,0.31
2026-07-04T19:10:00.000Z,50,48.621,50.187,42,41.253,45.391,99.4,98.398,1.002,99.8,98.254,1.546,100.2,98.655,1.545,100.6,99.059,1.541,100,99.011,0.989,100.4,99.019,1.381,100.8,99.367,1.433,101.2,99.718,1.482,100,98.935,101,99.251,32.1,11191620,73.827,-0.318,0.007,0.28,-0.228,-0.302,0.31
2026-07-04T19:15:00.000Z,50,48.528,49.889,42,40.849,45.062,99.4,98.417,0.983,99.8,98.209,1.591,100.2,99.326,0.874,100.6,99.487,1.113,100,98.4,1.6,100.4,99.513,0.887,100.8,99.687,1.113,101.2,100.02,1.18,100,99.132,101,99.629,31.923,11201850,73.841,-0.281,-0.056,0.279,-0.249,-0.298,0.309
2026-07-04T19:20:00.000Z,50,48.607,49.655,42,41.422,44.973,99.4,97.925,1.475,99.8,98.22,1.58,100.2,98.436,1.764,100.6,99.147,1.453,100,98.958,1.042,100.4,98.863,1.537,100.8,99.141,1.659,101.2,99.85,1.35,100,98.818,101,99.285,32.369,11212080,74.021,-0.296,0.043,0.278,-0.196,-0.294,0.309
2026-07-04T19:25:00.000Z,50,48.545,49.788,42,41.354,44.83,99.4,97.793,1.607,99.8,98.684,1.116,100.2,99.03,1.17,100.6,98.952,1.648,100,98.696,1.304,100.4,99.319,1.081,100.8,99.856,0.944,101.2,99.518,1.682,100,98.981,101,99.414,31.887,11222310,74.34,-0.279,0.142,0.277,-0.254,-0.29,0.307
2026-07-04T19:30:00.000Z,50,48.972,48.553,42,41.302,45.122,99.4,98.381,1.019,99.8,98.47,1.33,100.2,99.035,1.165,100.6,99.092,1.508,100,98.848,1.152,100.4,98.837,1.563,100.8,99.555,1.245,101.2,100.179,1.021,100,99.05,101,99.699,32.1,11232540,74.153,-0.308,0.099,0.275,-0.228,-0.285,0.306
2026-07-04T19:35:00.000Z,50,48.633,49.243,42,41.159,44.893,99.4,97.788,1.612,99.8,98.427,1.373,100.2,98.817,1.383,100.6,99.212,1.388,100,98.981,1.019,100.4,99.322,1.078,100.8,99.566,1.234,101.2,100.152,1.048,100,99.033,101,99.164,32.159,11242770,73.237,-0.388,0.07,0.272,-0.221,-0.28,0.304
2026-07-04T19:40:00.000Z,50,48.815,48.585,42,41.026,44.659,99.4,97.862,1.538,99.8,98.418,1.382,100.2,98.64,1.56,100.6,98.815,1.785,100,98.869,1.131,100.4,99.071,1.329,100.8,99.513,1.287,101.2,99.906,1.294,100,98.887,101,99.153,31.826,11253000,72.942,-0.394,0.222,0.269,-0.261,-0.275,0.302
2026-07-04T19:45:00.000Z,50,48.942,49.027,42,41.104,44.688,99.4,98.008,1.392,99.8,98.292,1.508,100.2,98.702,1.498,100.6,99.438,1.162,100,98.706,1.294,100.4,98.54,1.86,100.8,98.887,1.913,101.2,99.963,1.237,100,98.817,101,99.243,31.794,11263230,72.753,-0.474,0.143,0.266,-0.265,-0.269,0.299
2026-07-04T19:50:00.000Z,50,48.795,48.097,42,41.246,44.158,99.4,98.052,1.348,99.8,98.702,1.098,100.2,99.042,1.158,100.6,98.71,1.89,100,98.802,1.198,100.4,99.191,1.209,100.8,99.666,1.134,101.2,100.065,1.135,100,99.029,101,99.376,31.929,11273460,72.622,-0.37,0.181,0.262,-0.248,-0.263,0.296
2026-07-04T19:55:00.000Z,50,48.77,48.212,42,41.35,43.985,99.4,97.859,1.541,99.8,98.036,1.764,100.2,98.698,1.502,100.6,99.296,1.304,100,98.343,1.657,100.4,98.796,1.604,100.8,99.136,1.664,101.2,99.221,1.979,100,98.673,101,99.708,31.913,11283690,71.936,-0.502,0.288,0.257,-0.25,-0.257,0.293
2026-07-04T20:00:00.000Z,50,48.645,48.37,42,41.344,44.295,99.4,97.894,1.506,99.8,98.133,1.667,100.2,98.428,1.772,100.6,99.353,1.247,100,98.224,1.776,100.4,98.898,1.502,100.8,99.102,1.698,101.2,99.546,1.654,100,98.697,101,99.628,31.8,11293920,71.464,-0.452,0.27,0.253,-0.264,-0.25,0.289
2026-07-04T20:05:00.000Z,50,48.917,47.582,42,41.186,43.686,99.4,97.539,1.861,99.8,97.796,2.004,100.2,98.818,1.382,100.6,98.664,1.936,100,98.194,1.806,100.4,98.695,1.705,100.8,99.116,1.684,101.2,100.028,1.172,100,98.606,101,99.388,32.011,11304150,71.22,-0.412,0.211,0.247,-0.239,-0.244,0.285
2026-07-04T20:10:00.000Z,50,49.016,47.358,42,41.413,43.363,99.4,97.654,1.746,99.8,98.249,1.551,100.2,98.59,1.61,100.6,98.749,1.851,100,98.736,1.264,100.4,98.887,1.513,100.8,99.336,1.464,101.2,99.58,1.62,100,98.723,101,99.714,32.024,11314380,71.658,-0.496,0.314,0.242,-0.237,-0.237,0.281
2026-07-04T20:15:00.000Z,50,48.883,47.947,42,40.971,43.462,99.4,97.56,1.84,99.8,98.344,1.456,100.2,98.175,2.025,100.6,98.921,1.679,100,98.255,1.745,100.4,98.435,1.965,100.8,99.02,1.78,101.2,99.823,1.377,100,98.567,101,99.354,31.641,11324610,71.358,-0.485,0.268,0.235,-0.283,-0.229,0.276
2026-07-04T20:20:00.000Z,50,48.694,47.605,42,41.07,43.567,99.4,97.892,1.508,99.8,98.185,1.615,100.2,98.617,1.583,100.6,98.795,1.805,100,98.467,1.533,100.4,98.823,1.577,100.8,99.205,1.595,101.2,99.306,1.894,100,98.661,101,99.371,32.017,11334840,71.235,-0.38,0.39,0.229,-0.238,-0.222,0.271
2026-07-04T20:25:00.000Z,50,48.802,47.071,42,41.442,43.787,99.4,97.308,2.092,99.8,98.543,1.257,100.2,98.583,1.617,100.6,98.624,1.976,100,97.913,2.087,100.4,98.649,1.751,100.8,99.081,1.719,101.2,99.314,1.886,100,98.502,101,99.836,31.559,11345070,70.634,-0.433,0.35,0.222,-0.293,-0.214,0.266
2026-07-04T20:30:00.000Z,50,48.649,47.45,42,41.186,43.165,99.4,97.717,1.683,99.8,97.667,2.133,100.2,98.499,1.701,100.6,98.472,2.128,100,98.539,1.461,100.4,98.724,1.676,100.8,98.802,1.998,101.2,99.886,1.314,100,98.538,101,99.383,32.008,11355300,71.108,-0.447,0.365,0.215,-0.239,-0.206,0.26
2026-07-04T20:35:00.000Z,50,49.218,46.177,42,41.355,43.499,99.4,97.951,1.449,99.8,98.238,1.562,100.2,98.253,1.947,100.6,98.859,1.741,100,98.482,1.518,100.4,98.387,2.013,100.8,99.388,1.412,101.2,99.709,1.491,100,98.658,101,99.594,31.549,11365530,69.739,-0.505,0.404,0.207,-0.294,-0.198,0.254
2026-07-04T20:40:00.000Z,50,48.839,46.268,42,41.403,42.407,99.4,97.835,1.565,99.8,98.085,1.715,100.2,98.227,1.973,100.6,98.954,1.646,100,98.658,1.342,100.4,98.507,1.893,100.8,98.952,1.848,101.2,99.856,1.344,100,98.634,101,99.905,31.565,11375760,69.621,-0.441,0.397,0.199,-0.292,-0.189,0.248
2026-07-04T20:45:00.000Z,50,49.113,46.156,42,41.516,43.259,99.4,97.294,2.106,99.8,97.751,2.049,100.2,98.098,2.102,100.6,98.454,2.146,100,98.082,1.918,100.4,99.042,1.358,100.8,98.633,2.167,101.2,99.412,1.788,100,98.346,101,99.966,31.541,11385990,70.119,-0.431,0.454,0.191,-0.295,-0.18,0.241
2026-07-04T20:50:00.000Z,50,49.101,46.703,42,41.266,42.623,99.4,97.633,1.767,99.8,97.921,1.879,100.2,98.691,1.509,100.6,99.086,1.514,100,98.649,1.351,100.4,98.881,1.519,100.8,99.347,1.453,101.2,99.306,1.894,100,98.689,101,99.834,31.977,11396220,70.059,-0.377,0.444,0.182,-0.243,-0.172,0.234
2026-07-04T20:55:00.000Z,50,48.935,46.001,42,41.099,43.026,99.4,97.353,2.047,99.8,97.654,2.146,100.2,98.13,2.07,100.6,98.805,1.795,100,98.051,1.949,100.4,98.492,1.908,100.8,98.88,1.92,101.2,99.46,1.74,100,98.353,101,99.54,31.498,11406450,70.04,-0.44,0.469,0.173,-0.3,-0.162,0.227
2026-07-04T21:00:00.000Z,50,49.013,45.574,42,41.493,42.261,99.4,97.232,2.168,99.8,97.745,2.055,100.2,98.083,2.117,100.6,99.262,1.338,100,98.303,1.697,100.4,98.308,2.092,100.8,98.828,1.972,101.2,99.159,2.041,100,98.365,101,99.605,31.723,11416680,69.161,-0.312,0.405,0.164,-0.273,-0.153,0.22
2026-07-04T21:05:00.000Z,50,48.709,45.686,42,41.234,41.855,99.4,98.037,1.363,99.8,98.007,1.793,100.2,98.36,1.84,100.6,98.465,2.135,100,98.312,1.688,100.4,98.957,1.443,100.8,98.984,1.816,101.2,99.265,1.935,100,98.548,101,100.055,31.889,11426910,68.88,-0.415,0.398,0.154,-0.253,-0.144,0.212
2026-07-04T21:10:00.000Z,50,48.867,45.36,42,41.281,42.053,99.4,97.471,1.929,99.8,97.642,2.158,100.2,98.191,2.009,100.6,98.485,2.115,100,98.575,1.425,100.4,98.427,1.973,100.8,98.953,1.847,101.2,99.277,1.923,100,98.378,101,99.791,31.969,11437140,68.393,-0.301,0.35,0.144,-0.244,-0.134,0.204
2026-07-04T21:15:00.000Z,50,49.157,44.959,42,41.192,42.384,99.4,97.787,1.613,99.8,97.972,1.828,100.2,98.8,1.4,100.6,99.035,1.565,100,98.509,1.491,100.4,98.371,2.029,100.8,99.032,1.768,101.2,99.065,2.135,100,98.571,101,99.773,31.887,11447370,69.228,-0.299,0.373,0.134,-0.254,-0.124,0.196
2026-07-04T21:20:00.000Z,50,49.359,45.143,42,41.337,42.405,99.4,97.193,2.207,99.8,97.859,1.941,100.2,98.109,2.091,100.6,99.058,1.542,100,98.552,1.448,100.4,98.249,2.151,100.8,98.919,1.881,101.2,99.404,1.796,100,98.418,101,99.556,31.936,11457600,68.517,-0.341,0.405,0.124,-0.248,-0.114,0.187
2026-07-04T21:25:00.000Z,50,48.953,45.413,42,41.259,42.037,99.4,98.063,1.337,99.8,98.494,1.306,100.2,98.561,1.639,100.6,98.853,1.747,100,97.86,2.14,100.4,98.949,1.451,100.8,99.42,1.38,101.2,99.894,1.306,100,98.762,101,99.795,32.026,11467830,68.371,-0.305,0.466,0.113,-0.237,-0.104,0.179
2026-07-04T21:30:00.000Z,50,48.799,45.542,42,41.589,41.566,99.4,97.928,1.472,99.8,98.217,1.583,100.2,98.725,1.475,100.6,99.224,1.376,100,98.451,1.549,100.4,98.949,1.451,100.8,99.286,1.514,101.2,99.054,2.146,100,98.729,101,99.895,31.771,11478060,68.477,-0.318,0.389,0.102,-0.267,-0.094,0.17
2026-07-04T21:35:00.000Z,50,49.248,44.734,42,41.565,41.492,99.4,97.751,1.649,99.8,98.084,1.716,100.2,98.552,1.648,100.6,98.708,1.892,100,97.83,2.17,100.4,98.984,1.416,100.8,98.74,2.06,101.2,99.592,1.608,100,98.53,101,100.003,31.687,11488290,68.021,-0.251,0.42,0.091,-0.278,-0.084,0.161
2026-07-04T21:40:00.000Z,50,49.115,45.451,42,41.703,41.621,99.4,98.082,1.318,99.8,98.149,1.651,100.2,98.232,1.968,100.6,99.031,1.569,100,97.85,2.15,100.4,98.36,2.04,100.8,98.693,2.107,101.2,99.11,2.09,100,98.438,101,99.868,32.083,11498520,68.758,-0.162,0.419,0.08,-0.23,-0.074,0.152
2026-07-04T21:45:00.000Z,50,49.013,45.184,42,41.712,41.602,99.4,98.137,1.263,99.8,97.818,1.982,100.2,98.785,1.415,100.6,98.77,1.83,100,98.556,1.444,100.4,98.457,1.943,100.8,99.552,1.248,101.2,99.426,1.774,100,98.688,101,100.013,31.725,11508750,68.185,-0.242,0.452,0.069,-0.273,-0.063,0.142
2026-07-04T21:50:00.000Z,50,48.958,44.567,42,41.792,42.194,99.4,97.507,1.893,99.8,98.398,1.402,100.2,98.42,1.78,100.6,98.833,1.767,100,98.724,1.276,100.4,98.431,1.969,100.8,99.246,1.554,101.2,99.909,1.291,100,98.684,101,100.117,31.797,11518980,68.129,-0.086,0.406,0.058,-0.264,-0.053,0.133
2026-07-04T21:55:00.000Z,50,49.45,45.435,42,41.462,41.923,99.4,98.161,1.239,99.8,98.319,1.481,100.2,98.368,1.832,100.6,99.226,1.374,100,98.228,1.772,100.4,98.462,1.938,100.8,98.921,1.879,101.2,99.644,1.556,100,98.666,101,100.285,31.733,11529210,68.007,-0.09,0.455,0.046,-0.272,-0.042,0.123
2026-07-04T22:00:00.000Z,50,49.388,45.033,42,41.557,41.391,99.4,98.187,1.213,99.8,98.203,1.597,100.2,98.381,1.819,100.6,98.64,1.96,100,98.506,1.494,100.4,98.812,1.588,100.8,99.233,1.567,101.2,99.885,1.315,100,98.731,101,99.826,32.05,11539440,68.131,-0.128,0.35,0.035,-0.234,-0.032,0.113
2026-07-04T22:05:00.000Z,50,49.336,45.497,42,41.383,41.883,99.4,98.006,1.394,99.8,98.447,1.353,100.2,98.211,1.989,100.6,99.119,1.481,100,98.059,1.941,100.4,98.487,1.913,100.8,99.161,1.639,101.2,99.741,1.459,100,98.654,101,100.003,31.856,11549670,67.425,-0.086,0.325,0.023,-0.257,-0.021,0.103
2026-07-04T22:10:00.000Z,50,49.25,44.635,42,41.591,41.646,99.4,98.254,1.146,99.8,98.064,1.736,100.2,99.004,1.196,100.6,99.323,1.277,100,98.625,1.375,100.4,98.753,1.647,100.8,99.453,1.347,101.2,100.024,1.176,100,98.938,101,100.043,32.324,11559900,68.661,-0.083,0.305,0.011,-0.201,-0.01,0.093
2026-07-04T22:15:00.000Z,50,49.591,44.706,42,41.35,42.093,99.4,98.221,1.179,99.8,98.236,1.564,100.2,98.323,1.877,100.6,98.677,1.923,100,98.181,1.819,100.4,99.321,1.079,100.8,99.305,1.495,101.2,99.456,1.744,100,98.715,101,100.412,32.072,11570130,67.748,0.056,0.339,0,-0.231,0,0.083
2026-07-04T22:20:00.000Z,50,49.674,45.661,42,41.87,41.624,99.4,98.207,1.193,99.8,98.376,1.424,100.2,98.482,1.718,100.6,99.478,1.122,100,98.164,1.836,100.4,98.558,1.842,100.8,99.029,1.771,101.2,99.885,1.315,100,98.772,101,99.869,32.202,11580360,68.24,-0.038,0.335,-0.012,-0.216,0.011,0.072
2026-07-04T22:25:00.000Z,50,49.653,44.703,42,41.547,42.363,99.4,97.847,1.553,99.8,98.637,1.163,100.2,98.711,1.489,100.6,99.618,0.982,100,98.641,1.359,100.4,99.072,1.328,100.8,99.806,0.994,101.2,100.21,0.99,100,99.068,101,100.296,32.307,11590590,68.053,0.046,0.224,-0.024,-0.203,0.022,0.062
2026-07-04T22:30:00.000Z,50,49.605,45.733,42,41.738,42.097,99.4,97.651,1.749,99.8,98.647,1.153,100.2,98.605,1.595,100.6,98.869,1.731,100,98.951,1.049,100.4,99.448,0.952,100.8,99.676,1.124,101.2,99.76,1.44,100,98.951,101,100.331,32.584,11600820,68.455,0.135,0.224,-0.035,-0.17,0.032,0.051
2026-07-04T22:35:00.000Z,50,49.621,45.218,42,41.571,42.483,99.4,98.345,1.055,99.8,98.774,1.026,100.2,98.483,1.717,100.6,99.746,0.854,100,98.838,1.162,100.4,98.738,1.662,100.8,99.826,0.974,101.2,99.671,1.529,100,99.053,101,100.522,32.182,11611050,67.913,0.185,0.297,-0.047,-0.218,0.043,0.041
2026-07-04T22:40:00.000Z,50,49.278,44.999,42,41.493,42.395,99.4,98.614,0.786,99.8,98.435,1.365,100.2,99.365,0.835,100.6,99.525,1.075,100,98.561,1.439,100.4,98.883,1.517,100.8,99.89,0.91,101.2,100.086,1.114,100,99.17,101,100.219,32.589,11621280,68.989,0.101,0.292,-0.058,-0.169,0.053,0.03
2026-07-04T22:45:00.000Z,50,49.333,44.906,42,41.703,42.291,99.4,97.826,1.574,99.8,98.565,1.235,100.2,99.448,0.752,100.6,99.732,0.868,100,98.466,1.534,100.4,99.647,0.753,100.8,99.821,0.979,101.2,100.472,0.728,100,99.247,101,100.08,32.319,11631510,68.939,0.163,0.199,-0.07,-0.202,0.064,0.02
2026-07-04T22:50:00.000Z,50,49.31,45.537,42,41.512,42.197,99.4,98.133,1.267,99.8,98.423,1.377,100.2,98.952,1.248,100.6,99.202,1.398,100,98.814,1.186,100.4,99.752,0.648,100.8,99.721,1.079,101.2,99.961,1.239,100,99.12,101,100.333,32.562,11641740,68.795,0.14,0.148,-0.081,-0.173,0.074,0.009
2026-07-04T22:55:00.000Z,50,49.474,46.182,42,41.65,42.271,99.4,98.461,0.939,99.8,98.39,1.41,100.2,98.912,1.288,100.6,99.498,1.102,100,98.923,1.077,100.4,99.658,0.742,100.8,99.984,0.816,101.2,99.986,1.214,100,99.227,101,100.444,32.786,11651970,68.356,0.261,0.135,-0.092,-0.146,0.085,-0.002
2026-07-04T23:00:00.000Z,50,49.361,45.378,42,41.549,42.767,99.4,98.711,0.689,99.8,99.162,0.638,100.2,99.158,1.042,100.6,99.766,0.834,100,99.285,0.715,100.4,99.578,0.822,100.8,99.433,1.367,101.2,100.652,0.548,100,99.468,101,100.642,32.812,11662200,69.338,0.228,0.102,-0.103,-0.143,0.095,-0.013
2026-07-04T23:05:00.000Z,50,49.808,46.415,42,41.899,42.692,99.4,98.68,0.72,99.8,99.185,0.615,100.2,99.581,0.619,100.6,99.439,1.161,100,99.254,0.746,100.4,99.236,1.164,100.8,100.212,0.588,101.2,100.622,0.578,100,99.526,101,100.693,32.737,11672430,68.82,0.307,0.06,-0.114,-0.152,0.105,-0.023
2026-07-04T23:10:00.000Z,50,49.669,45.835,42,41.697,42.929,99.4,98.776,0.624,99.8,98.595,1.205,100.2,99.074,1.126,100.6,99.975,0.625,100,98.841,1.159,100.4,99.667,0.733,100.8,99.818,0.982,101.2,100.815,0.385,100,99.445,101,100.187,32.966,11682660,69.118,0.353,0.079,-0.124,-0.124,0.115,-0.034
2026-07-04T23:15:00.000Z,50,49.818,46.477,42,41.897,43.168,99.4,98.994,0.406,99.8,99.156,0.644,100.2,99.661,0.539,100.6,100.133,0.467,100,99.2,0.8,100.4,99.924,0.476,100.8,100.388,0.412,101.2,100.691,0.509,100,99.768,101,100.591,33.223,11692890,70.05,0.329,0.002,-0.135,-0.093,0.125,-0.044
2026-07-04T23:20:00.000Z,50,49.998,47.005,42,41.592,42.496,99.4,98.969,0.431,99.8,99.345,0.455,100.2,99.592,0.608,100.6,99.701,0.899,100,99.766,0.234,100.4,99.649,0.751,100.8,100.067,0.733,101.2,100.54,0.66,100,99.704,101,100.597,32.96,11703120,70.699,0.27,0.058,-0.145,-0.125,0.135,-0.055
2026-07-04T23:25:00.000Z,50,49.951,46.256,42,41.775,43.268,99.4,98.537,0.863,99.8,99.534,0.266,100.2,100.06,0.14,100.6,99.585,1.015,100,99.103,0.897,100.4,99.968,0.432,100.8,99.881,0.919,101.2,100.23,0.97,100,99.612,101,100.361,33.401,11713350,70.925,0.322,-0.021,-0.154,-0.072,0.144,-0.065
2026-07-04T23:30:00.000Z,50,49.495,46.399,42,41.661,43.502,99.4,98.915,0.485,99.8,98.957,0.843,100.2,99.802,0.398,100.6,100.316,0.284,100,99.414,0.586,100.4,99.663,0.737,100.8,99.928,0.872,101.2,100.918,0.282,100,99.739,101,100.689,33.6,11723580,70.083,0.381,0.037,-0.164,-0.048,0.154,-0.076
2026-07-04T23:35:00.000Z,50,49.512,46.753,42,41.9,43.201,99.4,99.37,0.03,99.8,99.417,0.383,100.2,99.881,0.319,100.6,100.593,0.007,100,99.842,0.158,100.4,99.802,0.598,100.8,100.698,0.102,101.2,100.992,0.208,100,100.074,101,100.655,33.725,11733810,70.376,0.448,-0.083,-0.173,-0.033,0.163,-0.086
2026-07-04T23:40:00.000Z,50,49.948,47.111,42,41.861,43.304,99.4,98.944,0.456,99.8,99.212,0.588,100.2,99.697,0.503,100.6,100.369,0.231,100,99.987,0.013,100.4,99.999,0.401,100.8,100.483,0.317,101.2,100.879,0.321,100,99.946,101,100.502,33.707,11744040,70.377,0.426,-0.098,-0.182,-0.035,0.172,-0.096
2026-07-04T23:45:00.000Z,50,50.11,47.138,42,41.981,43.195,99.4,98.993,0.407,99.8,99.363,0.437,100.2,100.03,0.17,100.6,100.339,0.261,100,99.371,0.629,100.4,100.472,-0.072,100.8,100.975,-0.175,101.2,101.277,-0.077,100,100.103,101,100.68,33.555,11754270,71.561,0.356,-0.055,-0.191,-0.053,0.181,-0.107
2026-07-04T23:50:00.000Z,50,50.191,47.955,42,41.713,43.901,99.4,99.572,-0.172,99.8,99.534,0.266,100.2,100.169,0.031,100.6,100.042,0.558,100,100.229,-0.229,100.4,99.819,0.581,100.8,100.587,0.213,101.2,100.917,0.283,100,100.109,101,100.563,33.83,11764500,71.682,0.378,-0.202,-0.199,-0.02,0.19,-0.116
2026-07-04T23:55:00.000Z,50,49.925,47.295,42,41.786,43.635,99.4,99.104,0.296,99.8,99.272,0.528,100.2,100.512,-0.312,100.6,100.898,-0.298,100,99.546,0.454,100.4,100.383,0.017,100.8,100.284,0.516,101.2,100.733,0.467,100,100.092,101,100.622,33.825,11774730,72.173,0.497,-0.149,-0.207,-0.021,0.198,-0.126
2026-07-05T00:00:00.000Z,50,49.978,48.165,42,41.765,44.453,99.4,99.666,-0.266,99.8,99.742,0.058,100.2,100.308,-0.108,100.6,100.853,-0.253,100,100.398,-0.398,100.4,100.73,-0.33,100.8,100.621,0.179,101.2,101.618,-0.418,100,100.492,101,100.577,34.147,11784960,71.684,0.505,-0.17,-0.215,0.018,0.206,-0.136
2026-07-05T00:05:00.000Z,50,50.015,47.857,42,42.284,43.685,99.4,99.574,-0.174,99.8,99.488,0.312,100.2,100.432,-0.232,100.6,101.114,-0.514,100,100.003,-0.003,100.4,100.252,0.148,100.8,100.528,0.272,101.2,101.47,-0.27,100,100.358,101,100.977,34.342,11795190,71.81,0.518,-0.136,-0.222,0.041,0.214,-0.146
2026-07-05T00:10:00.000Z,50,49.846,47.85,42,42.174,44.57,99.4,99.723,-0.323,99.8,99.591,0.209,100.2,100.108,0.092,100.6,100.594,0.006,100,100.378,-0.378,100.4,100.447,-0.047,100.8,100.999,-0.199,101.2,100.94,0.26,100,100.348,101,100.668,34.178,11805420,73.07,0.529,-0.141,-0.229,0.021,0.222,-0.155
2026-07-05T00:15:00.000Z,50,50.24,49.092,42,42.34,44.4,99.4,99.441,-0.041,99.8,99.725,0.075,100.2,100.693,-0.493,100.6,100.483,0.117,100,100.495,-0.495,100.4,100.364,0.036,100.8,100.685,0.115,101.2,101.359,-0.159,100,100.406,101,101.183,34.128,11815650,73.471,0.381,-0.209,-0.236,0.015,0.23,-0.164
2026-07-05T00:20:00.000Z,50,49.853,48.593,42,42.232,44.956,99.4,99.622,-0.222,99.8,100.472,-0.672,100.2,100.461,-0.261,100.6,100.513,0.087,100,100.382,-0.382,100.4,100.911,-0.511,100.8,100.974,-0.174,101.2,101.691,-0.491,100,100.628,101,100.888,34.288,11825880,73.178,0.419,-0.19,-0.242,0.035,0.237,-0.173
2026-07-05T00:25:00.000Z,50,50.303,49.297,42,41.921,44.463,99.4,100.105,-0.705,99.8,100.35,-0.55,100.2,100.4,-0.2,100.6,100.705,-0.105,100,100.536,-0.536,100.4,100.474,-0.074,100.8,100.868,-0.068,101.2,101.82,-0.62,100,100.657,101,101.02,34.411,11836110,73.075,0.495,-0.242,-0.248,0.049,0.244,-0.182
2026-07-05T00:30:00.000Z,50,49.94,49.201,42,42.09,44.828,99.4,100.022,-0.622,99.8,100.228,-0.428,100.2,100.459,-0.259,100.6,101.306,-0.706,100,100.502,-0.502,100.4,100.822,-0.422,100.8,101.173,-0.373,101.2,101.564,-0.364,100,100.759,101,100.784,34.421,11846340,73.931,0.418,-0.233,-0.253,0.051,0.251,-0.19
2026-07-05T00:35:00.000Z,50,50.121,49.456,42,42.413,45.209,99.4,100.418,-1.018,99.8,100.695,-0.895,100.2,100.456,-0.256,100.6,101.384,-0.784,100,100.983,-0.983,100.4,100.653,-0.253,100.8,101.352,-0.552,101.2,101.348,-0.148,100,100.911,101,101.03,34.628,11856570,73.254,0.452,-0.368,-0.258,0.075,0.257,-0.199
2026-07-05T00:40:00.000Z,50,50.333,49.729,42,42.248,44.671,99.4,100.251,-0.851,99.8,100.783,-0.983,100.2,100.996,-0.796,100.6,101.305,-0.705,100,100.39,-0.39,100.4,100.875,-0.475,100.8,101.428,-0.628,101.2,101.951,-0.751,100,100.997,101,101.051,34.903,11866800,74.102,0.349,-0.297,-0.262,0.108,0.264,-0.207
2026-07-05T00:45:00.000Z,50,50.333,49.799,42,42.13,45.536,99.4,99.874,-0.474,99.8,100.812,-1.012,100.2,100.866,-0.666,100.6,101.662,-1.062,100,100.82,-0.82,100.4,101.054,-0.654,100.8,101.226,-0.426,101.2,101.689,-0.489,100,101,101,100.927,34.779,11877030,74.236,0.443,-0.275,-0.266,0.094,0.269,-0.215
2026-07-05T00:50:00.000Z,50,50.567,49.422,42,42.27,44.865,99.4,100.069,-0.669,99.8,100.571,-0.771,100.2,101.165,-0.965,100.6,101.298,-0.698,100,100.838,-0.838,100.4,101.248,-0.848,100.8,101.895,-1.095,101.2,101.611,-0.411,100,101.087,101,100.872,35.222,11887260,74.817,0.443,-0.298,-0.269,0.147,0.275,-0.222
2026-07-05T00:55:00.000Z,50,50.282,49.673,42,42.325,45.208,99.4,100.364,-0.964,99.8,100.51,-0.71,100.2,100.732,-0.532,100.6,101.585,-0.985,100,100.893,-0.893,100.4,101.12,-0.72,100.8,102.136,-1.336,101.2,102.49,-1.29,100,101.229,101,101.331,35.251,11897490,75.231,0.301,-0.355,-0.272,0.15,0.28,-0.229
2026-07-05T01:00:00.000Z,50,50.7,49.624,42,42.519,45.783,99.4,100.035,-0.635,99.8,100.384,-0.584,100.2,100.959,-0.759,100.6,101.452,-0.852,100,100.552,-0.552,100.4,101.31,-0.91,100.8,102.12,-1.32,101.2,102.127,-0.927,100,101.117,101,101.081,35.058,11907720,74.294,0.351,-0.385,-0.275,0.127,0.285,-0.237
2026-07-05T01:05:00.000Z,50,50.63,50.574,42,42.118,45.837,99.4,100.28,-0.88,99.8,101.262,-1.462,100.2,100.959,-0.759,100.6,101.505,-0.905,100,101.324,-1.324,100.4,101.527,-1.127,100.8,102.011,-1.211,101.2,102.088,-0.888,100,101.369,101,101.012,35.133,11917950,74.767,0.405,-0.412,-0.277,0.136,0.29,-0.243
2026-07-05T01:10:00.000Z,50,50.471,50.838,42,42.274,46.203,99.4,100.448,-1.048,99.8,100.869,-1.069,100.2,101.272,-1.072,100.6,101.953,-1.353,100,101.157,-1.157,100.4,101.675,-1.275,100.8,101.582,-0.782,101.2,102.308,-1.108,100,101.408,101,101.461,35.314,11928180,75.518,0.328,-0.402,-0.278,0.158,0.294,-0.25
2026-07-05T01:15:00.000Z,50,50.463,51.09,42,42.515,46.228,99.4,100.472,-1.072,99.8,101.261,-1.461,100.2,101.549,-1.349,100.6,101.43,-0.83,100,100.801,-0.801,100.4,101.905,-1.505,100.8,102.115,-1.315,101.2,102.134,-0.934,100,101.458,101,101.298,35.683,11938410,75.084,0.37,-0.479,-0.279,0.202,0.298,-0.256
2026-07-05T01:20:00.000Z,50,50.632,50.358,42,42.094,45.961,99.4,100.678,-1.278,99.8,101.358,-1.558,100.2,101.199,-0.999,100.6,101.844,-1.244,100,101.64,-1.64,100.4,101.382,-0.982,100.8,102.269,-1.469,101.2,102.314,-1.114,100,101.586,101,101.248,35.59,11948640,74.892,0.237,-0.474,-0.28,0.191,0.302,-0.262
2026-07-05T01:25:00.000Z,50,50.169,50.846,42,42.038,45.784,99.4,100.293,-0.893,99.8,100.956,-1.156,100.2,101.606,-1.406,100.6,102.228,-1.628,100,101.176,-1.176,100.4,101.956,-1.556,100.8,102.209,-1.409,101.2,102.53,-1.33,100,101.619,101,101.519,35.481,11958870,75.488,0.312,-0.447,-0.28,0.178,0.305,-0.267
2026-07-05T01:30:00.000Z,50,50.592,51.218,42,42.626,46.042,99.4,100.679,-1.279,99.8,100.714,-0.914,100.2,101.635,-1.435,100.6,102.252,-1.652,100,101.247,-1.247,100.4,102.047,-1.647,100.8,102.068,-1.268,101.2,102.217,-1.017,100,101.607,101,101.264,35.899,11969100,75.177,0.241,-0.421,-0.28,0.228,0.308,-0.273
2026-07-05T01:35:00.000Z,50,50.522,50.279,42,42.162,46.459,99.4,101.236,-1.836,99.8,101.282,-1.482,100.2,102.033,-1.833,100.6,101.594,-0.994,100,101.099,-1.099,100.4,101.672,-1.272,100.8,101.98,-1.18,101.2,102.901,-1.701,100,101.725,101,101.23,35.888,11979330,75.477,0.266,-0.374,-0.279,0.227,0.311,-0.278
2026-07-05T01:40:00.000Z,50,50.888,51.042,42,42.118,45.75,99.4,101.027,-1.627,99.8,100.86,-1.06,100.2,101.675,-1.475,100.6,102.198,-1.598,100,101.043,-1.043,100.4,102.272,-1.872,100.8,102.621,-1.821,101.2,103.062,-1.862,100,101.845,101,101.558,35.951,11989560,75.586,0.162,-0.486,-0.277,0.234,0.313,-0.282
2026-07-05T01:45:00.000Z,50,50.36,51.092,42,42.677,45.832,99.4,100.806,-1.406,99.8,101.124,-1.324,100.2,101.933,-1.733,100.6,101.988,-1.388,100,101.826,-1.826,100.4,101.986,-1.586,100.8,102.647,-1.847,101.2,102.563,-1.363,100,101.859,101,101.544,35.83,11999790,76.274,0.131,-0.343,-0.275,0.22,0.315,-0.286
2026-07-05T01:50:00.000Z,50,50.875,50.743,42,42.622,46.246,99.4,101.326,-1.926,99.8,101.075,-1.275,100.2,101.314,-1.114,100.6,102.189,-1.589,100,101.178,-1.178,100.4,101.852,-1.452,100.8,102.747,-1.947,101.2,102.362,-1.162,100,101.755,101,101.406,35.935,12010020,75.836,0.045,-0.332,-0.273,0.232,0.317,-0.29
2026-07-05T01:55:00.000Z,50,50.826,51.215,42,42.588,46.039,99.4,101.224,-1.824,99.8,101.431,-1.631,100.2,102.208,-2.008,100.6,101.838,-1.238,100,101.367,-1.367,100.4,101.766,-1.366,100.8,102.73,-1.93,101.2,102.425,-1.225,100,101.874,101,101.452,35.876,12020250,76.618,0.114,-0.374,-0.27,0.225,0.318,-0.294
2026-07-05T02:00:00.000Z,50,50.876,50.759,42,42.457,45.774,99.4,101.356,-1.956,99.8,101.715,-1.915,100.2,101.449,-1.249,100.6,101.999,-1.399,100,101.59,-1.59,100.4,101.585,-1.185,100.8,102.56,-1.76,101.2,102.883,-1.683,100,101.892,101,101.55,36.204,12030480,75.544,0.044,-0.365,-0.267,0.264,0.319,-0.297
2026-07-05T02:05:00.000Z,50,50.617,51.061,42,42.678,46.577,99.4,100.942,-1.542,99.8,101.795,-1.995,100.2,101.963,-1.763,100.6,102.496,-1.896,100,101.188,-1.188,100.4,102.291,-1.891,100.8,102.743,-1.943,101.2,102.862,-1.662,100,102.035,101,101.63,36.271,12040710,76.658,-0.011,-0.394,-0.263,0.272,0.32,-0.3
2026-07-05T02:10:00.000Z,50,50.877,51.065,42,42.465,46.393,99.4,101.33,-1.93,99.8,101.882,-2.082,100.2,102.077,-1.877,100.6,102.452,-1.852,100,101.735,-1.735,100.4,102.139,-1.739,100.8,102.117,-1.317,101.2,103.308,-2.108,100,102.13,101,101.844,35.886,12050940,76.082,0.042,-0.315,-0.259,0.226,0.32,-0.303
2026-07-05T02:15:00.000Z,50,50.636,51.085,42,42.457,46.391,99.4,101.36,-1.96,99.8,101.39,-1.59,100.2,102.099,-1.899,100.6,102.225,-1.625,100,101.534,-1.534,100.4,102.349,-1.949,100.8,102.817,-2.017,101.2,102.718,-1.518,100,102.062,101,101.43,36.356,12061170,76.251,-0.066,-0.345,-0.254,0.283,0.32,-0.305
2026-07-05T02:20:00.000Z,50,50.687,50.46,42,42.694,46.617,99.4,101.087,-1.687,99.8,101.631,-1.831,100.2,102.293,-2.093,100.6,102.151,-1.551,100,101.636,-1.636,100.4,101.807,-1.407,100.8,102.506,-1.706,101.2,102.493,-1.293,100,101.951,101,101.601,36.03,12071400,75.688,-0.115,-0.274,-0.249,0.244,0.319,-0.306
2026-07-05T02:25:00.000Z,50,50.669,50.794,42,42.318,46.195,99.4,101.349,-1.949,99.8,101.751,-1.951,100.2,101.721,-1.521,100.6,102.481,-1.881,100,101.533,-1.533,100.4,102.024,-1.624,100.8,102.389,-1.589,101.2,102.478,-1.278,100,101.966,101,101.914,36.39,12081630,76.41,-0.11,-0.269,-0.244,0.287,0.319,-0.308
2026-07-05T02:30:00.000Z,50,51.019,50.947,42,42.464,45.717,99.4,100.782,-1.382,99.8,101.379,-1.579,100.2,102.096,-1.896,100.6,102.577,-1.977,100,101.611,-1.611,100.4,102.034,-1.634,100.8,102.93,-2.13,101.2,102.729,-1.529,100,102.017,101,101.76,35.994,12091860,76.151,-0.093,-0.317,-0.238,0.239,0.317,-0.309
2026-07-05T02:35:00.000Z,50,50.769,50.2,42,42.587,45.577,99.4,101.161,-1.761,99.8,101.618,-1.818,100.2,101.73,-1.53,100.6,102.233,-1.633,100,101.853,-1.853,100.4,102.205,-1.805,100.8,102.694,-1.894,101.2,102.714,-1.514,100,102.026,101,102.002,36.274,12102090,76.096,-0.132,-0.354,-0.232,0.273,0.316,-0.31
2026-07-05T02:40:00.000Z,50,50.68,50.896,42,42.654,46.143,99.4,101.282,-1.882,99.8,101.973,-2.173,100.2,102.384,-2.184,100.6,102.641,-2.041,100,101.856,-1.856,100.4,101.947,-1.547,100.8,102.217,-1.417,101.2,102.874,-1.674,100,102.147,101,101.871,36.021,12112320,75.018,-0.141,-0.341,-0.225,0.242,0.314,-0.31
2026-07-05T02:45:00.000Z,50,50.94,50.474,42,42.724,45.922,99.4,101.59,-2.19,99.8,101.965,-2.165,100.2,102.129,-1.929,100.6,101.951,-1.351,100,102.166,-2.166,100.4,102.248,-1.848,100.8,102.395,-1.595,101.2,103.243,-2.043,100,102.211,101,101.625,36.323,12122550,75.524,-0.195,-0.316,-0.218,0.279,0.312,-0.31
2026-07-05T02:50:00.000Z,50,50.616,50.807,42,42.753,45.262,99.4,101.533,-2.133,99.8,101.75,-1.95,100.2,102.254,-2.054,100.6,102.449,-1.849,100,102.044,-2.044,100.4,102.478,-2.078,100.8,102.907,-2.107,101.2,102.785,-1.585,100,102.275,101,101.533,36.053,12132780,75.507,-0.201,-0.264,-0.21,0.246,0.309,-0.31
2026-07-05T02:55:00.000Z,50,51.074,49.888,42,42.778,45.562,99.4,101.331,-1.931,99.8,101.48,-1.68,100.2,102.022,-1.822,100.6,101.985,-1.385,100,101.598,-1.598,100.4,102.183,-1.783,100.8,102.917,-2.117,101.2,102.783,-1.583,100,102.037,101,101.644,36.412,12143010,75.512,-0.268,-0.246,-0.202,0.289,0.306,-0.309
2026-07-05T03:00:00.000Z,50,51.186,50.364,42,42.517,45.556,99.4,100.952,-1.552,99.8,101.313,-1.513,100.2,101.707,-1.507,100.6,102.787,-2.187,100,101.723,-1.723,100.4,102.46,-2.06,100.8,102.903,-2.103,101.2,103.054,-1.854,100,102.112,101,101.94,36.154,12153240,74.977,-0.269,-0.121,-0.194,0.258,0.303,-0.308
2026-07-05T03:05:00.000Z,50,50.948,50.035,42,42.754,45.458,99.4,101.124,-1.724,99.8,101.421,-1.621,100.2,102.311,-2.111,100.6,102.512,-1.912,100,102.203,-2.203,100.4,102.398,-1.998,100.8,102.259,-1.459,101.2,103.331,-2.131,100,102.195,101,101.765,36.21,12163470,74.153,-0.239,-0.189,-0.185,0.265,0.299,-0.306
2026-07-05T03:10:00.000Z,50,51.265,50.049,42,42.844,45.732,99.4,101.486,-2.086,99.8,101.639,-1.839,100.2,101.64,-1.44,100.6,102.137,-1.537,100,101.525,-1.525,100.4,102.232,-1.832,100.8,102.259,-1.459,101.2,103.162,-1.962,100,102.01,101,101.672,36.065,12173700,73.761,-0.326,-0.18,-0.177,0.248,0.295,-0.304
2026-07-05T03:15:00.000Z,50,51.046,49.865,42,42.715,45.18,99.4,101.526,-2.126,99.8,101.842,-2.042,100.2,102.098,-1.898,100.6,102.352,-1.752,100,101.99,-1.99,100.4,102.079,-1.679,100.8,102.396,-1.596,101.2,102.61,-1.41,100,102.112,101,101.694,36.094,12183930,74.602,-0.323,-0.196,-0.167,0.251,0.291,-0.302
2026-07-05T03:20:00.000Z,50,51.071,49.659,42,42.813,45.024,99.4,101.343,-1.943,99.8,101.833,-2.033,100.2,102.053,-1.853,100.6,102.048,-1.448,100,101.355,-1.355,100.4,102.147,-1.747,100.8,102.42,-1.62,101.2,103.354,-2.154,100,102.069,101,102.187,36.191,12194160,73.32,-0.438,-0.038,-0.158,0.263,0.286,-0.299
2026-07-05T03:25:00.000Z,50,51.222,49.812,42,42.857,44.989,99.4,101.194,-1.794,99.8,101.735,-1.935,100.2,102.286,-2.086,100.6,101.995,-1.395,100,101.531,-1.531,100.4,102.355,-1.955,100.8,102.791,-1.991,101.2,102.756,-1.556,100,102.08,101,102.169,36.346,12204390,73.832,-0.389,-0.15,-0.148,0.281,0.281,-0.296
2026-07-05T03:30:00.000Z,50,50.873,48.883,42,42.906,44.426,99.4,101.198,-1.798,99.8,101.115,-1.315,100.2,102.048,-1.848,100.6,102.024,-1.424,100,101.501,-1.501,100.4,101.752,-1.352,100.8,102.621,-1.821,101.2,102.555,-1.355,100,101.852,101,101.931,36.05,12214620,73.339,-0.319,-0.117,-0.138,0.246,0.276,-0.293
2026-07-05T03:35:00.000Z,50,51.125,49.359,42,42.612,44.73,99.4,100.773,-1.373,99.8,101.201,-1.401,100.2,101.978,-1.778,100.6,102.691,-2.091,100,102.11,-2.11,100.4,101.946,-1.546,100.8,102.86,-2.06,101.2,102.485,-1.285,100,102.006,101,102.306,36.211,12224850,73.518,-0.422,-0.051,-0.128,0.265,0.271,-0.289
2026-07-05T03:40:00.000Z,50,50.803,48.711,42,42.845,44.206,99.4,101.293,-1.893,99.8,101.528,-1.728,100.2,101.623,-1.423,100.6,101.968,-1.368,100,102.08,-2.08,100.4,101.998,-1.598,100.8,102.236,-1.436,101.2,102.412,-1.212,100,101.892,101,102.244,36.068,12235080,73.71,-0.411,-0.031,-0.117,0.248,0.265,-0.285
2026-07-05T03:45:00.000Z,50,51.181,48.493,42,42.909,44.31,99.4,100.679,-1.279,99.8,101.011,-1.211,100.2,102.076,-1.876,100.6,102.435,-1.835,100,101.801,-1.801,100.4,101.708,-1.308,100.8,102.418,-1.618,101.2,102.929,-1.729,100,101.882,101,102.112,36.317,12245310,72.199,-0.408,0.09,-0.107,0.278,0.259,-0.281
2026-07-05T03:50:00.000Z,50,51.37,47.803,42,42.568,44.647,99.4,101.284,-1.884,99.8,101.635,-1.835,100.2,101.679,-1.479,100.6,102.39,-1.79,100,101.212,-1.212,100.4,101.789,-1.389,100.8,102.72,-1.92,101.2,102.94,-1.74,100,101.956,101,102.297,36.005,12255540,72.885,-0.375,0.108,-0.096,0.241,0.252,-0.276
2026-07-05T03:55:00.000Z,50,50.971,47.685,42,42.519,44.097,99.4,101.275,-1.875,99.8,101.217,-1.417,100.2,101.681,-1.481,100.6,102.263,-1.663,100,101.683,-1.683,100.4,102.204,-1.804,100.8,102.503,-1.703,101.2,102.931,-1.731,100,101.97,101,102.039,36.102,12265770,71.572,-0.398,0.043,-0.085,0.252,0.245,-0.271
2026-07-05T04:00:00.000Z,50,51.342,47.835,42,42.87,43.845,99.4,101.202,-1.802,99.8,101.16,-1.36,100.2,101.318,-1.118,100.6,102.437,-1.837,100,101.751,-1.751,100.4,101.621,-1.221,100.8,102.804,-2.004,101.2,102.647,-1.447,100,101.868,101,102.219,36.182,12276000,71.425,-0.409,0.092,-0.073,0.262,0.238,-0.266
2026-07-05T04:05:00.000Z,50,50.912,47.765,42,42.522,44.197,99.4,100.973,-1.573,99.8,101.308,-1.508,100.2,101.697,-1.497,100.6,102.062,-1.462,100,101.554,-1.554,100.4,102.096,-1.696,100.8,102.333,-1.533,101.2,102.474,-1.274,100,101.812,101,102.166,36.051,12286230,72.376,-0.488,0.071,-0.062,0.246,0.231,-0.26
2026-07-05T04:10:00.000Z,50,50.92,47.981,42,43,43.347,99.4,100.811,-1.411,99.8,101.47,-1.67,100.2,101.44,-1.24,100.6,102.156,-1.556,100,101.815,-1.815,100.4,101.618,-1.218,100.8,102.755,-1.955,101.2,102.374,-1.174,100,101.805,101,102.198,36.178,12296460,71.953,-0.481,0.11,-0.051,0.261,0.224,-0.255
2026-07-05T04:15:00.000Z,50,51.043,47.583,42,42.816,43.436,99.4,100.932,-1.532,99.8,100.829,-1.029,100.2,102.123,-1.923,100.6,102.004,-1.404,100,101.69,-1.69,100.4,102.086,-1.686,100.8,102.672,-1.872,101.2,102.483,-1.283,100,101.852,101,102.375,35.85,12306690,71.442,-0.519,0.244,-0.039,0.222,0.216,-0.248
2026-07-05T04:20:00.000Z,50,51.589,46.858,42,42.952,42.989,99.4,101.054,-1.654,99.8,101.23,-1.43,100.2,102.047,-1.847,100.6,101.905,-1.305,100,101.822,-1.822,100.4,101.984,-1.584,100.8,101.867,-1.067,101.2,102.379,-1.179,100,101.786,101,101.881,35.772,12316920,71.052,-0.379,0.133,-0.028,0.213,0.208,-0.242
2026-07-05T04:25:00.000Z,50,51.062,46.938,42,42.773,43.708,99.4,100.816,-1.416,99.8,101.11,-1.31,100.2,102.062,-1.862,100.6,102.277,-1.677,100,101.843,-1.843,100.4,101.773,-1.373,100.8,102.399,-1.599,101.2,102.973,-1.773,100,101.907,101,102.441,35.812,12327150,71.151,-0.437,0.21,-0.016,0.217,0.2,-0.235
2026-07-05T04:30:00.000Z,50,51.064,46.453,42,42.541,43.267,99.4,100.445,-1.045,99.8,100.931,-1.131,100.2,101.341,-1.141,100.6,101.693,-1.093,100,101.046,-1.046,100.4,102.162,-1.762,100.8,102.154,-1.354,101.2,102.397,-1.197,100,101.521,101,102.228,35.869,12337380,70.548,-0.456,0.297,-0.004,0.224,0.191,-0.228
2026-07-05T04:35:00.000Z,50,51.04,47.124,42,43.089,42.909,99.4,100.346,-0.946,99.8,101.612,-1.812,100.2,101.515,-1.315,100.6,101.929,-1.329,100,101.048,-1.048,100.4,101.728,-1.328,100.8,101.873,-1.073,101.2,103.004,-1.804,100,101.632,101,102.36,35.755,12347610,70.179,-0.351,0.247,0.007,0.211,0.183,-0.22
2026-07-05T04:40:00.000Z,50,51.54,46.129,42,42.707,42.807,99.4,100.819,-1.419,99.8,101.235,-1.435,100.2,101.124,-0.924,100.6,102.389,-1.789,100,101.658,-1.658,100.4,101.713,-1.313,100.8,102.415,-1.615,101.2,102.464,-1.264,100,101.727,101,102.027,35.612,12357840,69.7,-0.387,0.362,0.019,0.193,0.174,-0.213
2026-07-05T04:45:00.000Z,50,51.393,46.122,42,42.66,43.261,99.4,100.909,-1.509,99.8,101.435,-1.635,100.2,101.382,-1.182,100.6,102.089,-1.489,100,100.997,-0.997,100.4,101.299,-0.899,100.8,101.757,-0.957,101.2,102.893,-1.693,100,101.595,101,102.438,35.928,12368070,70.085,-0.37,0.246,0.031,0.231,0.165,-0.205
2026-07-05T04:50:00.000Z,50,51.248,46.082,42,43.075,42.282,99.4,100.762,-1.362,99.8,100.767,-0.967,100.2,101.397,-1.197,100.6,101.688,-1.088,100,101.331,-1.331,100.4,101.313,-0.913,100.8,102.458,-1.658,101.2,102.741,-1.541,100,101.557,101,102.504,35.824,12378300,69.174,-0.336,0.259,0.042,0.219,0.155,-0.197
2026-07-05T04:55:00.000Z,50,51.221,45.968,42,42.761,42.508,99.4,100.263,-0.863,99.8,101.28,-1.48,100.2,101.664,-1.464,100.6,101.784,-1.184,100,101.125,-1.125,100.4,101.534,-1.134,100.8,101.85,-1.05,101.2,102.754,-1.554,100,101.532,101,102.447,35.913,12388530,69.915,-0.315,0.39,0.054,0.23,0.146,-0.188
2026-07-05T05:00:00.000Z,50,51.662,46.424,42,43.017,42.471,99.4,100.95,-1.55,99.8,100.748,-0.948,100.2,101.264,-1.064,100.6,102.051,-1.451,100,101.077,-1.077,100.4,101.736,-1.336,100.8,102.294,-1.494,101.2,102.048,-0.848,100,101.521,101,102.172,35.68,12398760,69.15,-0.35,0.428,0.065,0.202,0.137,-0.18
2026-07-05T05:05:00.000Z,50,51.44,45.326,42,43.083,42.554,99.4,100.468,-1.068,99.8,101.162,-1.362,100.2,101.462,-1.262,100.6,101.524,-0.924,100,101.274,-1.274,100.4,101.986,-1.586,100.8,101.987,-1.187,101.2,102.678,-1.478,100,101.568,101,102.246,35.85,12408990,68.775,-0.363,0.4,0.076,0.222,0.127,-0.171
2026-07-05T05:10:00.000Z,50,51.451,45.902,42,42.818,42.511,99.4,100.697,-1.297,99.8,101.389,-1.589,100.2,101.626,-1.426,100.6,101.903,-1.303,100,100.844,-0.844,100.4,101.378,-0.978,100.8,102.149,-1.349,101.2,102.59,-1.39,100,101.572,101,102.347,35.616,12419220,69.082,-0.287,0.413,0.088,0.194,0.117,-0.162
2026-07-05T05:15:00.000Z,50,51.338,46.015,42,42.776,41.716,99.4,100.194,-0.794,99.8,100.876,-1.076,100.2,101.674,-1.474,100.6,101.988,-1.388,100,101.09,-1.09,100.4,101.181,-0.781,100.8,101.864,-1.064,101.2,102.547,-1.347,100,101.427,101,102.109,35.678,12429450,68.169,-0.348,0.361,0.099,0.201,0.107,-0.153
2026-07-05T05:20:00.000Z,50,51.325,45.677,42,42.834,41.706,99.4,100.855,-1.455,99.8,101,-1.2,100.2,101.585,-1.385,100.6,101.695,-1.095,100,100.945,-0.945,100.4,101.268,-0.868,100.8,102.319,-1.519,101.2,102.211,-1.011,100,101.485,101,102.305,35.422,12439680,68.107,-0.193,0.329,0.109,0.171,0.097,-0.143
2026-07-05T05:25:00.000Z,50,51.311,44.798,42,43.023,41.841,99.4,100.74,-1.34,99.8,101.266,-1.466,100.2,101.4,-1.2,100.6,101.305,-0.705,100,101.047,-1.047,100.4,101.457,-1.057,100.8,101.757,-0.957,101.2,102.012,-0.812,100,101.373,101,102.563,35.684,12449910,67.919,-0.208,0.347,0.12,0.202,0.087,-0.134
2026-07-05T05:30:00.000Z,50,51.239,45.184,42,43.133,41.976,99.4,100.317,-0.917,99.8,100.669,-0.869,100.2,101.145,-0.945,100.6,101.487,-0.887,100,100.829,-0.829,100.4,101.153,-0.753,100.8,102.274,-1.474,101.2,102.305,-1.105,100,101.272,101,102.302,35.84,12460140,67.764,-0.204,0.49,0.13,0.221,0.076,-0.124
2026-07-05T05:35:00.000Z,50,51.503,45.692,42,42.76,42.197,99.4,100.536,-1.136,99.8,100.777,-0.977,100.2,101.54,-1.34,100.6,101.682,-1.082,100,101.408,-1.408,100.4,101.869,-1.469,100.8,102.325,-1.525,101.2,102.197,-0.997,100,101.542,101,102.429,35.659,12470370,68.25,-0.178,0.482,0.141,0.199,0.066,-0.114
2026-07-05T05:40:00.000Z,50,51.529,45.376,42,42.885,41.459,99.4,100.49,-1.09,99.8,101.119,-1.319,100.2,101.208,-1.008,100.6,101.833,-1.233,100,100.681,-0.681,100.4,101.744,-1.344,100.8,101.62,-0.82,101.2,102.715,-1.515,100,101.426,101,102.358,35.777,12480600,67.872,-0.098,0.385,0.151,0.213,0.055,-0.104
2026-07-05T05:45:00.000Z,50,51.165,45.059,42,42.61,42.002,99.4,100.07,-0.67,99.8,100.676,-0.876,100.2,101.191,-0.991,100.6,101.905,-1.305,100,101.332,-1.332,100.4,101.271,-0.871,100.8,101.7,-0.9,101.2,102.329,-1.129,100,101.309,101,102.217,35.844,12490830,68.707,-0.086,0.497,0.16,0.221,0.045,-0.094
2026-07-05T05:50:00.000Z,50,51.248,44.724,42,43.164,41.621,99.4,100.551,-1.151,99.8,100.8,-1,100.2,100.876,-0.676,100.6,101.698,-1.098,100,100.859,-0.859,100.4,101.508,-1.108,100.8,101.742,-0.942,101.2,101.887,-0.687,100,101.24,101,102.022,35.589,12501060,67.484,-0.031,0.398,0.17,0.191,0.034,-0.084
2026-07-05T05:55:00.000Z,50,51.215,44.592,42,42.617,41.382,99.4,100.429,-1.029,99.8,100.92,-1.12,100.2,101.251,-1.051,100.6,101.789,-1.189,100,101.084,-1.084,100.4,101.706,-1.306,100.8,101.871,-1.071,101.2,102.27,-1.07,100,101.415,101,102.588,35.631,12511290,68.512,-0.009,0.351,0.179,0.196,0.024,-0.073
2026-07-05T06:00:00.000Z,50,51.717,44.703,42,43.181,41.665,99.4,100.454,-1.054,99.8,100.679,-0.879,100.2,101.053,-0.853,100.6,101.547,-0.947,100,101.188,-1.188,100.4,101.887,-1.487,100.8,102.141,-1.341,101.2,102.651,-1.451,100,101.45,101,102.527,35.515,12521520,67.492,0.038,0.404,0.188,0.182,0.013,-0.063
2026-07-05T06:05:00.000Z,50,51.469,44.606,42,43.095,41.691,99.4,100.531,-1.131,99.8,101.038,-1.238,100.2,101.719,-1.519,100.6,101.442,-0.842,100,100.989,-0.989,100.4,101.444,-1.044,100.8,102.217,-1.417,101.2,102.743,-1.543,100,101.515,101,102.267,35.764,12531750,68.086,0.011,0.335,0.196,0.212,0.002,-0.052
2026-07-05T06:10:00.000Z,50,51.168,45.04,42,42.608,41.443,99.4,100.884,-1.484,99.8,101.28,-1.48,100.2,101.741,-1.541,100.6,101.725,-1.125,100,101.076,-1.076,100.4,101.573,-1.173,100.8,102.317,-1.517,101.2,102.011,-0.811,100,101.576,101,102.461,35.552,12541980,67.716,0.079,0.442,0.204,0.186,-0.008,-0.042
2026-07-05T06:15:00.000Z,50,51.717,44.947,42,42.787,41.552,99.4,100.657,-1.257,99.8,100.658,-0.858,100.2,101.692,-1.492,100.6,101.655,-1.055,100,101.545,-1.545,100.4,101.891,-1.491,100.8,101.549,-0.749,101.2,102.584,-1.384,100,101.529,101,102.228,35.473,12552210,68.694,-0.009,0.407,0.212,0.177,-0.019,-0.031
2026-07-05T06:20:00.000Z,50,51.101,45.541,42,42.719,41.916,99.4,100.161,-0.761,99.8,100.959,-1.159,100.2,101.143,-0.943,100.6,101.506,-0.906,100,101.46,-1.46,100.4,101.138,-0.738,100.8,101.889,-1.089,101.2,102.499,-1.299,100,101.344,101,102.545,35.402,12562440,68.148,0.011,0.45,0.22,0.168,-0.03,-0.021
2026-07-05T06:25:00.000Z,50,51.489,45.645,42,42.633,41.782,99.4,100.336,-0.936,99.8,100.663,-0.863,100.2,101.166,-0.966,100.6,101.81,-1.21,100,101.008,-1.008,100.4,101.157,-0.757,100.8,102.049,-1.249,101.2,101.887,-0.687,100,101.26,101,102.061,35.694,12572670,68.302,0.17,0.354,0.227,0.203,-0.04,-0.01
2026-07-05T06:30:00.000Z,50,51.344,45.167,42,42.955,42.084,99.4,100.755,-1.355,99.8,100.701,-0.901,100.2,101.062,-0.862,100.6,101.505,-0.905,100,101.281,-1.281,100.4,101.231,-0.831,100.8,101.831,-1.031,101.2,102.483,-1.283,100,101.356,101,102.232,35.485,12582900,68.173,0.158,0.354,0.233,0.178,-0.051,0.001
2026-07-05T06:35:00.000Z,50,51.518,45.709,42,42.872,42.375,99.4,100.215,-0.815,99.8,100.565,-0.765,100.2,101.037,-0.837,100.6,101.661,-1.061,100,100.848,-0.848,100.4,101.401,-1.001,100.8,102.328,-1.528,101.2,102.253,-1.053,100,101.289,101,102.034,35.533,12593130,68.698,0.113,0.331,0.239,0.184,-0.061,0.011
2026-07-05T06:40:00.000Z,50,51.39,44.865,42,43.008,41.786,99.4,100.201,-0.801,99.8,100.935,-1.135,100.2,101.5,-1.3,100.6,102.206,-1.606,100,100.812,-0.812,100.4,101.475,-1.075,100.8,101.655,-0.855,101.2,102.435,-1.235,100,101.402,101,102.32,35.879,12603360,68.197,0.198,0.412,0.245,0.225,-0.072,0.022
2026-07-05T06:45:00.000Z,50,51.677,45.09,42,43.014,42.652,99.4,100.743,-1.343,99.8,101.252,-1.452,100.2,101.301,-1.101,100.6,101.61,-1.01,100,101.499,-1.499,100.4,101.654,-1.254,100.8,101.829,-1.029,101.2,102.57,-1.37,100,101.557,101,101.985,35.551,12613590,68.461,0.246,0.287,0.251,0.186,-0.082,0.033
2026-07-05T06:50:00.000Z,50,51.339,45.134,42,42.909,42.192,99.4,100.734,-1.334,99.8,100.99,-1.19,100.2,101.562,-1.362,100.6,102.156,-1.556,100,101.006,-1.006,100.4,101.908,-1.508,100.8,102.38,-1.58,101.2,102.514,-1.314,100,101.656,101,102.297,35.844,12623820,68.658,0.257,0.29,0.256,0.221,-0.092,0.043
2026-07-05T06:55:00.000Z,50,51.457,45.945,42,42.88,41.938,99.4,100.764,-1.364,99.8,100.665,-0.865,100.2,101.055,-0.855,100.6,101.563,-0.963,100,101.029,-1.029,100.4,101.988,-1.588,100.8,102.362,-1.562,101.2,102.746,-1.546,100,101.522,101,102.513,35.956,12634050,69.156,0.301,0.242,0.26,0.235,-0.102,0.054
2026-07-05T07:00:00.000Z,50,51.086,45.493,42,43.131,42.615,99.4,100.938,-1.538,99.8,101.024,-1.224,100.2,101.249,-1.049,100.6,102.044,-1.444,100,101.071,-1.071,100.4,101.877,-1.477,100.8,102.103,-1.303,101.2,102.088,-0.888,100,101.549,101,102.24,35.606,12644280,68.974,0.24,0.279,0.264,0.193,-0.113,0.064
2026-07-05T07:05:00.000Z,50,51.524,45.896,42,43.003,42.161,99.4,100.51,-1.11,99.8,100.619,-0.819,100.2,101.192,-0.992,100.6,102.027,-1.427,100,100.871,-0.871,100.4,101.585,-1.185,100.8,101.693,-0.893,101.2,102.501,-1.301,100,101.375,101,102.179,35.996,12654510,69.176,0.265,0.228,0.268,0.24,-0.122,0.075
2026-07-05T07:10:00.000Z,50,51.612,46.336,42,42.797,42.924,99.4,100.933,-1.533,99.8,100.81,-1.01,100.2,101.465,-1.265,100.6,102.004,-1.404,100,101.364,-1.364,100.4,101.41,-1.01,100.8,101.7,-0.9,101.2,102.358,-1.158,100,101.506,101,102.376,35.932,12664740,69.413,0.367,0.297,0.271,0.232,-0.132,0.085
2026-07-05T07:15:00.000Z,50,51.651,46.777,42,42.678,43.198,99.4,100.548,-1.148,99.8,101.56,-1.76,100.2,101.708,-1.508,100.6,102.149,-1.549,100,101.612,-1.612,100.4,102.012,-1.612,100.8,102.041,-1.241,101.2,102.182,-0.982,100,101.726,101,101.999,35.814,12674970,69.162,0.376,0.276,0.274,0.218,-0.142,0.095
2026-07-05T07:20:00.000Z,50,51.586,46.986,42,43.117,42.697,99.4,100.529,-1.129,99.8,101.473,-1.673,100.2,101.314,-1.114,100.6,101.919,-1.319,100,101.179,-1.179,100.4,101.452,-1.052,100.8,102.065,-1.265,101.2,102.161,-0.961,100,101.512,101,102.392,35.967,12685200,70.524,0.343,0.198,0.276,0.236,-0.151,0.105
2026-07-05T07:25:00.000Z,50,51.57,46.618,42,42.737,43.376,99.4,100.845,-1.445,99.8,100.802,-1.002,100.2,101.697,-1.497,100.6,101.975,-1.375,100,100.988,-0.988,100.4,102.004,-1.604,100.8,102.122,-1.322,101.2,102.424,-1.224,100,101.607,101,101.948,35.874,12695430,70.182,0.464,0.18,0.278,0.225,-0.161,0.115
2026-07-05T07:30:00.000Z,50,51.256,46.569,42,42.819,43.523,99.4,100.4,-1,99.8,100.928,-1.128,100.2,101.698,-1.498,100.6,101.956,-1.356,100,101.525,-1.525,100.4,101.495,-1.095,100.8,101.747,-0.947,101.2,102.82,-1.62,100,101.571,101,102.329,36.031,12705660,70.206,0.388,0.089,0.279,0.244,-0.17,0.125
2026-07-05T07:35:00.000Z,50,51.042,47.42,42,42.841,42.837,99.4,101.136,-1.736,99.8,101.656,-1.856,100.2,102.053,-1.853,100.6,101.858,-1.258,100,101.597,-1.597,100.4,101.714,-1.314,100.8,102.559,-1.759,101.2,102.767,-1.567,100,101.917,101,102.003,35.816,12715890,71.236,0.377,0.096,0.28,0.218,-0.179,0.135
2026-07-05T07:40:00.000Z,50,50.929,47.305,42,43.027,43.304,99.4,100.947,-1.547,99.8,100.818,-1.018,100.2,101.722,-1.522,100.6,102.303,-1.703,100,101.086,-1.086,100.4,101.524,-1.124,100.8,101.99,-1.19,101.2,102.79,-1.59,100,101.648,101,102.356,36.173,12726120,71.281,0.373,0.105,0.28,0.261,-0.187,0.145
2026-07-05T07:45:00.000Z,50,51.521,47.805,42,42.958,43.86,99.4,101.273,-1.873,99.8,101.293,-1.493,100.2,101.868,-1.668,100.6,101.804,-1.204,100,101.41,-1.41,100.4,102.16,-1.76,100.8,102.156,-1.356,101.2,103.084,-1.884,100,101.881,101,102.006,36.022,12736350,71.658,0.434,-0.018,0.28,0.243,-0.196,0.154
2026-07-05T07:50:00.000Z,50,51.311,48.131,42,42.513,43.885,99.4,100.647,-1.247,99.8,101.307,-1.507,100.2,101.389,-1.189,100.6,102.004,-1.404,100,101.402,-1.402,100.4,102.096,-1.696,100.8,102.275,-1.475,101.2,102.548,-1.348,100,101.709,101,102.149,35.985,12746580,71.251,0.434,0.028,0.279,0.238,-0.204,0.163
2026-07-05T07:55:00.000Z,50,51.257,47.223,42,42.801,44.154,99.4,100.833,-1.433,99.8,101.64,-1.84,100.2,102.038,-1.838,100.6,101.779,-1.179,100,101.491,-1.491,100.4,102.312,-1.912,100.8,102.251,-1.451,101.2,102.417,-1.217,100,101.845,101,102.185,36.088,12756810,71.589,0.515,0.039,0.278,0.251,-0.212,0.172
2026-07-05T08:00:00.000Z,50,51.545,47.433,42,42.564,43.914,99.4,101.084,-1.684,99.8,101.537,-1.737,100.2,101.602,-1.402,100.6,102.189,-1.589,100,101.328,-1.328,100.4,102.109,-1.709,100.8,102.424,-1.624,101.2,102.889,-1.689,100,101.895,101,101.989,35.917,12767040,71.445,0.496,0.032,0.276,0.23,-0.22,0.181
2026-07-05T08:05:00.000Z,50,50.877,48.281,42,43.037,44.442,99.4,100.96,-1.56,99.8,101.223,-1.423,100.2,101.654,-1.454,100.6,102.173,-1.573,100,101.168,-1.168,100.4,101.791,-1.391,100.8,102.475,-1.675,101.2,102.941,-1.741,100,101.798,101,102.201,35.902,12777270,72.887,0.383,-0.075,0.274,0.228,-0.228,0.189
2026-07-05T08:10:00.000Z,50,51.34,48.298,42,42.929,44.287,99.4,100.682,-1.282,99.8,101.053,-1.253,100.2,101.466,-1.266,100.6,101.882,-1.282,100,101.916,-1.916,100.4,101.866,-1.466,100.8,102.631,-1.831,101.2,102.901,-1.701,100,101.8,101,101.974,36.29,12787500,72.037,0.454,-0.049,0.271,0.275,-0.235,0.198
2026-07-05T08:15:00.000Z,50,51.046,48.197,42,43.026,44.675,99.4,101.178,-1.778,99.8,101.41,-1.61,100.2,101.61,-1.41,100.6,101.842,-1.242,100,102.023,-2.023,100.4,102.365,-1.965,100.8,102.133,-1.333,101.2,102.578,-1.378,100,101.892,101,102.127,36.35,12797730,72.911,0.476,-0.076,0.268,0.282,-0.242,0.206
2026-07-05T08:20:00.000Z,50,50.804,49.002,42,42.949,44.355,99.4,101.319,-1.919,99.8,101.138,-1.338,100.2,101.886,-1.686,100.6,102.495,-1.895,100,101.406,-1.406,100.4,101.792,-1.392,100.8,102.222,-1.422,101.2,103.047,-1.847,100,101.913,101,102.318,36.292,12807960,72.923,0.406,-0.118,0.265,0.275,-0.249,0.214
2026-07-05T08:25:00.000Z,50,50.946,49.162,42,42.502,44.813,99.4,100.696,-1.296,99.8,101.129,-1.329,100.2,101.898,-1.698,100.6,101.904,-1.304,100,101.796,-1.796,100.4,102.259,-1.859,100.8,102.283,-1.483,101.2,103.16,-1.96,100,101.891,101,102.248,36.129,12818190,73.281,0.415,-0.096,0.261,0.255,-0.256,0.221
2026-07-05T08:30:00.000Z,50,51.273,49.201,42,42.684,44.919,99.4,101.532,-2.132,99.8,101.432,-1.632,100.2,101.965,-1.765,100.6,102.006,-1.406,100,101.946,-1.946,100.4,101.851,-1.451,100.8,102.134,-1.334,101.2,102.765,-1.565,100,101.954,101,101.865,36.274,12828420,73.242,0.474,-0.231,0.256,0.273,-0.262,0.229
2026-07-05T08:35:00.000Z,50,51.29,49.781,42,42.496,44.893,99.4,101.514,-2.114,99.8,101.74,-1.94,100.2,101.61,-1.41,100.6,101.906,-1.306,100,102.011,-2.011,100.4,102.429,-2.029,100.8,102.822,-2.022,101.2,102.964,-1.764,100,102.124,101,101.671,36.472,12838650,74.326,0.473,-0.231,0.251,0.297,-0.268,0.236
2026-07-05T08:40:00.000Z,50,51.296,49.392,42,42.453,45.517,99.4,101.474,-2.074,99.8,101.636,-1.836,100.2,101.71,-1.51,100.6,102.145,-1.545,100,101.568,-1.568,100.4,102.573,-2.173,100.8,102.129,-1.329,101.2,102.772,-1.572,100,102.001,101,101.809,36.319,12848880,74.348,0.371,-0.275,0.246,0.278,-0.274,0.243
2026-07-05T08:45:00.000Z,50,50.727,49.765,42,42.962,45.245,99.4,101.107,-1.707,99.8,101.461,-1.661,100.2,101.639,-1.439,100.6,101.903,-1.303,100,101.312,-1.312,100.4,101.724,-1.324,100.8,102.694,-1.894,101.2,102.772,-1.572,100,101.827,101,101.711,36.157,12859110,73.911,0.356,-0.186,0.24,0.259,-0.279,0.249
2026-07-05T08:50:00.000Z,50,50.759,50.333,42,42.912,45.073,99.4,101.447,-2.047,99.8,101.958,-2.158,100.2,102.024,-1.824,100.6,102.422,-1.822,100,102.17,-2.17,100.4,101.929,-1.529,100.8,102.59,-1.79,101.2,102.847,-1.647,100,102.173,101,101.806,36.441,12869340,73.891,0.371,-0.298,0.234,0.293,-0.284,0.255
2026-07-05T08:55:00.000Z,50,51.265,50.433,42,42.643,45.124,99.4,101.155,-1.755,99.8,101.869,-2.069,100.2,101.977,-1.777,100.6,102.441,-1.841,100,101.817,-1.817,100.4,101.927,-1.527,100.8,102.286,-1.486,101.2,103.224,-2.024,100,102.087,101,101.711,36.448,12879570,75.252,0.271,-0.274,0.228,0.294,-0.289,0.261
2026-07-05T09:00:00.000Z,50,50.853,49.949,42,42.528,45.722,99.4,101.041,-1.641,99.8,101.365,-1.565,100.2,102.014,-1.814,100.6,102.525,-1.925,100,101.578,-1.578,100.4,101.946,-1.546,100.8,102.763,-1.963,101.2,102.636,-1.436,100,101.984,101,101.936,36.473,12889800,74.369,0.286,-0.376,0.221,0.297,-0.293,0.267
2026-07-05T09:05:00.000Z,50,50.945,50.697,42,42.518,45.972,99.4,101.463,-2.063,99.8,101.268,-1.468,100.2,101.715,-1.515,100.6,102.479,-1.879,100,101.683,-1.683,100.4,101.789,-1.389,100.8,102.253,-1.453,101.2,103.269,-2.069,100,101.99,101,102.038,36.289,12900030,74.487,0.277,-0.339,0.213,0.275,-0.297,0.272
2026-07-05T09:10:00.000Z,50,51.267,50.303,42,42.573,45.807,99.4,101.465,-2.065,99.8,101.797,-1.997,100.2,101.686,-1.486,100.6,102.269,-1.669,100,101.555,-1.555,100.4,101.865,-1.465,100.8,102.722,-1.922,101.2,102.803,-1.603,100,102.02,101,101.822,36.413,12910260,75.044,0.237,-0.381,0.205,0.29,-0.301,0.277
2026-07-05T09:15:00.000Z,50,50.633,50.93,42,42.449,45.803,99.4,101.148,-1.748,99.8,101.892,-2.092,100.2,101.745,-1.545,100.6,102.48,-1.88,100,101.562,-1.562,100.4,101.91,-1.51,100.8,103.001,-2.201,101.2,102.564,-1.364,100,102.038,101,101.702,36.217,12920490,74.698,0.19,-0.321,0.197,0.266,-0.305,0.282
2026-07-05T09:20:00.000Z,50,50.693,50.833,42,42.432,46.059,99.4,101.136,-1.736,99.8,101.285,-1.485,100.2,101.946,-1.746,100.6,102.668,-2.068,100,101.327,-1.327,100.4,102.326,-1.926,100.8,102.658,-1.858,101.2,103.339,-2.139,100,102.086,101,101.526,36.431,12930720,75.647,0.274,-0.333,0.189,0.292,-0.308,0.286
2026-07-05T09:25:00.000Z,50,50.845,51.239,42,42.754,46.363,99.4,101.527,-2.127,99.8,101.135,-1.335,100.2,102.06,-1.86,100.6,102.782,-2.182,100,101.352,-1.352,100.4,101.717,-1.317,100.8,102.636,-1.836,101.2,103.222,-2.022,100,102.054,101,101.929,36.081,12940950,76.24,0.226,-0.428,0.18,0.25,-0.31,0.29
2026-07-05T09:30:00.000Z,50,50.814,50.723,42,42.402,45.55,99.4,100.707,-1.307,99.8,101.292,-1.492,100.2,101.901,-1.701,100.6,102.713,-2.113,100,102.072,-2.072,100.4,102.159,-1.759,100.8,102.992,-2.192,101.2,102.604,-1.404,100,102.055,101,101.974,36.407,12951180,76.164,0.242,-0.422,0.171,0.289,-0.313,0.294
2026-07-05T09:35:00.000Z,50,50.928,51.367,42,42.76,46.23,99.4,101.465,-2.065,99.8,101.803,-2.003,100.2,101.751,-1.551,100.6,102.655,-2.055,100,101.428,-1.428,100.4,102.576,-2.176,100.8,102.165,-1.365,101.2,103.201,-2.001,100,102.131,101,101.529,36.166,12961410,75.461,0.099,-0.397,0.162,0.26,-0.315,0.297
2026-07-05T09:40:00.000Z,50,50.492,50.44,42,42.255,46.296,99.4,101.29,-1.89,99.8,101.406,-1.606,100.2,101.558,-1.358,100.6,102.693,-2.093,100,101.688,-1.688,100.4,102.321,-1.921,100.8,102.838,-2.038,101.2,102.767,-1.567,100,102.07,101,101.499,36.123,12971640,76.195,0.174,-0.358,0.152,0.255,-0.317,0.3
2026-07-05T09:45:00.000Z,50,50.963,50.509,42,42.4,45.717,99.4,101.464,-2.064,99.8,101.631,-1.831,100.2,101.709,-1.509,100.6,102.71,-2.11,100,101.546,-1.546,100.4,102.439,-2.039,100.8,102.15,-1.35,101.2,102.728,-1.528,100,102.047,101,101.865,35.993,12981870,75.29,0.036,-0.374,0.142,0.239,-0.318,0.302
2026-07-05T09:50:00.000Z,50,50.731,50.893,42,42.236,45.691,99.4,101.386,-1.986,99.8,101.368,-1.568,100.2,101.824,-1.624,100.6,102.362,-1.762,100,101.246,-1.246,100.4,102.476,-2.076,100.8,102.151,-1.351,101.2,102.934,-1.734,100,101.968,101,101.904,35.898,12992100,75.532,0.128,-0.415,0.132,0.228,-0.319,0.304
2026-07-05T09:55:00.000Z,50,51.026,50.531,42,42.417,46.477,99.4,100.661,-1.261,99.8,101.47,-1.67,100.2,101.926,-1.726,100.6,102.53,-1.93,100,101.377,-1.377,100.4,102.152,-1.752,100.8,102.249,-1.449,101.2,102.496,-1.296,100,101.858,101,101.598,35.816,13002330,75.658,0.117,-0.462,0.121,0.218,-0.32,0.306
2026-07-05T10:00:00.000Z,50,50.892,51.076,42,42.467,46.577,99.4,100.828,-1.428,99.8,101.612,-1.812,100.2,101.808,-1.608,100.6,102.125,-1.525,100,101.553,-1.553,100.4,102.223,-1.823,100.8,102.727,-1.927,101.2,102.351,-1.151,100,101.903,101,101.47,36.03,13012560,76.317,-0.031,-0.398,0.111,0.244,-0.32,0.308
2026-07-05T10:05:00.000Z,50,50.81,50.884,42,42.65,46.478,99.4,101.123,-1.723,99.8,101.359,-1.559,100.2,101.494,-1.294,100.6,102.457,-1.857,100,101.77,-1.77,100.4,101.816,-1.416,100.8,101.928,-1.128,101.2,103.126,-1.926,100,101.884,101,101.566,35.913,13022790,76.273,0.012,-0.489,0.1,0.23,-0.32,0.309
2026-07-05T10:10:00.000Z,50,50.472,51.18,42,42.483,46.38,99.4,100.987,-1.587,99.8,101.644,-1.844,100.2,101.519,-1.319,100.6,101.894,-1.294,100,101.935,-1.935,100.4,102.272,-1.872,100.8,102.252,-1.452,101.2,102.412,-1.212,100,101.864,101,101.566,35.713,13033020,76.077,-0.04,-0.384,0.089,0.206,-0.32,0.31
2026-07-05T10:15:00.000Z,50,50.486,50.387,42,42.632,45.894,99.4,101.029,-1.629,99.8,101.342,-1.542,100.2,101.304,-1.104,100.6,102.282,-1.682,100,101.876,-1.876,100.4,101.648,-1.248,100.8,102.128,-1.328,101.2,102.623,-1.423,100,101.779,101,101.344,35.674,13043250,76.361,-0.159,-0.477,0.078,0.201,-0.319,0.31
2026-07-05T10:20:00.000Z,50,50.82,51.243,42,42.357,46.072,99.4,100.545,-1.145,99.8,100.978,-1.178,100.2,101.864,-1.664,100.6,102.178,-1.578,100,101.106,-1.106,100.4,101.655,-1.255,100.8,102.062,-1.262,101.2,102.936,-1.736,100,101.666,101,101.337,35.686,13053480,75.746,-0.111,-0.333,0.067,0.202,-0.318,0.31
2026-07-05T10:25:00.000Z,50,50.398,51.052,42,42.419,45.813,99.4,100.65,-1.25,99.8,101.423,-1.623,100.2,101.348,-1.148,100.6,102.136,-1.536,100,101.315,-1.315,100.4,101.446,-1.046,100.8,101.766,-0.966,101.2,102.524,-1.324,100,101.576,101,101.506,35.662,13063710,75.999,-0.165,-0.453,0.055,0.199,-0.316,0.31
2026-07-05T10:30:00.000Z,50,50.411,50.789,42,42.247,46.157,99.4,100.547,-1.147,99.8,101.053,-1.253,100.2,101.954,-1.754,100.6,102.125,-1.525,100,101.309,-1.309,100.4,101.47,-1.07,100.8,102.063,-1.263,101.2,102.645,-1.445,100,101.646,101,101.441,35.478,13073940,75.162,-0.128,-0.359,0.044,0.177,-0.314,0.309
2026-07-05T10:35:00.000Z,50,50.622,50.139,42,42.531,45.899,99.4,100.634,-1.234,99.8,101.315,-1.515,100.2,101.617,-1.417,100.6,101.905,-1.305,100,101.605,-1.605,100.4,101.376,-0.976,100.8,101.761,-0.961,101.2,102.435,-1.235,100,101.581,101,101.541,35.702,13084170,75.084,-0.253,-0.32,0.032,0.204,-0.312,0.308
2026-07-05T10:40:00.000Z,50,50.455,51.088,42,42.103,45.736,99.4,100.872,-1.472,99.8,101.168,-1.368,100.2,101.798,-1.598,100.6,101.785,-1.185,100,101.448,-1.448,100.4,101.805,-1.405,100.8,102.143,-1.343,101.2,102.698,-1.498,100,101.715,101,101.2,35.458,13094400,75.465,-0.169,-0.329,0.021,0.175,-0.31,0.306
2026-07-05T10:45:00.000Z,50,50.3,50.12,42,42.373,45.738,99.4,100.189,-0.789,99.8,100.673,-0.873,100.2,101.203,-1.003,100.6,101.757,-1.157,100,100.975,-0.975,100.4,101.115,-0.715,100.8,101.677,-0.877,101.2,102.161,-0.961,100,101.219,101,101.134,35.59,13104630,75.907,-0.25,-0.396,0.009,0.191,-0.307,0.304
2026-07-05T10:50:00.000Z,50,50.553,50.916,42,42.356,46.199,99.4,100.811,-1.411,99.8,101.241,-1.441,100.2,101.406,-1.206,100.6,101.512,-0.912,100,101.454,-1.454,100.4,101.293,-0.893,100.8,101.479,-0.679,101.2,102.13,-0.93,100,101.416,101,101.331,35.17,13114860,75.667,-0.264,-0.419,-0.003,0.14,-0.304,0.302
2026-07-05T10:55:00.000Z,50,50.433,50.704,42,41.965,46.029,99.4,100.701,-1.301,99.8,100.49,-0.69,100.2,100.997,-0.797,100.6,101.882,-1.282,100,100.799,-0.799,100.4,101.065,-0.665,100.8,101.61,-0.81,101.2,102.559,-1.359,100,101.263,101,101.487,35.055,13125090,75.296,-0.257,-0.37,-0.014,0.127,-0.3,0.3
2026-07-05T11:00:00.000Z,50,50.6,50.51,42,42.389,45.982,99.4,100.173,-0.773,99.8,100.797,-0.997,100.2,100.79,-0.59,100.6,101.316,-0.716,100,101.397,-1.397,100.4,101.452,-1.052,100.8,101.334,-0.534,101.2,101.866,-0.666,100,101.141,101,100.92,35.054,13135320,74.907,-0.359,-0.287,-0.026,0.126,-0.296,0.297
2026-07-05T11:05:00.000Z,50,50.008,50.325,42,42.379,45.018,99.4,100.587,-1.187,99.8,100.982,-1.182,100.2,100.99,-0.79,100.6,101.327,-0.727,100,100.549,-0.549,100.4,101.408,-1.008,100.8,101.806,-1.006,101.2,101.663,-0.463,100,101.164,101,101.419,35.172,13145550,74.749,-0.41,-0.302,-0.038,0.141,-0.292,0.293
2026-07-05T11:10:00.000Z,50,50.032,49.687,42,42.235,45.604,99.4,100.118,-0.718,99.8,100.658,-0.858,100.2,100.86,-0.66,100.6,101.162,-0.562,100,100.489,-0.489,100.4,101.569,-1.169,100.8,101.661,-0.861,101.2,101.587,-0.387,100,101.013,101,101.128,34.99,13155780,74.341,-0.313,-0.249,-0.049,0.119,-0.287,0.29
2026-07-05T11:15:00.000Z,50,50.228,49.978,42,42.265,45.082,99.4,100.215,-0.815,99.8,100.285,-0.485,100.2,101.174,-0.974,100.6,101.227,-0.627,100,101.176,-1.176,100.4,101.574,-1.174,100.8,101.161,-0.361,101.2,101.773,-0.573,100,101.073,101,100.838,35.048,13166010,74.115,-0.386,-0.217,-0.061,0.126,-0.283,0.286
2026-07-05T11:20:00.000Z,50,50.575,49.958,42,42.024,45.389,99.4,99.965,-0.565,99.8,100.285,-0.485,100.2,100.727,-0.527,100.6,101.443,-0.843,100,100.816,-0.816,100.4,101.137,-0.737,100.8,101.203,-0.403,101.2,102.111,-0.911,100,100.961,101,100.926,34.741,13176240,73.465,-0.41,-0.313,-0.072,0.089,-0.277,0.282
2026-07-05T11:25:00.000Z,50,50.026,49.044,42,41.915,44.582,99.4,100.298,-0.898,99.8,100.148,-0.348,100.2,100.641,-0.441,100.6,101.512,-0.912,100,100.518,-0.518,100.4,101.012,-0.612,100.8,101.677,-0.877,101.2,102.227,-1.027,100,101.004,101,101.005,34.784,13186470,73.273,-0.438,-0.296,-0.083,0.094,-0.272,0.277
2026-07-05T11:30:00.000Z,50,50.117,49.544,42,41.981,45.178,99.4,99.715,-0.315,99.8,99.879,-0.079,100.2,100.404,-0.204,100.6,101.013,-0.413,100,100.801,-0.801,100.4,100.516,-0.116,100.8,101.641,-0.841,101.2,101.266,-0.066,100,100.654,101,100.7,34.392,13196700,73.051,-0.413,-0.193,-0.094,0.047,-0.266,0.272
2026-07-05T11:35:00.000Z,50,49.858,48.932,42,41.919,44.834,99.4,100.101,-0.701,99.8,100.513,-0.713,100.2,100.28,-0.08,100.6,100.898,-0.298,100,100.629,-0.629,100.4,100.598,-0.198,100.8,100.992,-0.192,101.2,102.067,-0.867,100,100.76,101,101.168,34.693,13206930,73.85,-0.349,-0.238,-0.105,0.083,-0.26,0.267
2026-07-05T11:40:00.000Z,50,50.286,48.966,42,42.137,45.066,99.4,100.073,-0.673,99.8,100.13,-0.33,100.2,100.802,-0.602,100.6,100.993,-0.393,100,100.012,-0.012,100.4,101.096,-0.696,100.8,101.136,-0.336,101.2,101.288,-0.088,100,100.691,101,101.133,34.193,13217160,72.851,-0.454,-0.132,-0.116,0.023,-0.254,0.261
2026-07-05T11:45:00.000Z,50,49.78,49.11,42,41.986,44.51,99.4,99.489,-0.089,99.8,100.035,-0.235,100.2,100.083,0.117,100.6,100.969,-0.369,100,100.418,-0.418,100.4,100.86,-0.46,100.8,100.916,-0.116,101.2,101.849,-0.649,100,100.577,101,101.05,34.488,13227390,72.629,-0.431,-0.198,-0.126,0.059,-0.247,0.255
2026-07-05T11:50:00.000Z,50,50.105,48.004,42,41.866,44.422,99.4,99.775,-0.375,99.8,99.635,0.165,100.2,100.134,0.066,100.6,100.928,-0.328,100,100.536,-0.536,100.4,100.982,-0.582,100.8,100.587,0.213,101.2,101.242,-0.042,100,100.477,101,101.051,34.288,13237620,72.076,-0.367,-0.112,-0.137,0.035,-0.24,0.249
2026-07-05T11:55:00.000Z,50,49.946,48.096,42,41.854,43.989,99.4,99.842,-0.442,99.8,99.822,-0.022,100.2,100.041,0.159,100.6,100.764,-0.164,100,100.457,-0.457,100.4,100.861,-0.461,100.8,100.782,0.018,101.2,101.504,-0.304,100,100.509,101,100.618,33.875,13247850,72.27,-0.472,-0.122,-0.147,-0.015,-0.233,0.242
2026-07-05T12:00:00.000Z,50,49.671,48.449,42,41.894,43.644,99.4,99.842,-0.442,99.8,99.895,-0.095,100.2,100.213,-0.013,100.6,100.872,-0.272,100,99.726,0.274,100.4,100.682,-0.282,100.8,101.112,-0.312,101.2,100.893,0.307,100,100.404,101,100.928,34,13258080,72.416,-0.459,0.024,-0.156,0,-0.226,0.236
2026-07-05T12:05:00.000Z,50,49.653,47.746,42,41.827,43.582,99.4,99.165,0.235,99.8,99.614,0.186,100.2,100.144,0.056,100.6,100.697,-0.097,100,99.507,0.493,100.4,100.162,0.238,100.8,100.834,-0.034,101.2,101.152,0.048,100,100.159,101,100.73,33.744,13268310,71.314,-0.402,0.044,-0.166,-0.031,-0.218,0.229
2026-07-05T12:10:00.000Z,50,50.177,47.715,42,41.682,43.679,99.4,99.303,0.097,99.8,99.836,-0.036,100.2,100.15,0.05,100.6,100.472,0.128,100,100.095,-0.095,100.4,100.215,0.185,100.8,100.946,-0.146,101.2,101.362,-0.162,100,100.297,101,100.519,33.666,13278540,71.402,-0.444,0.075,-0.175,-0.04,-0.21,0.221
2026-07-05T12:15:00.000Z,50,49.697,47.319,42,41.866,43.697,99.4,99.027,0.373,99.8,99.98,-0.18,100.2,100.383,-0.183,100.6,100.464,0.136,100,99.919,0.081,100.4,99.958,0.442,100.8,100.29,0.51,101.2,101.224,-0.024,100,100.156,101,100.758,33.685,13288770,71.07,-0.455,0.11,-0.184,-0.038,-0.202,0.214
2026-07-05T12:20:00.000Z,50,49.78,47.024,42,42.019,43.274,99.4,99.361,0.039,99.8,99.583,0.217,100.2,99.961,0.239,100.6,100.485,0.115,100,99.933,0.067,100.4,99.726,0.674,100.8,100.761,0.039,101.2,100.518,0.682,100,100.041,101,100.767,33.715,13299000,71.239,-0.369,0.074,-0.193,-0.034,-0.193,0.206
2026-07-05T12:25:00.000Z,50,50.055,47.579,42,41.705,43.062,99.4,98.949,0.451,99.8,99.811,-0.011,100.2,99.848,0.352,100.6,99.886,0.714,100,100.007,-0.007,100.4,100.076,0.324,100.8,100.356,0.444,101.2,100.772,0.428,100,99.963,101,100.702,33.492,13309230,70.743,-0.345,0.025,-0.201,-0.061,-0.185,0.198
2026-07-05T12:30:00.000Z,50,50.102,46.343,42,41.862,42.829,99.4,98.84,0.56,99.8,98.945,0.855,100.2,99.658,0.542,100.6,100.473,0.127,100,99.146,0.854,100.4,99.811,0.589,100.8,100.597,0.203,101.2,100.934,0.266,100,99.801,101,100.825,33.313,13319460,70.295,-0.451,0.05,-0.209,-0.082,-0.176,0.189
2026-07-05T12:35:00.000Z,50,49.808,46.519,42,41.952,42.845,99.4,98.736,0.664,99.8,99.18,0.62,100.2,99.428,0.772,100.6,99.984,0.616,100,99.126,0.874,100.4,100.19,0.21,100.8,99.905,0.895,101.2,100.424,0.776,100,99.622,101,100.783,33.494,13329690,70.718,-0.333,0.113,-0.217,-0.061,-0.167,0.181
2026-07-05T12:40:00.000Z,50,49.772,46.079,42,41.708,43.037,99.4,98.813,0.587,99.8,99.488,0.312,100.2,99.254,0.946,100.6,99.872,0.728,100,99.089,0.911,100.4,100.17,0.23,100.8,99.912,0.888,101.2,100.361,0.839,100,99.62,101,100.73,33.172,13339920,70.104,-0.34,0.078,-0.224,-0.099,-0.158,0.172
2026-07-05T12:45:00.000Z,50,49.786,46.767,42,41.811,42.617,99.4,98.959,0.441,99.8,98.7,1.1,100.2,99.114,1.086,100.6,99.756,0.844,100,98.946,1.054,100.4,100.107,0.293,100.8,99.994,0.806,101.2,100.78,0.42,100,99.545,101,100.759,33.025,13350150,69.097,-0.341,0.209,-0.231,-0.117,-0.148,0.163
2026-07-05T12:50:00.000Z,50,49.642,46.685,42,41.688,42.489,99.4,98.538,0.862,99.8,99.186,0.614,100.2,99.663,0.537,100.6,99.751,0.849,100,99.238,0.762,100.4,99.841,0.559,100.8,100.352,0.448,101.2,100.271,0.929,100,99.605,101,100.613,32.805,13360380,70.113,-0.409,0.185,-0.237,-0.143,-0.139,0.154
2026-07-05T12:55:00.000Z,50,49.689,46.102,42,41.527,42.075,99.4,98.162,1.238,99.8,99.202,0.598,100.2,98.895,1.305,100.6,99.495,1.105,100,99.396,0.604,100.4,99.635,0.765,100.8,100.041,0.759,101.2,99.993,1.207,100,99.352,101,100.221,32.764,13370610,69.084,-0.326,0.293,-0.243,-0.148,-0.129,0.144
2026-07-05T13:00:00.000Z,50,49.605,46.446,42,41.784,42.89,99.4,98.183,1.217,99.8,99.267,0.533,100.2,99.099,1.101,100.6,99.82,0.78,100,98.679,1.321,100.4,99.298,1.102,100.8,100.007,0.793,101.2,100.378,0.822,100,99.341,101,100.491,32.847,13380840,69.743,-0.285,0.278,-0.249,-0.138,-0.119,0.135
2026-07-05T13:05:00.000Z,50,49.511,46.33,42,41.707,42.728,99.4,98.455,0.945,99.8,98.323,1.477,100.2,98.759,1.441,100.6,99.861,0.739,100,98.577,1.423,100.4,99.603,0.797,100.8,99.91,0.89,101.2,100.208,0.992,100,99.212,101,100.434,32.763,13391070,68.963,-0.236,0.341,-0.254,-0.148,-0.109,0.125
2026-07-05T13:10:00.000Z,50,49.803,45.771,42,41.489,41.981,99.4,98.567,0.833,99.8,98.724,1.076,100.2,99.376,0.824,100.6,99.659,0.941,100,98.888,1.112,100.4,99.077,1.323,100.8,99.799,1.001,101.2,99.995,1.205,100,99.261,101,100.114,32.793,13401300,69.098,-0.326,0.272,-0.258,-0.145,-0.099,0.115
2026-07-05T13:15:00.000Z,50,49.38,45.968,42,41.504,42.107,99.4,98.333,1.067,99.8,98.651,1.149,100.2,98.695,1.505,100.6,99.464,1.136,100,98.392,1.608,100.4,99.311,1.089,100.8,99.964,0.836,101.2,100.487,0.713,100,99.162,101,100.19,32.512,13411530,68.008,-0.282,0.257,-0.263,-0.179,-0.089,0.105
2026-07-05T13:20:00.000Z,50,49.468,45.833,42,41.841,42.285,99.4,98.145,1.255,99.8,98.773,1.027,100.2,98.707,1.493,100.6,99.61,0.99,100,98.339,1.661,100.4,99.52,0.88,100.8,99.776,1.024,101.2,99.54,1.66,100,99.051,101,100.389,32.38,13421760,68.62,-0.17,0.341,-0.267,-0.194,-0.079,0.095
2026-07-05T13:25:00.000Z,50,49.604,45.863,42,41.829,42.495,99.4,98.369,1.031,99.8,98.824,0.976,100.2,98.692,1.508,100.6,99.116,1.484,100,98.478,1.522,100.4,99.332,1.068,100.8,99.419,1.381,101.2,99.602,1.598,100,98.979,101,100.516,32.643,13431990,68.81,-0.152,0.383,-0.27,-0.163,-0.068,0.085
2026-07-05T13:30:00.000Z,50,49.751,45.672,42,41.616,42.274,99.4,98.333,1.067,99.8,98.125,1.675,100.2,98.908,1.292,100.6,99.463,1.137,100,98.545,1.455,100.4,98.81,1.59,100.8,99.068,1.732,101.2,99.487,1.713,100,98.842,101,99.981,32.307,13442220,68.226,-0.088,0.355,-0.273,-0.203,-0.058,0.075
2026-07-05T13:35:00.000Z,50,49.73,45.311,42,41.886,42.202,99.4,98.31,1.09,99.8,98.446,1.354,100.2,98.736,1.464,100.6,99.333,1.267,100,98.426,1.574,100.4,99.343,1.057,100.8,99.755,1.045,101.2,99.794,1.406,100,99.018,101,100.304,32.472,13452450,68.783,-0.064,0.378,-0.275,-0.183,-0.047,0.064
2026-07-05T13:40:00.000Z,50,49.686,44.896,42,41.705,42.181,99.4,97.602,1.798,99.8,98.642,1.158,100.2,99.091,1.109,100.6,99.347,1.253,100,98.374,1.626,100.4,99.108,1.292,100.8,99.074,1.726,101.2,99.385,1.815,100,98.828,101,99.911,32.222,13462680,68.22,-0.127,0.3,-0.277,-0.213,-0.037,0.054
2026-07-05T13:45:00.000Z,50,49.418,44.573,42,41.309,42.054,99.4,97.609,1.791,99.8,98.1,1.7,100.2,98.816,1.384,100.6,99.262,1.338,100,98.148,1.852,100.4,98.792,1.608,100.8,99.591,1.209,101.2,99.924,1.276,100,98.78,101,100.229,32.049,13472910,68.525,-0.049,0.396,-0.279,-0.234,-0.026,0.043
2026-07-05T13:50:00.000Z,50,49.651,45.014,42,41.518,41.624,99.4,97.864,1.536,99.8,98.687,1.113,100.2,98.371,1.829,100.6,99.147,1.453,100,98.227,1.773,100.4,98.493,1.907,100.8,99.144,1.656,101.2,99.433,1.767,100,98.671,101,100.151,32.238,13483140,68.33,-0.058,0.335,-0.279,-0.211,-0.016,0.032
2026-07-05T13:55:00.000Z,50,49.538,45.245,42,41.638,42.293,99.4,97.641,1.759,99.8,98.294,1.506,100.2,98.919,1.281,100.6,98.954,1.646,100,98.689,1.311,100.4,98.738,1.662,100.8,99.205,1.595,101.2,99.561,1.639,100,98.75,101,100.086,32.056,13493370,67.598,0.028,0.433,-0.28,-0.233,-0.005,0.022
2026-07-05T14:00:00.000Z,50,49.25,45.19,42,41.823,42.294,99.4,98.069,1.331,99.8,98.257,1.543,100.2,98.562,1.638,100.6,99.031,1.569,100,98.402,1.598,100.4,98.845,1.555,100.8,99.014,1.786,101.2,99.715,1.485,100,98.737,101,100.27,32.065,13503600,68.618,-0.023,0.487,-0.28,-0.232,0.006,0.011
2026-07-05T14:05:00.000Z,50,49.345,45.395,42,41.526,41.327,99.4,97.679,1.721,99.8,98.384,1.416,100.2,98.131,2.069,100.6,98.764,1.836,100,98.473,1.527,100.4,99.099,1.301,100.8,99.309,1.491,101.2,99.457,1.743,100,98.662,101,99.966,31.873,13513830,67.416,0.055,0.365,-0.279,-0.255,0.016,0
2026-07-05T14:10:00.000Z,50,49.084,44.549,42,41.669,41.797,99.4,97.623,1.777,99.8,97.75,2.05,100.2,98.779,1.421,100.6,99.189,1.411,100,98.455,1.545,100.4,99.186,1.214,100.8,99.139,1.661,101.2,99.127,2.073,100,98.656,101,100.141,31.931,13524060,67.922,0.024,0.423,-0.278,-0.248,0.027,-0.01
2026-07-05T14:15:00.000Z,50,49.129,45.639,42,41.305,41.626,99.4,98.014,1.386,99.8,98.352,1.448,100.2,98.239,1.961,100.6,98.697,1.903,100,98.019,1.981,100.4,98.856,1.544,100.8,99.545,1.255,101.2,99.269,1.931,100,98.624,101,99.865,31.661,13534290,67.749,0.069,0.418,-0.277,-0.281,0.038,-0.021
2026-07-05T14:20:00.000Z,50,48.963,44.952,42,41.447,41.799,99.4,97.799,1.601,99.8,98.326,1.474,100.2,98.134,2.066,100.6,98.668,1.932,100,98.026,1.974,100.4,98.649,1.751,100.8,99.496,1.304,101.2,99.895,1.305,100,98.624,101,99.762,31.727,13544520,67.744,0.093,0.344,-0.275,-0.273,0.048,-0.032
2026-07-05T14:25:00.000Z,50,49.015,45.409,42,41.292,41.531,99.4,97.246,2.154,99.8,98.131,1.669,100.2,98.327,1.873,100.6,98.719,1.881,100,98.009,1.991,100.4,98.459,1.941,100.8,99.053,1.747,101.2,99.034,2.166,100,98.372,101,99.698,31.856,13554750,67.885,0.183,0.453,-0.273,-0.257,0.059,-0.042
2026-07-05T14:30:00.000Z,50,49.231,45.1,42,41.258,41.789,99.4,97.363,2.037,99.8,98.366,1.434,100.2,98.442,1.758,100.6,98.602,1.998,100,98.512,1.488,100.4,98.864,1.536,100.8,99.488,1.312,101.2,99.735,1.465,100,98.672,101,99.73,31.956,13564980,67.852,0.162,0.407,-0.27,-0.245,0.069,-0.053
2026-07-05T14:35:00.000Z,50,48.774,45.895,42,41.138,42.149,99.4,97.293,2.107,99.8,98.178,1.622,100.2,98.382,1.818,100.6,99.217,1.383,100,97.849,2.151,100.4,99.013,1.387,100.8,99.043,1.757,101.2,99.578,1.622,100,98.569,101,100.022,31.834,13575210,68.128,0.178,0.335,-0.266,-0.26,0.079,-0.063
2026-07-05T14:40:00.000Z,50,48.92,45.61,42,41.431,41.978,99.4,97.579,1.821,99.8,97.665,2.135,100.2,98.818,1.382,100.6,98.921,1.679,100,98.607,1.393,100.4,98.389,2.011,100.8,99.276,1.524,101.2,99.34,1.86,100,98.574,101,99.885,31.541,13585440,69.064,0.163,0.38,-0.262,-0.295,0.09,-0.074
2026-07-05T14:45:00.000Z,50,49.126,45.207,42,41.558,41.862,99.4,97.701,1.699,99.8,97.71,2.09,100.2,98.389,1.811,100.6,99.042,1.558,100,98.417,1.583,100.4,98.27,2.13,100.8,98.81,1.99,101.2,99.702,1.498,100,98.505,101,99.829,31.898,13595670,68.326,0.224,0.458,-0.258,-0.252,0.1,-0.084
2026-07-05T14:50:00.000Z,50,49.089,45.498,42,41.354,42.245,99.4,97.406,1.994,99.8,97.657,2.143,100.2,98.376,1.824,100.6,99.243,1.357,100,98.07,1.93,100.4,98.393,2.007,100.8,98.976,1.824,101.2,99.611,1.589,100,98.467,101,99.595,31.498,13605900,68.907,0.241,0.351,-0.253,-0.3,0.11,-0.094
2026-07-05T14:55:00.000Z,50,49.225,45.501,42,41.253,42.794,99.4,97.749,1.651,99.8,97.829,1.971,100.2,98.331,1.869,100.6,98.411,2.189,100,98.63,1.37,100.4,98.647,1.753,100.8,99.304,1.496,101.2,99.424,1.776,100,98.541,101,99.527,31.549,13616130,68.433,0.371,0.333,-0.248,-0.294,0.12,-0.104
2026-07-05T15:00:00.000Z,50,48.668,45.674,42,41.401,42.532,99.4,97.49,1.91,99.8,97.668,2.132,100.2,98.029,2.171,100.6,98.453,2.147,100,98.599,1.401,100.4,98.425,1.975,100.8,99.247,1.553,101.2,99.219,1.981,100,98.391,101,99.643,31.743,13626360,68.819,0.291,0.337,-0.243,-0.271,0.13,-0.114
2026-07-05T15:05:00.000Z,50,48.947,45.648,42,41.318,42.693,99.4,97.243,2.157,99.8,97.767,2.033,100.2,98.193,2.007,100.6,98.661,1.939,100,98.232,1.768,100.4,98.614,1.786,100.8,98.955,1.845,101.2,99.294,1.906,100,98.37,101,99.766,31.841,13636590,69.427,0.328,0.282,-0.237,-0.259,0.139,-0.124
2026-07-05T15:10:00.000Z,50,48.763,46.469,42,41.1,42.673,99.4,97.362,2.038,99.8,98.077,1.723,100.2,98.691,1.509,100.6,99.189,1.411,100,98.439,1.561,100.4,98.708,1.692,100.8,99.11,1.69,101.2,99.355,1.845,100,98.616,101,99.503,31.789,13646820,70.195,0.426,0.374,-0.23,-0.265,0.149,-0.134
2026-07-05T15:15:00.000Z,50,49.056,46.413,42,41.507,42.324,99.4,97.511,1.889,99.8,97.686,2.114,100.2,98.86,1.34,100.6,98.941,1.659,100,97.988,2.012,100.4,98.467,1.933,100.8,98.969,1.831,101.2,99.783,1.417,100,98.526,101,99.449,31.912,13657050,70.074,0.411,0.304,-0.223,-0.251,0.158,-0.144
2026-07-05T15:20:00.000Z,50,48.901,46.447,42,41.12,43.032,99.4,97.394,2.006,99.8,97.887,1.913,100.2,98.578,1.622,100.6,99.167,1.433,100,98.496,1.504,100.4,98.461,1.939,100.8,99.275,1.525,101.2,99.414,1.786,100,98.584,101,99.374,31.788,13667280,69.667,0.379,0.317,-0.216,-0.265,0.168,-0.153
2026-07-05T15:25:00.000Z,50,48.889,46.619,42,41.438,42.832,99.4,98.09,1.31,99.8,98.02,1.78,100.2,98.513,1.687,100.6,98.891,1.709,100,98.146,1.854,100.4,98.721,1.679,100.8,98.89,1.91,101.2,99.612,1.588,100,98.61,101,99.786,31.944,13677510,69.827,0.389,0.344,-0.209,-0.247,0.177,-0.162
2026-07-05T15:30:00.000Z,50,49.116,46.573,42,41.097,43.428,99.4,97.255,2.145,99.8,98.52,1.28,100.2,98.603,1.597,100.6,98.983,1.617,100,98.067,1.933,100.4,98.722,1.678,100.8,99.549,1.251,101.2,99.749,1.451,100,98.681,101,99.744,31.978,13687740,70.831,0.409,0.286,-0.201,-0.243,0.185,-0.171
2026-07-05T15:35:00.000Z,50,48.728,46.926,42,41.265,43,99.4,97.934,1.466,99.8,97.882,1.918,100.2,98.937,1.263,100.6,99.261,1.339,100,98.302,1.698,100.4,98.623,1.777,100.8,99.187,1.613,101.2,99.152,2.048,100,98.66,101,99.607,31.988,13697970,70.416,0.382,0.233,-0.192,-0.241,0.194,-0.18
2026-07-05T15:40:00.000Z,50,48.89,47.151,42,41.083,43.356,99.4,97.961,1.439,99.8,97.836,1.964,100.2,98.781,1.419,100.6,99.361,1.239,100,98.586,1.414,100.4,99.078,1.322,100.8,98.914,1.886,101.2,99.881,1.319,100,98.8,101,99.715,31.704,13708200,70.826,0.37,0.273,-0.184,-0.275,0.202,-0.189
2026-07-05T15:45:00.000Z,50,48.821,47.849,42,41.429,43.309,99.4,97.693,1.707,99.8,97.791,2.009,100.2,98.314,1.886,100.6,98.707,1.893,100,98.22,1.78,100.4,98.329,2.071,100.8,99.065,1.735,101.2,99.912,1.288,100,98.504,101,99.784,31.603,13718430,70.675,0.389,0.132,-0.175,-0.288,0.21,-0.197
2026-07-05T15:50:00.000Z,50,49.011,47.718,42,41.538,44.13,99.4,97.706,1.694,99.8,97.928,1.872,100.2,98.227,1.973,100.6,98.621,1.979,100,98.816,1.184,100.4,98.347,2.053,100.8,99.538,1.262,101.2,99.902,1.298,100,98.636,101,99.657,32.064,13728660,71.162,0.466,0.179,-0.165,-0.232,0.218,-0.205
2026-07-05T15:55:00.000Z,50,49.04,47.747,42,41.192,44.335,99.4,98.027,1.373,99.8,98.385,1.415,100.2,98.427,1.773,100.6,99.357,1.243,100,98.233,1.767,100.4,98.372,2.028,100.8,99.067,1.733,101.2,99.351,1.849,100,98.652,101,99.656,32.14,13738890,71.106,0.487,0.17,-0.156,-0.223,0.226,-0.213
2026-07-05T16:00:00.000Z,50,48.463,47.835,42,41.21,44.026,99.4,97.882,1.518,99.8,98.137,1.663,100.2,98.754,1.446,100.6,99.363,1.237,100,98.827,1.173,100.4,99.27,1.13,100.8,99.67,1.13,101.2,100.011,1.189,100,98.989,101,99.436,32.001,13749120,71.804,0.521,0.074,-0.146,-0.24,0.233,-0.221
2026-07-05T16:05:00.000Z,50,48.754,48.252,42,41.082,44.413,99.4,97.491,1.909,99.8,98.532,1.268,100.2,98.358,1.842,100.6,98.673,1.927,100,98.526,1.474,100.4,98.996,1.404,100.8,99.654,1.146,101.2,99.939,1.261,100,98.771,101,99.435,32.188,13759350,72.842,0.397,0.135,-0.136,-0.217,0.241,-0.228
2026-07-05T16:10:00.000Z,50,48.684,48.736,42,41.359,44.44,99.4,97.843,1.557,99.8,98.69,1.11,100.2,98.578,1.622,100.6,99.179,1.421,100,98.323,1.677,100.4,98.799,1.601,100.8,99.508,1.292,101.2,99.757,1.443,100,98.835,101,99.415,32,13769580,71.861,0.452,0.091,-0.126,-0.24,0.248,-0.235
2026-07-05T16:15:00.000Z,50,48.67,48.817,42,41.134,44.434,99.4,97.598,1.802,99.8,97.982,1.818,100.2,98.988,1.212,100.6,99.06,1.54,100,98.407,1.593,100.4,98.585,1.815,100.8,99.638,1.162,101.2,99.441,1.759,100,98.712,101,99.509,31.956,13779810,73.153,0.395,0.117,-0.115,-0.245,0.254,-0.242
2026-07-05T16:20:00.000Z,50,48.444,49.132,42,41.168,44.688,99.4,97.612,1.788,99.8,98.1,1.7,100.2,98.614,1.586,100.6,98.731,1.869,100,98.463,1.537,100.4,98.903,1.497,100.8,99.688,1.112,101.2,99.612,1.588,100,98.715,101,99.154,31.975,13790040,72.933,0.483,0.028,-0.104,-0.243,0.26,-0.248
2026-07-05T16:25:00.000Z,50,48.93,49.09,42,41.047,44.565,99.4,98.313,1.087,99.8,98.063,1.737,100.2,98.501,1.699,100.6,99.191,1.409,100,98.214,1.786,100.4,99.086,1.314,100.8,99.664,1.136,101.2,99.948,1.252,100,98.872,101,99.706,32.255,13800270,73.805,0.417,0.018,-0.093,-0.209,0.267,-0.255
2026-07-05T16:30:00.000Z,50,49.053,48.612,42,41.116,44.455,99.4,98.084,1.316,99.8,98.044,1.756,100.2,98.877,1.323,100.6,99.328,1.272,100,98.592,1.408,100.4,99.357,1.043,100.8,99.419,1.381,101.2,99.678,1.522,100,98.922,101,99.405,32.308,13810500,73.467,0.466,-0.066,-0.082,-0.203,0.272,-0.261
2026-07-05T16:35:00.000Z,50,48.876,49.48,42,41.158,45.407,99.4,98.476,0.924,99.8,98.367,1.433,100.2,98.678,1.522,100.6,99.404,1.196,100,99.025,0.975,100.4,98.921,1.479,100.8,99.82,0.98,101.2,99.84,1.36,100,99.066,101,99.466,32.182,13820730,74.324,0.329,-0.128,-0.071,-0.218,0.278,-0.266
2026-07-05T16:40:00.000Z,50,48.563,49.975,42,41.026,45.343,99.4,98.123,1.277,99.8,98.853,0.947,100.2,98.482,1.718,100.6,99.083,1.517,100,98.47,1.53,100.4,98.836,1.564,100.8,99.249,1.551,101.2,99.737,1.463,100,98.854,101,99.69,32.249,13830960,74.054,0.437,-0.143,-0.06,-0.21,0.283,-0.272
2026-07-05T16:45:00.000Z,50,48.968,49.331,42,41.265,45.349,99.4,97.768,1.632,99.8,98.244,1.556,100.2,98.6,1.6,100.6,99.482,1.118,100,98.643,1.357,100.4,98.712,1.688,100.8,99.318,1.482,101.2,99.438,1.762,100,98.776,101,99.569,31.988,13841190,74.36,0.31,-0.076,-0.048,-0.241,0.288,-0.277
2026-07-05T16:50:00.000Z,50,48.322,49.817,42,41.042,45.603,99.4,97.777,1.623,99.8,98.393,1.407,100.2,99.246,0.954,100.6,99.41,1.19,100,98.959,1.041,100.4,99.421,0.979,100.8,99.393,1.407,101.2,99.834,1.366,100,99.054,101,99.527,32.361,13851420,74.463,0.331,-0.084,-0.037,-0.197,0.292,-0.281
2026-07-05T16:55:00.000Z,50,48.409,50.416,42,41.367,45.333,99.4,98.437,0.963,99.8,98.387,1.413,100.2,99.149,1.051,100.6,99.553,1.047,100,98.981,1.019,100.4,99.045,1.355,100.8,99.672,1.128,101.2,99.65,1.55,100,99.109,101,99.12,31.993,13861650,74.653,0.292,-0.231,-0.025,-0.241,0.296,-0.286
2026-07-05T17:00:00.000Z,50,48.516,50.446,42,41.358,45.822,99.4,97.854,1.546,99.8,98.143,1.657,100.2,99.385,0.815,100.6,99.457,1.143,100,98.352,1.648,100.4,98.891,1.509,100.8,99.353,1.447,101.2,99.915,1.285,100,98.919,101,99.159,32.122,13871880,74.8,0.347,-0.195,-0.014,-0.225,0.3,-0.29
2026-07-05T17:05:00.000Z,50,48.294,50.004,42,40.878,45.605,99.4,97.893,1.507,99.8,98.768,1.032,100.2,99.406,0.794,100.6,99.498,1.102,100,98.48,1.52,100.4,99.584,0.816,100.8,99.785,1.015,101.2,99.659,1.541,100,99.134,101,99.571,32.064,13882110,75.28,0.228,-0.157,-0.002,-0.232,0.304,-0.293
2026-07-05T17:10:00.000Z,50,48.847,49.797,42,41.073,46.109,99.4,97.819,1.581,99.8,98.595,1.205,100.2,98.914,1.286,100.6,99.272,1.328,100,99.153,0.847,100.4,99.132,1.268,100.8,99.209,1.591,101.2,99.875,1.325,100,98.996,101,99.572,32.151,13892340,74.957,0.22,-0.304,0.01,-0.222,0.307,-0.296
2026-07-05T17:15:00.000Z,50,48.953,50.355,42,41.405,46.164,99.4,98.137,1.263,99.8,99.064,0.736,100.2,99.353,0.847,100.6,99.483,1.117,100,98.876,1.124,100.4,99.24,1.16,100.8,99.313,1.487,101.2,99.938,1.262,100,99.176,101,99.161,32.128,13902570,74.946,0.254,-0.257,0.021,-0.225,0.31,-0.299
2026-07-05T17:20:00.000Z,50,48.301,50.539,42,41.028,46.404,99.4,98.212,1.188,99.8,98.511,1.289,100.2,98.751,1.449,100.6,99.21,1.39,100,98.653,1.347,100.4,99.306,1.094,100.8,99.83,0.97,101.2,100.081,1.119,100,99.069,101,99.096,32.434,13912800,76.132,0.13,-0.345,0.033,-0.188,0.312,-0.302
2026-07-05T17:25:00.000Z,50,48.554,50.526,42,41.159,45.738,99.4,98.344,1.056,99.8,98.796,1.004,100.2,98.971,1.229,100.6,99.697,0.903,100,98.962,1.038,100.4,99.526,0.874,100.8,99.3,1.5,101.2,100.436,0.764,100,99.254,101,99.53,32.179,13923030,76.11,0.156,-0.278,0.045,-0.218,0.314,-0.304
2026-07-05T17:30:00.000Z,50,48.792,50.621,42,41.186,46.497,99.4,98.38,1.02,99.8,99.015,0.785,100.2,98.912,1.288,100.6,99.275,1.325,100,98.795,1.205,100.4,99.245,1.155,100.8,99.948,0.852,101.2,99.62,1.58,100,99.149,101,99.253,32.383,13933260,75.973,0.191,-0.242,0.056,-0.194,0.316,-0.306
2026-07-05T17:35:00.000Z,50,48.349,50.634,42,41.304,45.979,99.4,98.576,0.824,99.8,98.903,0.897,100.2,99.14,1.06,100.6,99.188,1.412,100,99.077,0.923,100.4,99.684,0.716,100.8,99.939,0.861,101.2,99.934,1.266,100,99.305,101,99.164,32.574,13943490,75.869,0.085,-0.377,0.067,-0.171,0.318,-0.308
2026-07-05T17:40:00.000Z,50,48.794,51.323,42,41.264,46.431,99.4,98.349,1.051,99.8,99.054,0.746,100.2,99.415,0.785,100.6,99.429,1.171,100,98.577,1.423,100.4,99.136,1.264,100.8,99.408,1.392,101.2,100.437,0.763,100,99.226,101,99.102,32.618,13953720,76.122,0.119,-0.417,0.079,-0.166,0.319,-0.309
2026-07-05T17:45:00.000Z,50,48.733,51.232,42,41.121,45.762,99.4,98.061,1.339,99.8,98.437,1.363,100.2,98.943,1.257,100.6,99.092,1.508,100,99.205,0.795,100.4,98.858,1.542,100.8,100.065,0.735,101.2,99.666,1.534,100,99.041,101,99.311,32.633,13963950,76.529,0.048,-0.275,0.09,-0.164,0.32,-0.31
2026-07-05T17:50:00.000Z,50,48.87,51.518,42,41.1,45.822,99.4,98.208,1.192,99.8,98.441,1.359,100.2,99.377,0.823,100.6,99.159,1.441,100,98.846,1.154,100.4,99.254,1.146,100.8,99.385,1.415,101.2,100.061,1.139,100,99.091,101,99.299,32.593,13974180,76.513,-0.011,-0.351,0.101,-0.169,0.32,-0.31
2026-07-05T17:55:00.000Z,50,48.782,51.338,42,41.012,45.988,99.4,98.483,0.917,99.8,98.998,0.802,100.2,99.261,0.939,100.6,99.339,1.261,100,98.968,1.032,100.4,99.05,1.35,100.8,99.846,0.954,101.2,100.006,1.194,100,99.244,101,99.454,32.362,13984410,75.986,0.054,-0.321,0.112,-0.197,0.32,-0.31
2026-07-05T18:00:00.000Z,50,48.74,50.803,42,41.317,46.465,99.4,98.221,1.179,99.8,98.528,1.272,100.2,98.818,1.382,100.6,99.113,1.487,100,98.739,1.261,100.4,99.624,0.776,100.8,99.768,1.032,101.2,100.342,0.858,100,99.144,101,99.046,32.384,13994640,76.314,-0.007,-0.388,0.122,-0.194,0.32,-0.31
2026-07-05T18:05:00.000Z,50,48.635,50.422,42,41.365,46.103,99.4,97.856,1.544,99.8,98.97,0.83,100.2,99.175,1.025,100.6,99.551,1.049,100,99.019,0.981,100.4,98.874,1.526,100.8,100.061,0.739,101.2,100.093,1.107,100,99.2,101,99.032,32.416,14004870,76.268,-0.045,-0.463,0.133,-0.19,0.319,-0.309
2026-07-05T18:10:00.000Z,50,48.345,50.57,42,41.354,46.09,99.4,98.417,0.983,99.8,98.644,1.156,100.2,98.654,1.546,100.6,99.504,1.096,100,98.73,1.27,100.4,99.291,1.109,100.8,99.599,1.201,101.2,100.16,1.04,100,99.125,101,99.222,32.146,14015100,75.647,-0.075,-0.463,0.143,-0.222,0.318,-0.308
2026-07-05T18:15:00.000Z,50,48.324,50.667,42,40.912,45.903,99.4,98.188,1.212,99.8,98.344,1.456,100.2,98.666,1.534,100.6,99.516,1.084,100,99.125,0.875,100.4,99.141,1.259,100.8,99.993,0.807,101.2,100.235,0.965,100,99.151,101,99.272,32.613,14025330,76.61,-0.111,-0.445,0.153,-0.166,0.317,-0.306
2026-07-05T18:20:00.000Z,50,48.878,50.41,42,41.293,45.638,99.4,98.324,1.076,99.8,98.964,0.836,100.2,98.906,1.294,100.6,99.87,0.73,100,98.898,1.102,100.4,99.233,1.167,100.8,99.668,1.132,101.2,100.293,0.907,100,99.27,101,99.59,32.609,14035560,76.023,-0.18,-0.349,0.162,-0.167,0.315,-0.305
2026-07-05T18:25:00.000Z,50,48.405,50.505,42,41.405,45.897,99.4,98.147,1.253,99.8,98.979,0.821,100.2,99.516,0.684,100.6,99.179,1.421,100,98.44,1.56,100.4,99.712,0.688,100.8,99.225,1.575,101.2,100.159,1.041,100,99.17,101,99.511,32.23,14045790,75.544,-0.178,-0.447,0.172,-0.212,0.313,-0.302
2026-07-05T18:30:00.000Z,50,48.599,50.174,42,41.219,45.919,99.4,98.449,0.951,99.8,98.882,0.918,100.2,98.693,1.507,100.6,99.356,1.244,100,98.561,1.439,100.4,99.488,0.912,100.8,99.891,0.909,101.2,100.158,1.042,100,99.185,101,99.543,32.408,14056020,75.569,-0.182,-0.46,0.181,-0.191,0.31,-0.3
2026-07-05T18:35:00.000Z,50,48.843,50.277,42,41.1,46.179,99.4,98.56,0.84,99.8,98.658,1.142,100.2,99.005,1.195,100.6,99.858,0.742,100,98.708,1.292,100.4,98.902,1.498,100.8,99.959,0.841,101.2,100.206,0.994,100,99.232,101,99.194,32.324,14066250,75.149,-0.2,-0.42,0.189,-0.201,0.308,-0.297
2026-07-05T18:40:00.000Z,50,48.679,50.583,42,41.364,45.921,99.4,97.937,1.463,99.8,98.79,1.01,100.2,98.933,1.267,100.6,99.4,1.2,100,98.906,1.094,100.4,99.135,1.265,100.8,99.292,1.508,101.2,100.328,0.872,100,99.09,101,99.55,32.177,14076480,75.494,-0.229,-0.427,0.198,-0.219,0.304,-0.294
2026-07-05T18:45:00.000Z,50,48.87,50.98,42,41.012,46.19,99.4,98.376,1.024,99.8,98.915,0.885,100.2,98.916,1.284,100.6,99.457,1.143,100,99.047,0.953,100.4,99.486,0.914,100.8,99.916,0.884,101.2,99.605,1.595,100,99.215,101,99.622,32.145,14086710,74.652,-0.261,-0.417,0.206,-0.223,0.301,-0.29
2026-07-05T18:50:00.000Z,50,48.421,50.914,42,41.297,45.87,99.4,98.41,0.99,99.8,98.771,1.029,100.2,98.748,1.452,100.6,98.951,1.649,100,98.358,1.642,100.4,99.146,1.254,100.8,99.69,1.11,101.2,100.414,0.786,100,99.061,101,99.113,32.491,14096940,75.822,-0.287,-0.426,0.214,-0.181,0.297,-0.286
2026-07-05T18:55:00.000Z,50,48.665,49.879,42,40.866,45.302,99.4,98.586,0.814,99.8,98.973,0.827,100.2,99.229,0.971,100.6,99.604,0.996,100,98.789,1.211,100.4,99.564,0.836,100.8,99.84,0.96,101.2,99.771,1.429,100,99.295,101,99.101,32.142,14107170,74.94,-0.312,-0.459,0.221,-0.223,0.293,-0.282
2026-07-05T19:00:00.000Z,50,48.742,49.93,42,41.119,45.114,99.4,97.975,1.425,99.8,98.496,1.304,100.2,99.057,1.143,100.6,99.36,1.24,100,98.428,1.572,100.4,98.96,1.44,100.8,99.958,0.842,101.2,100.101,1.099,100,99.042,101,99.218,32.49,14117400,74.437,-0.283,-0.448,0.228,-0.181,0.289,-0.277
2026-07-05T19:05:00.000Z,50,48.748,49.45,42,41.251,45.257,99.4,97.808,1.592,99.8,98.479,1.321,100.2,99.026,1.174,100.6,99.528,1.072,100,98.811,1.189,100.4,99.501,0.899,100.8,99.297,1.503,101.2,100.368,0.832,100,99.102,101,99.516,32.232,14127630,75.32,-0.368,-0.35,0.235,-0.212,0.284,-0.273
2026-07-05T19:10:00.000Z,50,48.901,49.879,42,41.364,45.819,99.4,98.125,1.275,99.8,98.085,1.715,100.2,98.981,1.219,100.6,99.157,1.443,100,98.803,1.197,100.4,99.334,1.066,100.8,99.127,1.673,101.2,100.012,1.188,100,98.953,101,99.604,32.447,14137860,74.214,-0.445,-0.317,0.241,-0.186,0.279,-0.267
2026-07-05T19:15:00.000Z,50,48.907,49.07,42,41.101,44.829,99.4,97.875,1.525,99.8,98.495,1.305,100.2,99.189,1.011,100.6,99.132,1.468,100,98.743,1.257,100.4,99.519,0.881,100.8,99.257,1.543,101.2,99.972,1.228,100,99.023,101,99.638,32.244,14148090,73.956,-0.461,-0.343,0.246,-0.211,0.273,-0.262
2026-07-05T19:20:00.000Z,50,48.618,49.729,42,40.941,45.084,99.4,97.756,1.644,99.8,98.81,0.99,100.2,98.541,1.659,100.6,99.403,1.197,100,98.825,1.175,100.4,99.38,1.02,100.8,99.12,1.68,101.2,99.601,1.599,100,98.929,101,99.357,32.387,14158320,73.435,-0.341,-0.318,0.252,-0.194,0.268,-0.256
2026-07-05T19:25:00.000Z,50,48.72,49.668,42,40.926,45.197,99.4,98.154,1.246,99.8,98.258,1.542,100.2,98.797,1.403,100.6,99.617,0.983,100,98.295,1.705,100.4,98.868,1.532,100.8,99.544,1.256,101.2,99.482,1.718,100,98.877,101,99.188,31.958,14168550,74.327,-0.486,-0.356,0.257,-0.245,0.262,-0.25
2026-07-05T19:30:00.000Z,50,48.839,49.476,42,41.32,44.453,99.4,98.147,1.253,99.8,98.021,1.779,100.2,98.659,1.541,100.6,98.899,1.701,100,98.358,1.642,100.4,99.424,0.976,100.8,99.271,1.529,101.2,99.601,1.599,100,98.798,101,99.201,32.154,14178780,73.995,-0.369,-0.308,0.261,-0.221,0.255,-0.243
2026-07-05T19:35:00.000Z,50,48.837,48.375,42,40.935,45.026,99.4,98.369,1.031,99.8,98.725,1.075,100.2,98.734,1.466,100.6,98.949,1.651,100,99.023,0.977,100.4,98.834,1.566,100.8,99.413,1.387,101.2,99.481,1.719,100,98.941,101,99.456,32.261,14189010,72.72,-0.517,-0.25,0.265,-0.209,0.249,-0.236
2026-07-05T19:40:00.000Z,50,48.873,48.192,42,41.125,44.88,99.4,97.677,1.723,99.8,98.779,1.021,100.2,98.456,1.744,100.6,99.021,1.579,100,98.449,1.551,100.4,98.976,1.424,100.8,99.277,1.523,101.2,99.506,1.694,100,98.768,101,99.367,31.862,14199240,73.507,-0.366,-0.227,0.269,-0.257,0.242,-0.229
2026-07-05T19:45:00.000Z,50,49.008,48.681,42,41.08,44.222,99.4,97.525,1.875,99.8,98.712,1.088,100.2,98.979,1.221,100.6,99.344,1.256,100,98.114,1.886,100.4,99.305,1.095,100.8,99.171,1.629,101.2,99.851,1.349,100,98.875,101,99.513,31.772,14209470,72.192,-0.507,-0.199,0.272,-0.267,0.235,-0.222
2026-07-05T19:50:00.000Z,50,48.776,47.923,42,41.077,44.625,99.4,98.146,1.254,99.8,97.996,1.804,100.2,98.853,1.347,100.6,99.206,1.394,100,98.859,1.141,100.4,98.586,1.814,100.8,99.096,1.704,101.2,99.327,1.873,100,98.759,101,99.314,32.117,14219700,71.961,-0.424,-0.221,0.274,-0.226,0.227,-0.214
2026-07-05T19:55:00.000Z,50,48.733,48.307,42,40.927,44.296,99.4,97.832,1.568,99.8,98.207,1.593,100.2,98.614,1.586,100.6,98.921,1.679,100,98.829,1.171,100.4,98.611,1.789,100.8,99.42,1.38,101.2,99.512,1.688,100,98.743,101,99.748,32.012,14229930,72.463,-0.48,-0.154,0.276,-0.239,0.22,-0.207
2026-07-05T20:00:00.000Z,50,49.099,48.579,42,41.103,44.138,99.4,97.739,1.661,99.8,97.931,1.869,100.2,98.973,1.227,100.6,99.237,1.363,100,98.824,1.176,100.4,99.038,1.362,100.8,99.237,1.563,101.2,99.895,1.305,100,98.859,101,99.447,31.836,14240160,71.924,-0.44,-0.113,0.278,-0.26,0.212,-0.198
2026-07-05T20:05:00.000Z,50,48.46,48.121,42,41.445,43.845,99.4,97.524,1.876,99.8,98.208,1.592,100.2,98.52,1.68,100.6,99.096,1.504,100,98.795,1.205,100.4,98.807,1.593,100.8,99.528,1.272,101.2,99.471,1.729,100,98.744,101,99.307,31.652,14250390,71.126,-0.421,-0.166,0.279,-0.282,0.204,-0.19
2026-07-05T20:10:00.000Z,50,48.732,48.027,42,41.331,43.482,99.4,97.802,1.598,99.8,98.592,1.208,100.2,98.838,1.362,100.6,99.245,1.355,100,98.14,1.86,100.4,98.79,1.61,100.8,99.585,1.215,101.2,99.511,1.689,100,98.813,101,99.813,31.834,14260620,70.923,-0.363,-0.147,0.28,-0.26,0.195,-0.182
2026-07-05T20:15:00.000Z,50,48.5,47.173,42,41.455,43.98,99.4,97.601,1.799,99.8,98.105,1.695,100.2,98.676,1.524,100.6,99.023,1.577,100,98.341,1.659,100.4,98.368,2.032,100.8,98.94,1.86,101.2,99.912,1.288,100,98.621,101,99.755,31.978,14270850,71.533,-0.361,-0.123,0.28,-0.243,0.187,-0.173
2026-07-05T20:20:00.000Z,50,49.155,47.295,42,41.409,43.258,99.4,98.16,1.24,99.8,97.944,1.856,100.2,98.471,1.729,100.6,99.111,1.489,100,97.946,2.054,100.4,98.303,2.097,100.8,98.966,1.834,101.2,99.835,1.365,100,98.592,101,99.616,31.675,14281080,70.37,-0.425,-0.13,0.28,-0.279,0.178,-0.164
2026-07-05T20:25:00.000Z,50,48.634,46.856,42,41.377,43.426,99.4,97.803,1.597,99.8,97.891,1.909,100.2,98.165,2.035,100.6,98.753,1.847,100,97.969,2.031,100.4,98.414,1.986,100.8,99.499,1.301,101.2,99.144,2.056,100,98.455,101,99.355,31.799,14291310,70.431,-0.461,-0.091,0.279,-0.264,0.169,-0.155
2026-07-05T20:30:00.000Z,50,48.833,46.948,42,41.105,43.616,99.4,97.853,1.547,99.8,98.068,1.732,100.2,98.793,1.407,100.6,99.005,1.595,100,98.731,1.269,100.4,98.466,1.934,100.8,98.923,1.877,101.2,99.227,1.973,100,98.633,101,99.74,31.823,14301540,69.774,-0.443,-0.044,0.278,-0.261,0.16,-0.145
2026-07-05T20:35:00.000Z,50,48.66,46.784,42,41.235,43.018,99.4,98.132,1.268,99.8,98.05,1.75,100.2,98.766,1.434,100.6,98.643,1.957,100,98.29,1.71,100.4,98.398,2.002,100.8,98.697,2.103,101.2,99.441,1.759,100,98.552,101,99.378,31.953,14311770,70.605,-0.345,-0.089,0.276,-0.246,0.151,-0.136
2026-07-05T20:40:00.000Z,50,48.91,45.906,42,41.605,42.597,99.4,97.478,1.922,99.8,98.333,1.467,100.2,98.027,2.173,100.6,99.118,1.482,100,98.52,1.48,100.4,98.234,2.166,100.8,98.859,1.941,101.2,99.466,1.734,100,98.504,101,99.733,31.815,14322000,70.108,-0.344,0.072,0.274,-0.262,0.141,-0.126
2026-07-05T20:45:00.000Z,50,49.045,46.187,42,41.472,43.243,99.4,97.497,1.903,99.8,98.017,1.783,100.2,98.66,1.54,100.6,98.699,1.901,100,98.314,1.686,100.4,98.8,1.6,100.8,98.957,1.843,101.2,99.235,1.965,100,98.522,101,99.645,31.914,14332230,70.147,-0.327,0.043,0.271,-0.25,0.132,-0.116
2026-07-05T20:50:00.000Z,50,49.246,46.076,42,41.597,42.815,99.4,97.355,2.045,99.8,98.103,1.697,100.2,98.896,1.304,100.6,98.5,2.1,100,98.497,1.503,100.4,98.421,1.979,100.8,98.838,1.962,101.2,99.435,1.765,100,98.506,101,99.869,31.765,14342460,69.699,-0.264,0.05,0.268,-0.268,0.122,-0.106
2026-07-05T20:55:00.000Z,50,49.312,46.402,42,41.327,42.841,99.4,97.286,2.114,99.8,97.682,2.118,100.2,98.725,1.475,100.6,98.884,1.716,100,98.523,1.477,100.4,98.994,1.406,100.8,98.943,1.857,101.2,99.761,1.439,100,98.6,101,99.581,31.651,14352690,68.964,-0.317,0.069,0.264,-0.282,0.112,-0.096
2026-07-05T21:00:00.000Z,50,48.944,45.808,42,41.336,42.795,99.4,97.363,2.037,99.8,98.247,1.553,100.2,98.723,1.477,100.6,99.19,1.41,100,98.154,1.846,100.4,98.928,1.472,100.8,99.131,1.669,101.2,99.191,2.009,100,98.616,101,99.899,31.888,14362920,69.246,-0.246,0.139,0.26,-0.253,0.102,-0.086
2026-07-05T21:05:00.000Z,50,49.19,45.611,42,41.225,42.839,99.4,97.338,2.062,99.8,98.251,1.549,100.2,98.043,2.157,100.6,98.683,1.917,100,98.098,1.902,100.4,98.638,1.762,100.8,99.257,1.543,101.2,99.487,1.713,100,98.474,101,99.525,31.702,14373150,68.727,-0.277,0.075,0.255,-0.276,0.092,-0.076
2026-07-05T21:10:00.000Z,50,49.329,45.666,42,41.494,42.624,99.4,98.018,1.382,99.8,97.928,1.872,100.2,98.43,1.77,100.6,98.424,2.176,100,97.884,2.116,100.4,98.423,1.977,100.8,98.982,1.818,101.2,99.393,1.807,100,98.435,101,100.011,31.607,14383380,68.749,-0.24,0.128,0.25,-0.287,0.081,-0.065
2026-07-05T21:15:00.000Z,50,48.884,45.182,42,41.184,42.222,99.4,97.646,1.754,99.8,97.87,1.93,100.2,98.391,1.809,100.6,98.745,1.855,100,98.459,1.541,100.4,98.69,1.71,100.8,99.403,1.397,101.2,99.319,1.881,100,98.565,101,99.592,31.8,14393610,68.391,-0.139,0.214,0.245,-0.264,0.071,-0.055
2026-07-05T21:20:00.000Z,50,49.181,45.421,42,41.383,41.967,99.4,97.991,1.409,99.8,97.619,2.181,100.2,98.041,2.159,100.6,98.526,2.074,100,97.901,2.099,100.4,98.439,1.961,100.8,99.48,1.32,101.2,99.126,2.074,100,98.39,101,99.845,31.673,14403840,68.478,-0.158,0.23,0.239,-0.279,0.061,-0.044
2026-07-05T21:25:00.000Z,50,49.085,45.273,42,41.15,41.811,99.4,97.828,1.572,99.8,98.031,1.769,100.2,98.85,1.35,100.6,99.281,1.319,100,98.446,1.554,100.4,98.537,1.863,100.8,99.129,1.671,101.2,99.411,1.789,100,98.689,101,99.83,31.961,14414070,69.053,-0.198,0.167,0.233,-0.245,0.05,-0.034
2026-07-05T21:30:00.000Z,50,49.017,45.794,42,41.602,42.364,99.4,97.707,1.693,99.8,97.697,2.103,100.2,98.477,1.723,100.6,99.289,1.311,100,98.354,1.646,100.4,98.971,1.429,100.8,99.265,1.535,101.2,99.033,2.167,100,98.599,101,99.883,31.569,14424300,68.297,-0.181,0.206,0.226,-0.292,0.04,-0.023
2026-07-05T21:35:00.000Z,50,48.915,45.183,42,41.512,41.518,99.4,97.897,1.503,99.8,98.124,1.676,100.2,98.497,1.703,100.6,98.925,1.675,100,98.27,1.73,100.4,98.8,1.6,100.8,99.413,1.387,101.2,99.436,1.764,100,98.67,101,100.075,31.927,14434530,68.794,-0.152,0.257,0.219,-0.249,0.029,-0.012
2026-07-05T21:40:00.000Z,50,49.192,44.828,42,41.416,41.505,99.4,98.027,1.373,99.8,98.214,1.586,100.2,98.861,1.339,100.6,98.859,1.741,100,97.883,2.117,100.4,98.891,1.509,100.8,99.504,1.296,101.2,99.079,2.121,100,98.665,101,99.783,31.68,14444760,67.873,-0.042,0.239,0.212,-0.278,0.018,-0.002
2026-07-05T21:45:00.000Z,50,49.288,45.019,42,41.618,41.664,99.4,97.812,1.588,99.8,97.703,2.097,100.2,98.211,1.989,100.6,98.619,1.981,100,98.478,1.522,100.4,98.562,1.838,100.8,99.243,1.557,101.2,99.588,1.612,100,98.527,101,100.02,32.044,14454990,67.54,0.054,0.351,0.204,-0.235,0.008,0.009
2026-07-05T21:50:00.000Z,50,48.899,44.945,42,41.577,42.065,99.4,97.679,1.721,99.8,98.24,1.56,100.2,98.317,1.883,100.6,98.562,2.038,100,98.649,1.351,100.4,98.749,1.651,100.8,99.196,1.604,101.2,99.551,1.649,100,98.618,101,99.891,31.726,14465220,68.595,0.044,0.318,0.196,-0.273,-0.003,0.02
2026-07-05T21:55:00.000Z,50,48.928,44.521,42,41.477,41.416,99.4,98.009,1.391,99.8,98.166,1.634,100.2,98.87,1.33,100.6,98.897,1.703,100,98.636,1.364,100.4,99.134,1.266,100.8,99.181,1.619,101.2,99.927,1.273,100,98.853,101,100.175,31.842,14475450,68.003,-0.014,0.371,0.187,-0.259,-0.014,0.03
2026-07-05T22:00:00.000Z,50,49.322,44.857,42,41.515,42.253,99.4,97.778,1.622,99.8,98.613,1.187,100.2,98.666,1.534,100.6,99.001,1.599,100,98.719,1.281,100.4,98.985,1.415,100.8,99.448,1.352,101.2,99.367,1.833,100,98.822,101,99.82,31.928,14485680,68.255,0.132,0.304,0.178,-0.249,-0.024,0.041
2026-07-05T22:05:00.000Z,50,49.378,45.478,42,41.552,42.069,99.4,98.073,1.327,99.8,98.223,1.577,100.2,98.651,1.549,100.6,98.704,1.896,100,98.6,1.4,100.4,98.744,1.656,100.8,99.655,1.145,101.2,100.047,1.153,100,98.837,101,99.826,31.827,14495910,68.139,0.114,0.337,0.169,-0.261,-0.035,0.052
2026-07-05T22:10:00.000Z,50,49.022,45.291,42,41.818,41.64,99.4,97.441,1.959,99.8,98.418,1.382,100.2,99.031,1.169,100.6,99.111,1.489,100,98.684,1.316,100.4,99.118,1.282,100.8,99.51,1.29,101.2,99.634,1.566,100,98.868,101,100.406,31.856,14506140,68.449,0.15,0.355,0.16,-0.257,-0.046,0.062
2026-07-05T22:15:00.000Z,50,49.26,45.524,42,41.447,42.244,99.4,98.357,1.043,99.8,98.215,1.585,100.2,98.432,1.768,100.6,99.386,1.214,100,98.963,1.037,100.4,98.956,1.444,100.8,99.157,1.643,101.2,99.594,1.606,100,98.883,101,100.322,32.222,14516370,68.438,0.125,0.449,0.15,-0.213,-0.056,0.073
2026-07-05T22:20:00.000Z,50,49.146,45.631,42,41.516,42.222,99.4,98.034,1.366,99.8,98.019,1.781,100.2,98.535,1.665,100.6,99.021,1.579,100,98.659,1.341,100.4,99.123,1.277,100.8,99.14,1.66,101.2,100.178,1.022,100,98.839,101,100.187,32.39,14526600,67.514,0.193,0.359,0.14,-0.193,-0.067,0.083
2026-07-05T22:25:00.000Z,50,49.259,45.157,42,41.585,41.981,99.4,97.619,1.781,99.8,98.669,1.131,100.2,99.091,1.109,100.6,99.467,1.133,100,98.879,1.121,100.4,99.03,1.37,100.8,99.264,1.536,101.2,100.212,0.988,100,99.029,101,100.116,32.277,14536830,68.339,0.27,0.342,0.13,-0.207,-0.077,0.093
2026-07-05T22:30:00.000Z,50,49.145,45.113,42,41.836,42.153,99.4,97.624,1.776,99.8,98.076,1.724,100.2,99,1.2,100.6,99.538,1.062,100,98.437,1.563,100.4,98.795,1.605,100.8,99.687,1.113,101.2,99.993,1.207,100,98.894,101,100.315,32.506,14547060,68.845,0.233,0.471,0.119,-0.179,-0.087,0.103
2026-07-05T22:35:00.000Z,50,49.809,44.798,42,41.892,41.855,99.4,98.26,1.14,99.8,98.27,1.53,100.2,98.802,1.398,100.6,99.103,1.497,100,98.545,1.455,100.4,99.286,1.114,100.8,99.849,0.951,101.2,99.591,1.609,100,98.963,101,100.369,32.446,14557290,68.164,0.313,0.427,0.109,-0.187,-0.097,0.113
2026-07-05T22:40:00.000Z,50,49.652,45.283,42,41.647,42.074,99.4,98.607,0.793,99.8,98.33,1.47,100.2,98.649,1.551,100.6,99.163,1.437,100,99.195,0.805,100.4,99.486,0.914,100.8,99.733,1.067,101.2,100.176,1.024,100,99.167,101,100.178,32.508,14567520,68.847,0.298,0.464,0.098,-0.179,-0.108,0.123
2026-07-05T22:45:00.000Z,50,49.202,45.72,42,41.956,42.525,99.4,98.588,0.812,99.8,98.259,1.541,100.2,99.343,0.857,100.6,99.791,0.809,100,99.007,0.993,100.4,99.179,1.221,100.8,100.042,0.758,101.2,100.409,0.791,100,99.327,101,100.039,32.338,14577750,68.372,0.253,0.362,0.087,-0.199,-0.118,0.133
2026-07-05T22:50:00.000Z,50,49.28,45.342,42,41.81,42.378,99.4,98.245,1.155,99.8,99.062,0.738,100.2,99.302,0.898,100.6,99.465,1.135,100,99.108,0.892,100.4,99.565,0.835,100.8,100.045,0.755,101.2,100.394,0.806,100,99.398,101,100.119,32.434,14587980,69.514,0.289,0.444,0.076,-0.188,-0.127,0.143
2026-07-05T22:55:00.000Z,50,49.313,45.841,42,41.572,42.821,99.4,98.056,1.344,99.8,98.692,1.108,100.2,98.889,1.311,100.6,99.299,1.301,100,99.02,0.98,100.4,99.179,1.221,100.8,99.736,1.064,101.2,100.191,1.009,100,99.133,101,100.676,32.578,14598210,69.379,0.415,0.425,0.064,-0.171,-0.137,0.152
2026-07-05T23:00:00.000Z,50,49.854,46.274,42,41.975,42.122,99.4,98.411,0.989,99.8,99.059,0.741,100.2,99.184,1.016,100.6,99.96,0.64,100,98.781,1.219,100.4,99.167,1.233,100.8,100.272,0.528,101.2,100.094,1.106,100,99.366,101,100.301,32.906,14608440,69.367,0.419,0.351,0.053,-0.131,-0.147,0.161
2026-07-05T23:05:00.000Z,50,49.695,46.59,42,41.508,42.329,99.4,98.401,0.999,99.8,99.008,0.792,100.2,99.217,0.983,100.6,99.761,0.839,100,99.232,0.768,100.4,99.619,0.781,100.8,100.272,0.528,101.2,100.69,0.51,100,99.525,101,100.183,32.656,14618670,69.232,0.305,0.432,0.041,-0.161,-0.156,0.17
2026-07-05T23:10:00.000Z,50,49.511,45.667,42,41.636,42.328,99.4,98.741,0.659,99.8,99.228,0.572,100.2,99.215,0.985,100.6,99.665,0.935,100,99.393,0.607,100.4,99.521,0.879,100.8,99.63,1.17,101.2,100.299,0.901,100,99.461,101,100.683,32.908,14628900,69.038,0.418,0.442,0.03,-0.131,-0.165,0.179
2026-07-05T23:15:00.000Z,50,49.512,46.038,42,41.697,42.376,99.4,98.702,0.698,99.8,99.216,0.584,100.2,99.401,0.799,100.6,100.055,0.545,100,99.295,0.705,100.4,99.31,1.09,100.8,100.054,0.746,101.2,100.71,0.49,100,99.593,101,100.487,33.058,14639130,70.133,0.357,0.335,0.018,-0.113,-0.174,0.188
2026-07-05T23:20:00.000Z,50,49.633,46.546,42,41.928,42.72,99.4,98.358,1.042,99.8,99.328,0.472,100.2,99.419,0.781,100.6,99.998,0.602,100,99.54,0.46,100.4,99.441,0.959,100.8,99.706,1.094,101.2,100.834,0.366,100,99.578,101,100.823,32.962,14649360,69.989,0.39,0.334,0.007,-0.125,-0.183,0.196
2026-07-05T23:25:00.000Z,50,50.004,47.173,42,41.911,43.092,99.4,99.244,0.156,99.8,98.933,0.867,100.2,99.416,0.784,100.6,100.306,0.294,100,99.597,0.403,100.4,100.084,0.316,100.8,99.84,0.96,101.2,100.634,0.566,100,99.757,101,100.595,33.343,14659590,70.168,0.478,0.373,-0.005,-0.079,-0.192,0.204
2026-07-05T23:30:00.000Z,50,49.617,46.345,42,41.867,43.459,99.4,98.697,0.703,99.8,99.576,0.224,100.2,99.816,0.384,100.6,100.109,0.491,100,99.925,0.075,100.4,100.054,0.346,100.8,100.746,0.054,101.2,101.134,0.066,100,100.007,101,100.753,33.575,14669820,69.977,0.427,0.314,-0.017,-0.051,-0.2,0.212
2026-07-05T23:35:00.000Z,50,49.517,47.498,42,41.763,42.876,99.4,99.056,0.344,99.8,99.628,0.172,100.2,100.138,0.062,100.6,100.394,0.206,100,99.361,0.639,100.4,99.604,0.796,100.8,100.764,0.036,101.2,100.974,0.226,100,99.99,101,100.402,33.264,14680050,70.778,0.443,0.405,-0.028,-0.088,-0.208,0.22
2026-07-05T23:40:00.000Z,50,49.56,47.085,42,41.634,43.875,99.4,99.126,0.274,99.8,99.036,0.764,100.2,99.531,0.669,100.6,100.048,0.552,100,99.784,0.216,100.4,99.742,0.658,100.8,100.286,0.514,101.2,100.723,0.477,100,99.784,101,100.449,33.629,14690280,71.073,0.398,0.38,-0.04,-0.044,-0.216,0.227
2026-07-05T23:45:00.000Z,50,49.664,47.432,42,41.684,43.634,99.4,99.42,-0.02,99.8,99.318,0.482,100.2,99.741,0.459,100.6,100.482,0.118,100,100.038,-0.038,100.4,100.241,0.159,100.8,100.538,0.262,101.2,101.386,-0.186,100,100.146,101,100.695,33.746,14700510,71.655,0.447,0.351,-0.051,-0.031,-0.224,0.234
2026-07-05T23:50:00.000Z,50,50.102,47.901,42,41.818,43.597,99.4,99.295,0.105,99.8,99.741,0.059,100.2,100.383,-0.183,100.6,100.167,0.433,100,99.594,0.406,100.4,99.923,0.477,100.8,100.32,0.48,101.2,100.786,0.414,100,100.026,101,100.703,33.898,14710740,71.733,0.526,0.245,-0.063,-0.012,-0.232,0.241
2026-07-05T23:55:00.000Z,50,50.301,48.166,42,41.764,43.838,99.4,99.629,-0.229,99.8,99.535,0.265,100.2,99.998,0.202,100.6,100.76,-0.16,100,100.13,-0.13,100.4,100.468,-0.068,100.8,101.072,-0.272,101.2,101.048,0.152,100,100.33,101,100.821,34.097,14720970,71.313,0.372,0.277,-0.074,0.012,-0.239,0.248
2026-07-06T00:00:00.000Z,50,50.036,48.54,42,42.034,43.925,99.4,99.586,-0.186,99.8,99.395,0.405,100.2,100.597,-0.397,100.6,100.47,0.13,100,100.107,-0.107,100.4,100.384,0.016,100.8,100.859,-0.059,101.2,101.642,-0.442,100,100.38,101,100.637,33.824,14731200,72.275,0.514,0.192,-0.085,-0.021,-0.246,0.254
2026-07-06T00:05:00.000Z,50,50.1,48.41,42,42.06,44.368,99.4,99.546,-0.146,99.8,99.493,0.307,100.2,99.986,0.214,100.6,100.277,0.323,100,100.517,-0.517,100.4,100.098,0.302,100.8,100.871,-0.071,101.2,101.448,-0.248,100,100.279,101,101.042,34.05,14741430,71.727,0.439,0.247,-0.096,0.006,-0.253,0.26
2026-07-06T00:10:00.000Z,50,50.119,48.587,42,42.191,43.893,99.4,99.188,0.212,99.8,99.524,0.276,100.2,100.195,0.005,100.6,100.915,-0.315,100,100.441,-0.441,100.4,100.289,0.111,100.8,101.374,-0.574,101.2,101.565,-0.365,100,100.436,101,100.881,34.11,14751660,72.712,0.4,0.238,-0.107,0.013,-0.259,0.266
2026-07-06T00:15:00.000Z,50,50.216,48.555,42,42.282,44.321,99.4,99.861,-0.461,99.8,100.05,-0.25,100.2,100.577,-0.377,100.6,101.069,-0.469,100,99.855,0.145,100.4,100.688,-0.288,100.8,100.797,0.003,101.2,101.718,-0.518,100,100.577,101,101.004,34.215,14761890,72.49,0.457,0.161,-0.118,0.026,-0.265,0.271
2026-07-06T00:20:00.000Z,50,50.22,48.539,42,42.35,44.612,99.4,99.498,-0.098,99.8,100.143,-0.343,100.2,100.098,0.102,100.6,100.984,-0.384,100,100.519,-0.519,100.4,100.952,-0.552,100.8,101.411,-0.611,101.2,101.274,-0.074,100,100.61,101,100.635,34.502,14772120,72.619,0.399,0.203,-0.128,0.06,-0.271,0.276
2026-07-06T00:25:00.000Z,50,49.885,49.063,42,42.114,44.345,99.4,100.252,-0.852,99.8,100.554,-0.754,100.2,100.846,-0.646,100.6,101.272,-0.672,100,100.254,-0.254,100.4,100.669,-0.269,100.8,100.998,-0.198,101.2,101.992,-0.792,100,100.855,101,100.809,34.706,14782350,72.766,0.365,0.134,-0.139,0.085,-0.276,0.281
2026-07-06T00:30:00.000Z,50,50.065,49.268,42,41.934,44.436,99.4,99.942,-0.542,99.8,100.564,-0.764,100.2,100.33,-0.13,100.6,101.318,-0.718,100,100.353,-0.353,100.4,100.566,-0.166,100.8,101.271,-0.471,101.2,101.387,-0.187,100,100.716,101,100.779,34.594,14792580,73.839,0.342,0.098,-0.149,0.071,-0.282,0.285
2026-07-06T00:35:00.000Z,50,50.174,49.159,42,42.371,44.686,99.4,99.931,-0.531,99.8,100.441,-0.641,100.2,100.766,-0.566,100.6,101.41,-0.81,100,100.474,-0.474,100.4,100.857,-0.457,100.8,101.022,-0.222,101.2,102.077,-0.877,100,100.872,101,100.899,34.85,14802810,73.507,0.339,0.071,-0.158,0.102,-0.287,0.289
2026-07-06T00:40:00.000Z,50,50.226,49.384,42,42.1,44.773,99.4,100.374,-0.974,99.8,100.733,-0.933,100.2,100.913,-0.713,100.6,101.225,-0.625,100,101.099,-1.099,100.4,101.013,-0.613,100.8,101.483,-0.683,101.2,101.894,-0.694,100,101.092,101,100.805,34.923,14813040,73.532,0.386,0.053,-0.168,0.111,-0.291,0.293
2026-07-06T00:45:00.000Z,50,49.991,49.816,42,41.925,45.163,99.4,99.885,-0.485,99.8,100.403,-0.603,100.2,101.211,-1.011,100.6,101.277,-0.677,100,100.857,-0.857,100.4,101.532,-1.132,100.8,101.661,-0.861,101.2,101.762,-0.562,100,101.074,101,101.118,34.751,14823270,73.9,0.246,0.075,-0.177,0.09,-0.295,0.296
2026-07-06T00:50:00.000Z,50,50.384,49.525,42,42.043,45.064,99.4,100.218,-0.818,99.8,100.204,-0.404,100.2,100.971,-0.771,100.6,101.133,-0.533,100,100.726,-0.726,100.4,101.518,-1.118,100.8,101.849,-1.049,101.2,101.595,-0.395,100,101.027,101,101.367,35.204,14833500,74.124,0.266,0.047,-0.186,0.145,-0.299,0.299
2026-07-06T00:55:00.000Z,50,50.194,50.138,42,42.416,45.049,99.4,100.003,-0.603,99.8,100.64,-0.84,100.2,101.256,-1.056,100.6,101.72,-1.12,100,100.753,-0.753,100.4,101.694,-1.294,100.8,102.001,-1.201,101.2,102.331,-1.131,100,101.3,101,101.399,34.865,14843730,75.163,0.314,-0.016,-0.195,0.104,-0.303,0.302
2026-07-06T01:00:00.000Z,50,50.046,49.848,42,42.015,45.345,99.4,99.979,-0.579,99.8,100.802,-1.002,100.2,101.426,-1.226,100.6,101.978,-1.378,100,100.549,-0.549,100.4,101.725,-1.325,100.8,102.143,-1.343,101.2,102.54,-1.34,100,101.393,101,101.322,35.191,14853960,74.589,0.211,-0.087,-0.203,0.143,-0.306,0.304
2026-07-06T01:05:00.000Z,50,50.087,50.161,42,42.358,45.504,99.4,100.841,-1.441,99.8,100.932,-1.132,100.2,100.874,-0.674,100.6,101.366,-0.766,100,101.109,-1.109,100.4,101.864,-1.464,100.8,102.046,-1.246,101.2,102.06,-0.86,100,101.387,101,101.236,35.308,14864190,74.75,0.156,-0.062,-0.211,0.157,-0.309,0.306
2026-07-06T01:10:00.000Z,50,50.334,50.627,42,42.309,46.195,99.4,100.897,-1.497,99.8,101.063,-1.263,100.2,101.403,-1.203,100.6,101.589,-0.989,100,100.934,-0.934,100.4,101.935,-1.535,100.8,101.627,-0.827,101.2,102.499,-1.299,100,101.493,101,101.509,35.6,14874420,75.7,0.222,-0.117,-0.218,0.192,-0.312,0.307
2026-07-06T01:15:00.000Z,50,50.342,50.836,42,42.111,45.388,99.4,100.381,-0.981,99.8,100.951,-1.151,100.2,100.94,-0.74,100.6,101.723,-1.123,100,101.457,-1.457,100.4,101.729,-1.329,100.8,101.596,-0.796,101.2,102.424,-1.224,100,101.4,101,101.469,35.544,14884650,75.249,0.189,-0.097,-0.225,0.185,-0.314,0.309
2026-07-06T01:20:00.000Z,50,50.553,51.07,42,42.563,45.635,99.4,100.506,-1.106,99.8,101.113,-1.313,100.2,101.825,-1.625,100.6,101.605,-1.005,100,101.478,-1.478,100.4,101.251,-0.851,100.8,102.075,-1.275,101.2,102.575,-1.375,100,101.554,101,101.138,35.718,14894880,75.152,0.202,-0.185,-0.232,0.206,-0.316,0.309
2026-07-06T01:25:00.000Z,50,50.434,50.367,42,42.419,45.631,99.4,100.37,-0.97,99.8,101.035,-1.235,100.2,101.426,-1.226,100.6,101.726,-1.126,100,101.283,-1.283,100.4,102.105,-1.705,100.8,101.756,-0.956,101.2,102.715,-1.515,100,101.552,101,101.446,35.797,14905110,76.007,0.175,-0.167,-0.238,0.216,-0.317,0.31
2026-07-06T01:30:00.000Z,50,50.501,50.65,42,42.467,45.537,99.4,100.868,-1.468,99.8,101.583,-1.783,100.2,101.815,-1.615,100.6,101.568,-0.968,100,101.749,-1.749,100.4,101.988,-1.588,100.8,101.877,-1.077,101.2,102.31,-1.11,100,101.72,101,101.527,35.717,14915340,76.195,0.048,-0.195,-0.244,0.206,-0.319,0.31
2026-07-06T01:35:00.000Z,50,50.429,50.869,42,42.218,46.451,99.4,100.476,-1.076,99.8,100.936,-1.136,100.2,101.407,-1.207,100.6,102.409,-1.809,100,101.154,-1.154,100.4,101.397,-0.997,100.8,102.119,-1.319,101.2,102.28,-1.08,100,101.522,101,101.149,35.513,14925570,75.259,-0.011,-0.226,-0.25,0.182,-0.319,0.31
2026-07-06T01:40:00.000Z,50,50.334,51.463,42,42.456,45.714,99.4,101.207,-1.807,99.8,100.864,-1.064,100.2,101.399,-1.199,100.6,101.799,-1.199,100,101.001,-1.001,100.4,102.043,-1.643,100.8,102.61,-1.81,101.2,102.92,-1.72,100,101.73,101,101.607,35.948,14935800,76.518,0.081,-0.266,-0.255,0.234,-0.32,0.309
2026-07-06T01:45:00.000Z,50,50.412,51.063,42,42.644,45.864,99.4,101.002,-1.602,99.8,101.213,-1.413,100.2,101.757,-1.557,100.6,101.881,-1.281,100,101.839,-1.839,100.4,102.238,-1.838,100.8,102.713,-1.913,101.2,102.713,-1.513,100,101.919,101,101.17,35.616,14946030,76.148,0.047,-0.289,-0.259,0.194,-0.32,0.308
2026-07-06T01:50:00.000Z,50,50.982,50.404,42,42.532,46.108,99.4,100.565,-1.165,99.8,101.321,-1.521,100.2,101.501,-1.301,100.6,102.447,-1.847,100,101.645,-1.645,100.4,101.842,-1.442,100.8,102.257,-1.457,101.2,102.635,-1.435,100,101.777,101,101.658,35.886,14956260,75.889,0.021,-0.35,-0.264,0.226,-0.32,0.307
2026-07-06T01:55:00.000Z,50,50.641,50.913,42,42.709,45.954,99.4,101.331,-1.931,99.8,101.138,-1.338,100.2,101.55,-1.35,100.6,102.249,-1.649,100,101.257,-1.257,100.4,101.785,-1.385,100.8,102.527,-1.727,101.2,102.371,-1.171,100,101.776,101,101.46,35.726,14966490,75.517,0.005,-0.215,-0.267,0.207,-0.319,0.305
2026-07-06T02:00:00.000Z,50,50.453,51.331,42,42.314,46.103,99.4,100.92,-1.52,99.8,101.836,-2.036,100.2,102.145,-1.945,100.6,102.308,-1.708,100,101.613,-1.613,100.4,101.744,-1.344,100.8,102.676,-1.876,101.2,102.538,-1.338,100,101.973,101,101.424,36.009,14976720,75.666,-0.06,-0.237,-0.271,0.241,-0.318,0.303
2026-07-06T02:05:00.000Z,50,50.931,51.169,42,42.305,46.623,99.4,101.292,-1.892,99.8,101.332,-1.532,100.2,101.661,-1.461,100.6,102.384,-1.784,100,101.594,-1.594,100.4,102.471,-2.071,100.8,102.15,-1.35,101.2,102.514,-1.314,100,101.925,101,101.81,36.271,14986950,75.856,-0.051,-0.381,-0.273,0.273,-0.317,0.3
2026-07-06T02:10:00.000Z,50,50.616,51.056,42,42.406,46.116,99.4,101.121,-1.721,99.8,101.77,-1.97,100.2,101.557,-1.357,100.6,101.848,-1.248,100,101.408,-1.408,100.4,101.771,-1.371,100.8,102.32,-1.52,101.2,102.982,-1.782,100,101.847,101,101.622,36.069,14997180,75.35,-0.179,-0.303,-0.276,0.248,-0.315,0.297
2026-07-06T02:15:00.000Z,50,50.504,50.734,42,42.532,46.637,99.4,100.728,-1.328,99.8,101.32,-1.52,100.2,102.064,-1.864,100.6,102.706,-2.106,100,101.828,-1.828,100.4,102.324,-1.924,100.8,102.483,-1.683,101.2,102.812,-1.612,100,102.033,101,101.527,36.082,15007410,76.044,-0.144,-0.321,-0.277,0.25,-0.313,0.294
2026-07-06T02:20:00.000Z,50,50.865,50.864,42,42.228,46.579,99.4,101.401,-2.001,99.8,101.876,-2.076,100.2,101.563,-1.363,100.6,102.298,-1.698,100,101.431,-1.431,100.4,102.024,-1.624,100.8,102.251,-1.451,101.2,103.097,-1.897,100,101.993,101,101.931,36.31,15017640,76.044,-0.257,-0.364,-0.279,0.277,-0.311,0.291
2026-07-06T02:25:00.000Z,50,50.994,50.567,42,42.661,45.839,99.4,101.363,-1.963,99.8,101.966,-2.166,100.2,101.833,-1.633,100.6,102.236,-1.636,100,101.847,-1.847,100.4,102.371,-1.971,100.8,102.961,-2.161,101.2,102.651,-1.451,100,102.154,101,101.798,36.243,15027870,76.198,-0.176,-0.39,-0.28,0.269,-0.308,0.287
2026-07-06T02:30:00.000Z,50,50.766,50.744,42,42.332,46.378,99.4,101.111,-1.711,99.8,101.226,-1.426,100.2,102.188,-1.988,100.6,102.537,-1.937,100,101.788,-1.788,100.4,102.485,-2.085,100.8,102.387,-1.587,101.2,102.581,-1.381,100,102.038,101,101.791,36.039,15038100,75.349,-0.267,-0.413,-0.28,0.245,-0.305,0.283
2026-07-06T02:35:00.000Z,50,51.056,50.73,42,42.361,45.601,99.4,101.251,-1.851,99.8,101.973,-2.173,100.2,101.843,-1.643,100.6,102.395,-1.795,100,102.089,-2.089,100.4,101.715,-1.315,100.8,102.79,-1.99,101.2,102.945,-1.745,100,102.125,101,101.89,36.235,15048330,75.78,-0.338,-0.435,-0.28,0.268,-0.302,0.278
2026-07-06T02:40:00.000Z,50,50.644,50.321,42,42.368,46.05,99.4,101.102,-1.702,99.8,101.877,-2.077,100.2,101.658,-1.458,100.6,102.688,-2.088,100,101.882,-1.882,100.4,101.968,-1.568,100.8,102.748,-1.948,101.2,102.971,-1.771,100,102.112,101,101.852,36.22,15058560,75.862,-0.272,-0.33,-0.279,0.266,-0.298,0.273
2026-07-06T02:45:00.000Z,50,50.792,50.068,42,42.354,45.708,99.4,101.345,-1.945,99.8,101.937,-2.137,100.2,102.069,-1.869,100.6,102.336,-1.736,100,101.354,-1.354,100.4,101.889,-1.489,100.8,102.825,-2.025,101.2,102.805,-1.605,100,102.07,101,101.854,36.051,15068790,74.665,-0.366,-0.442,-0.278,0.246,-0.294,0.268
2026-07-06T02:50:00.000Z,50,50.841,50.639,42,42.62,45.683,99.4,101.253,-1.853,99.8,101.52,-1.72,100.2,101.8,-1.6,100.6,102.633,-2.033,100,101.558,-1.558,100.4,102.38,-1.98,100.8,102.671,-1.871,101.2,103.34,-2.14,100,102.144,101,101.526,36.367,15079020,74.719,-0.38,-0.423,-0.277,0.284,-0.29,0.262
2026-07-06T02:55:00.000Z,50,50.802,50.826,42,42.688,45.786,99.4,101.554,-2.154,99.8,101.48,-1.68,100.2,101.586,-1.386,100.6,102.112,-1.512,100,101.872,-1.872,100.4,102.526,-2.126,100.8,102.324,-1.524,101.2,103.21,-2.01,100,102.083,101,102.025,36.122,15089250,74.752,-0.44,-0.475,-0.275,0.255,-0.285,0.256
2026-07-06T03:00:00.000Z,50,51.198,50.396,42,42.487,45.098,99.4,101.553,-2.153,99.8,101.202,-1.402,100.2,101.74,-1.54,100.6,102.539,-1.939,100,102.026,-2.026,100.4,102.105,-1.705,100.8,102.304,-1.504,101.2,103.068,-1.868,100,102.067,101,101.71,36.39,15099480,75.329,-0.384,-0.401,-0.272,0.287,-0.28,0.25
2026-07-06T03:05:00.000Z,50,50.823,50.385,42,42.841,45.051,99.4,100.875,-1.475,99.8,101.936,-2.136,100.2,102.168,-1.968,100.6,102.079,-1.479,100,101.558,-1.558,100.4,102.485,-2.085,100.8,102.247,-1.447,101.2,102.667,-1.467,100,102.002,101,101.963,36.177,15109710,74.373,-0.337,-0.343,-0.269,0.261,-0.275,0.244
2026-07-06T03:10:00.000Z,50,50.91,49.473,42,42.458,45.832,99.4,100.76,-1.36,99.8,101.251,-1.451,100.2,101.506,-1.306,100.6,102.597,-1.997,100,101.898,-1.898,100.4,102.483,-2.083,100.8,102.628,-1.828,101.2,102.51,-1.31,100,101.954,101,102.096,36.186,15119940,74.53,-0.477,-0.408,-0.266,0.262,-0.269,0.237
2026-07-06T03:15:00.000Z,50,51.304,49.098,42,42.801,45.603,99.4,100.716,-1.316,99.8,101.873,-2.073,100.2,101.99,-1.79,100.6,102.241,-1.641,100,101.615,-1.615,100.4,101.767,-1.367,100.8,102.763,-1.963,101.2,102.528,-1.328,100,101.937,101,101.737,36.076,15130170,74.861,-0.392,-0.401,-0.262,0.249,-0.263,0.23
2026-07-06T03:20:00.000Z,50,51.181,49.782,42,42.438,45.435,99.4,101.187,-1.787,99.8,101.766,-1.966,100.2,102.024,-1.824,100.6,102.759,-2.159,100,101.81,-1.81,100.4,101.997,-1.597,100.8,102.537,-1.737,101.2,102.845,-1.645,100,102.116,101,101.95,36.475,15140400,73.648,-0.485,-0.456,-0.257,0.297,-0.257,0.223
2026-07-06T03:25:00.000Z,50,51.418,49.789,42,42.826,45.32,99.4,100.834,-1.434,99.8,101.451,-1.651,100.2,101.929,-1.729,100.6,102.558,-1.958,100,101.89,-1.89,100.4,102.545,-2.145,100.8,102.74,-1.94,101.2,102.922,-1.722,100,102.109,101,101.886,36.35,15150630,74.254,-0.447,-0.337,-0.252,0.282,-0.25,0.215
2026-07-06T03:30:00.000Z,50,51.336,48.612,42,42.425,44.393,99.4,101.249,-1.849,99.8,101.547,-1.747,100.2,101.521,-1.321,100.6,102.368,-1.768,100,101.299,-1.299,100.4,101.723,-1.323,100.8,102.374,-1.574,101.2,102.643,-1.443,100,101.841,101,102.219,36.074,15160860,73.465,-0.435,-0.464,-0.247,0.249,-0.244,0.207
2026-07-06T03:35:00.000Z,50,50.82,49.154,42,42.468,44.282,99.4,101.462,-2.062,99.8,101.045,-1.245,100.2,101.957,-1.757,100.6,102.514,-1.914,100,101.522,-1.522,100.4,102.517,-2.117,100.8,102.667,-1.867,101.2,102.641,-1.441,100,102.041,101,101.923,36.163,15171090,72.725,-0.391,-0.306,-0.241,0.26,-0.237,0.199
2026-07-06T03:40:00.000Z,50,51.219,48.218,42,42.561,44.948,99.4,100.686,-1.286,99.8,101.084,-1.284,100.2,101.826,-1.626,100.6,102.263,-1.663,100,102.042,-2.042,100.4,101.895,-1.495,100.8,102.331,-1.531,101.2,102.818,-1.618,100,101.868,101,102.034,36.249,15181320,73.718,-0.388,-0.303,-0.235,0.27,-0.229,0.191
2026-07-06T03:45:00.000Z,50,51.296,48.784,42,42.724,44.251,99.4,101.033,-1.633,99.8,101.094,-1.294,100.2,102.052,-1.852,100.6,101.85,-1.25,100,101.843,-1.843,100.4,102.362,-1.962,100.8,102.399,-1.599,101.2,102.661,-1.461,100,101.912,101,102.097,36.309,15191550,72.654,-0.375,-0.341,-0.229,0.277,-0.222,0.182
2026-07-06T03:50:00.000Z,50,50.969,48.108,42,42.521,43.866,99.4,101.405,-2.005,99.8,101.719,-1.919,100.2,102.066,-1.866,100.6,102.074,-1.474,100,101.745,-1.745,100.4,101.58,-1.18,100.8,102.58,-1.78,101.2,102.783,-1.583,100,101.994,101,102.162,35.964,15201780,72.932,-0.405,-0.322,-0.222,0.236,-0.214,0.174
2026-07-06T03:55:00.000Z,50,51.152,48.079,42,42.514,44.356,99.4,100.708,-1.308,99.8,101.171,-1.371,100.2,102.187,-1.987,100.6,102.574,-1.974,100,101.508,-1.508,100.4,101.988,-1.588,100.8,102.77,-1.97,101.2,102.353,-1.153,100,101.907,101,101.933,36.351,15212010,72.015,-0.454,-0.39,-0.215,0.282,-0.206,0.165
2026-07-06T04:00:00.000Z,50,51.475,48.319,42,43.027,43.756,99.4,100.598,-1.198,99.8,101.203,-1.403,100.2,101.368,-1.168,100.6,102.501,-1.901,100,101.323,-1.323,100.4,102.398,-1.998,100.8,102.483,-1.683,101.2,102.94,-1.74,100,101.852,101,102.245,36.009,15222240,71.794,-0.492,-0.267,-0.207,0.241,-0.198,0.156
2026-07-06T04:05:00.000Z,50,51.434,48.239,42,42.643,43.775,99.4,101.13,-1.73,99.8,101.632,-1.832,100.2,101.438,-1.238,100.6,102.414,-1.814,100,101.38,-1.38,100.4,101.614,-1.214,100.8,102.583,-1.783,101.2,102.896,-1.696,100,101.886,101,102.015,35.817,15232470,71.485,-0.506,-0.297,-0.199,0.218,-0.189,0.146
2026-07-06T04:10:00.000Z,50,50.905,47.731,42,43.065,43.376,99.4,100.724,-1.324,99.8,101.195,-1.395,100.2,101.561,-1.361,100.6,101.699,-1.099,100,101.227,-1.227,100.4,101.793,-1.393,100.8,102.655,-1.855,101.2,103.142,-1.942,100,101.75,101,102.347,35.805,15242700,72.088,-0.383,-0.336,-0.191,0.217,-0.18,0.137
2026-07-06T04:15:00.000Z,50,51.219,47.443,42,42.92,43.792,99.4,100.613,-1.213,99.8,101.332,-1.532,100.2,101.58,-1.38,100.6,102.306,-1.706,100,101.124,-1.124,100.4,102.184,-1.784,100.8,102.094,-1.294,101.2,103.12,-1.92,100,101.794,101,102.123,36.017,15252930,71.007,-0.37,-0.282,-0.182,0.242,-0.171,0.127
2026-07-06T04:20:00.000Z,50,51.579,47.085,42,42.604,43.572,99.4,100.888,-1.488,99.8,101.695,-1.895,100.2,101.773,-1.573,100.6,101.9,-1.3,100,101.379,-1.379,100.4,101.853,-1.453,100.8,102.699,-1.899,101.2,102.896,-1.696,100,101.885,101,102.033,35.954,15263160,71.235,-0.456,-0.201,-0.173,0.234,-0.162,0.117
2026-07-06T04:25:00.000Z,50,50.961,46.762,42,43.042,43.677,99.4,101.192,-1.792,99.8,101.074,-1.274,100.2,101.688,-1.488,100.6,101.877,-1.277,100,101.812,-1.812,100.4,101.902,-1.502,100.8,102.421,-1.621,101.2,103.005,-1.805,100,101.871,101,102,35.92,15273390,70.856,-0.35,-0.16,-0.163,0.23,-0.153,0.107
2026-07-06T04:30:00.000Z,50,51.281,46.441,42,43.005,43.114,99.4,100.856,-1.456,99.8,101.549,-1.749,100.2,102.032,-1.832,100.6,101.918,-1.318,100,101.226,-1.226,100.4,102.076,-1.676,100.8,102.355,-1.555,101.2,102.511,-1.311,100,101.815,101,102.06,35.937,15283620,71.012,-0.415,-0.144,-0.154,0.232,-0.144,0.097
2026-07-06T04:35:00.000Z,50,51.07,46.979,42,43.096,43.292,99.4,100.703,-1.303,99.8,100.912,-1.112,100.2,101.736,-1.536,100.6,101.866,-1.266,100,100.998,-0.998,100.4,101.974,-1.574,100.8,102.516,-1.716,101.2,102.686,-1.486,100,101.674,101,102.483,36.009,15293850,69.78,-0.41,-0.138,-0.144,0.241,-0.134,0.087
2026-07-06T04:40:00.000Z,50,51.402,46.875,42,42.818,42.791,99.4,100.293,-0.893,99.8,101.581,-1.781,100.2,101.465,-1.265,100.6,101.597,-0.997,100,101.506,-1.506,100.4,101.386,-0.986,100.8,102.408,-1.608,101.2,102.771,-1.571,100,101.626,101,102.077,35.654,15304080,70.108,-0.386,-0.198,-0.134,0.198,-0.124,0.077
2026-07-06T04:45:00.000Z,50,50.977,46.794,42,42.663,43.215,99.4,100.53,-1.13,99.8,101.038,-1.238,100.2,101.7,-1.5,100.6,101.813,-1.213,100,101.654,-1.654,100.4,101.949,-1.549,100.8,102.523,-1.723,101.2,102.9,-1.7,100,101.763,101,102.076,36.073,15314310,69.192,-0.354,-0.124,-0.124,0.249,-0.114,0.066
2026-07-06T04:50:00.000Z,50,51.521,45.728,42,42.731,42.311,99.4,100.937,-1.537,99.8,101.539,-1.739,100.2,101.902,-1.702,100.6,101.975,-1.375,100,100.849,-0.849,100.4,101.778,-1.378,100.8,102.012,-1.212,101.2,102.341,-1.141,100,101.667,101,102.521,35.854,15324540,69.601,-0.26,-0.067,-0.113,0.223,-0.104,0.056
2026-07-06T04:55:00.000Z,50,51.292,46.017,42,43.004,42.238,99.4,100.873,-1.473,99.8,100.686,-0.886,100.2,101.553,-1.353,100.6,102.035,-1.435,100,101.608,-1.608,100.4,102.039,-1.639,100.8,101.655,-0.855,101.2,102.624,-1.424,100,101.634,101,102.495,35.719,15334770,69.684,-0.247,0.005,-0.102,0.206,-0.094,0.045
2026-07-06T05:00:00.000Z,50,51.229,46.046,42,43.162,42.188,99.4,100.387,-0.987,99.8,100.851,-1.051,100.2,101.569,-1.369,100.6,102.068,-1.468,100,101.017,-1.017,100.4,101.789,-1.389,100.8,102.373,-1.573,101.2,102.806,-1.606,100,101.608,101,102.084,35.901,15345000,69.797,-0.159,0.014,-0.091,0.228,-0.084,0.035
2026-07-06T05:05:00.000Z,50,51.154,46.245,42,43.098,42.009,99.4,100.538,-1.138,99.8,101.273,-1.473,100.2,101.271,-1.071,100.6,101.783,-1.183,100,101.132,-1.132,100.4,101.856,-1.456,100.8,101.68,-0.88,101.2,102.721,-1.521,100,101.532,101,101.989,35.754,15355230,68.525,-0.252,-0.009,-0.08,0.21,-0.074,0.024
2026-07-06T05:10:00.000Z,50,51.57,45.446,42,43.014,42.577,99.4,100.322,-0.922,99.8,100.612,-0.812,100.2,101.396,-1.196,100.6,102.187,-1.587,100,101.433,-1.433,100.4,101.816,-1.416,100.8,101.976,-1.176,101.2,102.031,-0.831,100,101.472,101,102.266,35.772,15365460,68.581,-0.11,0.056,-0.069,0.213,-0.063,0.013
2026-07-06T05:15:00.000Z,50,51.543,45.664,42,42.998,42.637,99.4,101.015,-1.615,99.8,101.085,-1.285,100.2,101.727,-1.527,100.6,101.648,-1.048,100,101.405,-1.405,100.4,101.993,-1.593,100.8,102.011,-1.211,101.2,102.394,-1.194,100,101.66,101,102.257,35.527,15375690,69.184,-0.125,0.09,-0.058,0.183,-0.053,0.003
2026-07-06T05:20:00.000Z,50,51.682,45.913,42,42.766,41.986,99.4,100.3,-0.9,99.8,100.531,-0.731,100.2,101.409,-1.209,100.6,102.109,-1.509,100,101.546,-1.546,100.4,101.51,-1.11,100.8,102.006,-1.206,101.2,102.778,-1.578,100,101.524,101,102.574,35.641,15385920,67.991,-0.059,0.076,-0.046,0.197,-0.042,-0.008
2026-07-06T05:25:00.000Z,50,51.287,44.886,42,42.84,42.476,99.4,100.958,-1.558,99.8,101.289,-1.489,100.2,101.096,-0.896,100.6,102.096,-1.496,100,101.572,-1.572,100.4,101.306,-0.906,100.8,101.868,-1.068,101.2,102.184,-0.984,100,101.546,101,102.405,35.873,15396150,67.806,-0.087,0.153,-0.034,0.225,-0.032,-0.019
2026-07-06T05:30:00.000Z,50,51.598,45.091,42,43.039,41.513,99.4,100.296,-0.896,99.8,100.76,-0.96,100.2,101.637,-1.437,100.6,101.356,-0.756,100,100.958,-0.958,100.4,101.847,-1.447,100.8,101.643,-0.843,101.2,101.955,-0.755,100,101.307,101,102.383,35.492,15406380,68.423,-0.08,0.182,-0.023,0.179,-0.021,-0.029
2026-07-06T05:35:00.000Z,50,51.307,45.366,42,42.874,42.031,99.4,100.131,-0.731,99.8,100.774,-0.974,100.2,101.151,-0.951,100.6,101.655,-1.055,100,100.869,-0.869,100.4,101.592,-1.192,100.8,101.701,-0.901,101.2,102.281,-1.081,100,101.269,101,102.556,35.869,15416610,68.507,-0.008,0.158,-0.011,0.224,-0.01,-0.04
2026-07-06T05:40:00.000Z,50,51.592,44.597,42,42.83,41.895,99.4,100.846,-1.446,99.8,100.469,-0.669,100.2,101.207,-1.007,100.6,101.654,-1.054,100,101.286,-1.286,100.4,101.877,-1.477,100.8,101.824,-1.024,101.2,102.288,-1.088,100,101.431,101,102.457,35.691,15426840,67.522,0.032,0.241,0,0.203,0,-0.051
2026-07-06T05:45:00.000Z,50,51.289,44.922,42,43.06,42.203,99.4,100.956,-1.556,99.8,100.569,-0.769,100.2,100.965,-0.765,100.6,101.903,-1.303,100,101.559,-1.559,100.4,101.272,-0.872,100.8,102.247,-1.447,101.2,102.751,-1.551,100,101.528,101,102.005,35.86,15437070,67.911,0.001,0.124,0.012,0.223,0.011,-0.061
2026-07-06T05:50:00.000Z,50,51.491,44.614,42,42.768,41.449,99.4,100.262,-0.862,99.8,101.211,-1.411,100.2,101.047,-0.847,100.6,101.725,-1.125,100,100.663,-0.663,100.4,101.941,-1.541,100.8,101.895,-1.095,101.2,102.241,-1.041,100,101.373,101,102.381,35.54,15447300,68.556,-0.002,0.277,0.024,0.185,0.022,-0.071
2026-07-06T05:55:00.000Z,50,51.635,45.474,42,42.634,41.456,99.4,100.355,-0.955,99.8,100.833,-1.033,100.2,101.413,-1.213,100.6,102.061,-1.461,100,101.072,-1.072,100.4,101.333,-0.933,100.8,102.079,-1.279,101.2,102.391,-1.191,100,101.442,101,102.027,35.489,15457530,68.674,0.134,0.179,0.035,0.179,0.032,-0.082
2026-07-06T06:00:00.000Z,50,51.584,45.23,42,43.074,41.396,99.4,100.828,-1.428,99.8,100.548,-0.748,100.2,101.184,-0.984,100.6,101.623,-1.023,100,101.402,-1.402,100.4,101.407,-1.007,100.8,102.338,-1.538,101.2,102.211,-1.011,100,101.443,101,102.184,35.699,15467760,67.719,0.091,0.182,0.047,0.204,0.043,-0.092
2026-07-06T06:05:00.000Z,50,51.23,45.522,42,42.875,41.807,99.4,100.069,-0.669,99.8,101.34,-1.54,100.2,101.566,-1.366,100.6,102.01,-1.41,100,101.449,-1.449,100.4,101.295,-0.895,100.8,101.753,-0.953,101.2,101.921,-0.721,100,101.425,101,102.474,35.751,15477990,67.986,0.148,0.266,0.058,0.21,0.053,-0.102
2026-07-06T06:10:00.000Z,50,51.45,44.783,42,42.978,41.346,99.4,100.858,-1.458,99.8,101.016,-1.216,100.2,101.646,-1.446,100.6,101.401,-0.801,100,101.018,-1.018,100.4,101.888,-1.488,100.8,101.695,-0.895,101.2,101.908,-0.708,100,101.429,101,102.519,35.836,15488220,68.028,0.216,0.26,0.07,0.22,0.064,-0.112
2026-07-06T06:15:00.000Z,50,51.438,45.35,42,42.961,41.993,99.4,100.427,-1.027,99.8,101.109,-1.309,100.2,101.399,-1.199,100.6,101.916,-1.316,100,100.831,-0.831,100.4,101.728,-1.328,100.8,101.792,-0.992,101.2,102.378,-1.178,100,101.448,101,102.525,35.508,15498450,67.679,0.135,0.29,0.081,0.181,0.074,-0.122
2026-07-06T06:20:00.000Z,50,51.388,45.696,42,43.034,41.972,99.4,100.863,-1.463,99.8,100.951,-1.151,100.2,101.56,-1.36,100.6,101.414,-0.814,100,101.462,-1.462,100.4,101.596,-1.196,100.8,101.721,-0.921,101.2,102.06,-0.86,100,101.453,101,102.209,35.504,15508680,68.793,0.273,0.385,0.092,0.181,0.085,-0.132
2026-07-06T06:25:00.000Z,50,51.365,44.59,42,42.771,41.687,99.4,100.378,-0.978,99.8,100.976,-1.176,100.2,100.883,-0.683,100.6,101.968,-1.368,100,101.551,-1.551,100.4,101.311,-0.911,100.8,102.3,-1.5,101.2,102.544,-1.344,100,101.489,101,102.218,35.818,15518910,68.228,0.222,0.318,0.103,0.218,0.095,-0.142
2026-07-06T06:30:00.000Z,50,51.372,45.526,42,43.007,42.433,99.4,100.929,-1.529,99.8,101.174,-1.374,100.2,100.953,-0.753,100.6,101.665,-1.065,100,101.374,-1.374,100.4,101.347,-0.947,100.8,101.925,-1.125,101.2,102.074,-0.874,100,101.43,101,102.174,35.773,15529140,68.158,0.206,0.299,0.114,0.213,0.105,-0.151
2026-07-06T06:35:00.000Z,50,51.065,44.817,42,42.903,42.31,99.4,100.288,-0.888,99.8,101.198,-1.398,100.2,101.791,-1.591,100.6,102.12,-1.52,100,100.962,-0.962,100.4,101.675,-1.275,100.8,101.566,-0.766,101.2,102.168,-0.968,100,101.471,101,102.303,35.492,15539370,68.575,0.272,0.316,0.124,0.179,0.115,-0.16
2026-07-06T06:40:00.000Z,50,51.565,45.608,42,42.656,42.313,99.4,100.657,-1.257,99.8,101.233,-1.433,100.2,101.65,-1.45,100.6,102.111,-1.511,100,100.878,-0.878,100.4,101.829,-1.429,100.8,102.4,-1.6,101.2,102.766,-1.566,100,101.69,101,102.156,35.46,15549600,68.63,0.403,0.418,0.135,0.175,0.125,-0.169
2026-07-06T06:45:00.000Z,50,51.505,45.937,42,42.749,41.836,99.4,100.547,-1.147,99.8,100.623,-0.823,100.2,101.395,-1.195,100.6,101.712,-1.112,100,101.455,-1.455,100.4,101.577,-1.177,100.8,101.908,-1.108,101.2,102.637,-1.437,100,101.482,101,102.244,35.479,15559830,68.569,0.273,0.457,0.145,0.178,0.135,-0.178
2026-07-06T06:50:00.000Z,50,51.451,46.189,42,43.143,42.233,99.4,100.822,-1.422,99.8,101.169,-1.369,100.2,100.98,-0.78,100.6,102.231,-1.631,100,101.57,-1.57,100.4,101.711,-1.311,100.8,102.356,-1.556,101.2,102.375,-1.175,100,101.652,101,102.262,35.466,15570060,69.113,0.423,0.395,0.155,0.176,0.144,-0.187
2026-07-06T06:55:00.000Z,50,51.186,45.929,42,43.054,42.648,99.4,100.895,-1.495,99.8,101.247,-1.447,100.2,101.466,-1.266,100.6,101.585,-0.985,100,101.48,-1.48,100.4,101.189,-0.789,100.8,101.577,-0.777,101.2,102.402,-1.202,100,101.48,101,102.412,35.803,15580290,68.534,0.31,0.45,0.164,0.216,0.154,-0.195
2026-07-06T07:00:00.000Z,50,51.427,46.393,42,43.135,42.512,99.4,100.684,-1.284,99.8,101.384,-1.584,100.2,101.669,-1.469,100.6,101.762,-1.162,100,101.34,-1.34,100.4,101.521,-1.121,100.8,101.873,-1.073,101.2,102.216,-1.016,100,101.556,101,102.525,35.934,15590520,69.361,0.376,0.369,0.173,0.232,0.163,-0.203
2026-07-06T07:05:00.000Z,50,51.16,45.51,42,43.066,42.613,99.4,100.263,-0.863,99.8,101.282,-1.482,100.2,101.077,-0.877,100.6,102.269,-1.669,100,101.578,-1.578,100.4,101.41,-1.01,100.8,102.274,-1.474,101.2,102.648,-1.448,100,101.6,101,102.113,35.832,15600750,69.053,0.362,0.486,0.182,0.22,0.172,-0.211
2026-07-06T07:10:00.000Z,50,51.349,46.117,42,43.121,42.955,99.4,100.31,-0.91,99.8,101.275,-1.475,100.2,101.043,-0.843,100.6,101.807,-1.207,100,101.348,-1.348,100.4,101.95,-1.55,100.8,101.644,-0.844,101.2,102.414,-1.214,100,101.474,101,102.522,35.855,15610980,69.621,0.385,0.375,0.191,0.223,0.181,-0.219
2026-07-06T07:15:00.000Z,50,51.309,45.802,42,43.113,43.155,99.4,100.896,-1.496,99.8,101.266,-1.466,100.2,101.099,-0.899,100.6,101.763,-1.163,100,101.422,-1.422,100.4,102.157,-1.757,100.8,102.491,-1.691,101.2,102.536,-1.336,100,101.704,101,102.519,35.947,15621210,69.599,0.509,0.469,0.2,0.234,0.19,-0.226
2026-07-06T07:20:00.000Z,50,51.277,46.852,42,42.867,43.229,99.4,100.374,-0.974,99.8,100.93,-1.13,100.2,101.828,-1.628,100.6,101.888,-1.288,100,101.162,-1.162,100.4,102.063,-1.663,100.8,101.946,-1.146,101.2,102.127,-0.927,100,101.54,101,102.161,35.632,15631440,70.564,0.442,0.499,0.208,0.196,0.198,-0.234
2026-07-06T07:25:00.000Z,50,51.126,46.703,42,42.553,43.287,99.4,100.614,-1.214,99.8,100.911,-1.111,100.2,101.503,-1.303,100.6,101.824,-1.224,100,101.223,-1.223,100.4,101.478,-1.078,100.8,102.5,-1.7,101.2,102.729,-1.529,100,101.598,101,102.047,36.054,15641670,70.165,0.416,0.364,0.215,0.246,0.206,-0.24
2026-07-06T07:30:00.000Z,50,51.553,46.444,42,42.854,42.673,99.4,101.042,-1.642,99.8,101.186,-1.386,100.2,101.351,-1.151,100.6,102.035,-1.435,100,101.108,-1.108,100.4,102.06,-1.66,100.8,102.468,-1.668,101.2,102.997,-1.797,100,101.781,101,102.441,35.906,15651900,69.843,0.521,0.483,0.222,0.229,0.214,-0.247
2026-07-06T07:35:00.000Z,50,51.58,47.025,42,42.562,43.732,99.4,100.801,-1.401,99.8,101.292,-1.492,100.2,101.361,-1.161,100.6,101.985,-1.385,100,101.846,-1.846,100.4,101.624,-1.224,100.8,102.519,-1.719,101.2,102.878,-1.678,100,101.788,101,102.172,35.996,15662130,70.685,0.459,0.485,0.229,0.239,0.222,-0.253
2026-07-06T07:40:00.000Z,50,51.509,47.455,42,42.668,43.149,99.4,100.626,-1.226,99.8,100.964,-1.164,100.2,101.437,-1.237,100.6,101.868,-1.268,100,101.304,-1.304,100.4,101.529,-1.129,100.8,102.008,-1.208,101.2,103.014,-1.814,100,101.594,101,101.948,35.748,15672360,70.934,0.392,0.354,0.236,0.21,0.23,-0.259
2026-07-06T07:45:00.000Z,50,51.229,47.135,42,43.003,43.548,99.4,101.21,-1.81,99.8,101.713,-1.913,100.2,101.543,-1.343,100.6,101.962,-1.362,100,101.685,-1.685,100.4,101.913,-1.513,100.8,102.37,-1.57,101.2,103.125,-1.925,100,101.94,101,102.237,35.835,15682590,71.086,0.431,0.327,0.242,0.22,0.237,-0.265
2026-07-06T07:50:00.000Z,50,51.506,47.654,42,42.776,43.612,99.4,100.869,-1.469,99.8,101.656,-1.856,100.2,102.114,-1.914,100.6,102.118,-1.518,100,101.774,-1.774,100.4,101.63,-1.23,100.8,101.883,-1.083,101.2,102.626,-1.426,100,101.834,101,101.963,36.002,15692820,71.656,0.436,0.435,0.248,0.24,0.244,-0.27
2026-07-06T07:55:00.000Z,50,50.948,47.223,42,42.534,44.274,99.4,101.036,-1.636,99.8,101.302,-1.502,100.2,102.021,-1.821,100.6,102.498,-1.898,100,101.695,-1.695,100.4,102.254,-1.854,100.8,102.117,-1.317,101.2,102.868,-1.668,100,101.974,101,102.115,35.916,15703050,71.311,0.506,0.382,0.253,0.23,0.251,-0.276
2026-07-06T08:00:00.000Z,50,50.984,48.2,42,42.889,44.354,99.4,85.803,13.597,99.8,101.333,-1.533,100.2,101.606,-1.406,100.6,102.321,-1.721,100,101.331,-1.331,100.4,102.31,-1.91,100.8,101.922,-1.122,101.2,103.06,-1.86,100,99.961,101,102.222,36.237,15713280,72.355,0.374,0.399,0.258,0.268,0.257,-0.28
2026-07-06T08:05:00.000Z,50,51.389,48.521,42,42.8,44.561,99.4,85.241,14.159,99.8,85.966,13.834,100.2,85.665,14.535,100.6,101.932,-1.332,100,101.348,-1.348,100.4,101.671,-1.271,100.8,101.978,-1.178,101.2,102.477,-1.277,100,95.785,101,102.217,35.885,15723510,71.864,0.486,0.349,0.262,0.226,0.264,-0.285
2026-07-06T08:10:00.000Z,50,51.174,48.61,42,42.78,43.889,99.4,85.548,13.852,99.8,85.361,14.439,100.2,85.541,14.659,100.6,85.335,15.265,100,85.001,14.999,100.4,84.871,15.529,100.8,102.142,-1.342,101.2,102.881,-1.681,100,89.585,101,102.317,36.09,15733740,71.999,0.377,0.275,0.266,0.251,0.269,-0.289
2026-07-06T08:15:00.000Z,50,51.487,48.978,42,42.544,44.201,99.4,85.246,14.154,99.8,85.96,13.84,100.2,85.747,14.453,100.6,85.433,15.167,100,84.64,15.36,100.4,85.123,15.277,100.8,84.446,16.354,101.2,84.788,16.412,100,85.173,101,101.795,36.024,15743970,72.538,0.431,0.334,0.269,0.243,0.275,-0.292
2026-07-06T08:20:00.000Z,50,50.823,48.745,42,42.929,44.41,99.4,100.8,-1.4,99.8,85.995,13.805,100.2,85.444,14.756,100.6,85.305,15.295,100,84.723,15.277,100.4,84.668,15.732,100.8,85.024,15.776,101.2,85.082,16.118,100,87.13,101,102.097,36.255,15754200,72.443,0.353,0.23,0.272,0.271,0.28,-0.296
2026-07-06T08:25:00.000Z,50,51.228,49.002,42,42.601,45.07,99.4,101.115,-1.715,99.8,101.089,-1.289,100.2,102.237,-2.037,100.6,85.512,15.088,100,84.701,15.299,100.4,85.124,15.276,100.8,84.798,16.002,101.2,84.65,16.55,100,91.153,101,101.984,36.036,15764430,72.682,0.304,0.346,0.275,0.244,0.285,-0.299
2026-07-06T08:30:00.000Z,50,50.806,48.99,42,42.842,44.695,99.4,101.163,-1.763,99.8,101.638,-1.838,100.2,102.241,-2.041,100.6,101.918,-1.318,100,101.54,-1.54,100.4,102.27,-1.87,100.8,85.205,15.595,101.2,85.029,16.171,100,97.626,101,102.047,36.303,15774660,73.822,0.415,0.3,0.277,0.276,0.29,-0.302
2026-07-06T08:35:00.000Z,50,51.33,49.601,42,42.587,45.382,99.4,101.513,-2.113,99.8,101.911,-2.111,100.2,101.807,-1.607,100.6,101.946,-1.346,100,101.775,-1.775,100.4,101.81,-1.41,100.8,102.756,-1.956,101.2,103.178,-1.978,100,102.087,101,102.262,36.087,15784890,73.884,0.358,0.266,0.278,0.25,0.294,-0.304
2026-07-06T08:40:00.000Z,50,51.179,49.082,42,42.967,44.969,99.4,101.464,-2.064,99.8,101.342,-1.542,100.2,101.758,-1.558,100.6,102.532,-1.932,100,101.326,-1.326,100.4,102.354,-1.954,100.8,102.394,-1.594,101.2,103.174,-1.974,100,102.043,101,101.918,36.008,15795120,73.85,0.31,0.221,0.279,0.241,0.298,-0.306
2026-07-06T08:45:00.000Z,50,51.1,49.163,42,42.837,45.252,99.4,101.327,-1.927,99.8,101.472,-1.672,100.2,101.526,-1.326,100.6,102.059,-1.459,100,101.552,-1.552,100.4,102.244,-1.844,100.8,102.72,-1.92,101.2,103.248,-2.048,100,102.019,101,101.887,36.128,15805350,74.787,0.356,0.193,0.28,0.255,0.302,-0.307
2026-07-06T08:50:00.000Z,50,50.965,50.231,42,42.863,45.51,99.4,101.145,-1.745,99.8,101.111,-1.311,100.2,102.023,-1.823,100.6,102.221,-1.621,100,101.414,-1.414,100.4,101.9,-1.5,100.8,103,-2.2,101.2,103.192,-1.992,100,102.001,101,102.171,36.051,15815580,74.322,0.208,0.176,0.28,0.246,0.305,-0.309
2026-07-06T08:55:00.000Z,50,51.264,50.344,42,42.891,45.307,99.4,100.792,-1.392,99.8,101.682,-1.882,100.2,102.268,-2.068,100.6,102.327,-1.727,100,101.399,-1.399,100.4,102.138,-1.738,100.8,102.395,-1.595,101.2,103.033,-1.833,100,102.004,101,101.98,36.468,15825810,75.007,0.283,0.102,0.28,0.296,0.308,-0.309
2026-07-06T09:00:00.000Z,50,51.101,50.014,42,42.524,45.592,99.4,101.182,-1.782,99.8,101.938,-2.138,100.2,102.161,-1.961,100.6,102.56,-1.96,100,101.401,-1.401,100.4,101.841,-1.441,100.8,102.582,-1.782,101.2,102.524,-1.324,100,102.024,101,101.743,36.212,15836040,75.457,0.156,0.104,0.279,0.265,0.311,-0.31
2026-07-06T09:05:00.000Z,50,50.729,49.904,42,42.678,45.901,99.4,100.797,-1.397,99.8,101.87,-2.07,100.2,102.201,-2.001,100.6,102.371,-1.771,100,101.827,-1.827,100.4,101.902,-1.502,100.8,102.847,-2.047,101.2,102.591,-1.391,100,102.051,101,101.823,36.158,15846270,74.345,0.209,0.008,0.277,0.259,0.313,-0.31
2026-07-06T09:10:00.000Z,50,51.269,50.122,42,42.615,45.813,99.4,101.229,-1.829,99.8,101.742,-1.942,100.2,102.199,-1.999,100.6,102.767,-2.167,100,101.622,-1.622,100.4,102.4,-2,100.8,102.853,-2.053,101.2,102.955,-1.755,100,102.221,101,101.616,36.38,15856500,75.514,0.19,-0.007,0.275,0.286,0.315,-0.31
2026-07-06T09:15:00.000Z,50,50.748,49.957,42,42.496,46.094,99.4,101.507,-2.107,99.8,101.27,-1.47,100.2,102.199,-1.999,100.6,102.247,-1.647,100,101.92,-1.92,100.4,102.276,-1.876,100.8,102.827,-2.027,101.2,103.134,-1.934,100,102.173,101,101.577,36.19,15866730,74.771,0.187,0.042,0.273,0.263,0.317,-0.309
2026-07-06T09:20:00.000Z,50,50.856,50.536,42,42.872,46.24,99.4,100.887,-1.487,99.8,101.565,-1.765,100.2,102.164,-1.964,100.6,102.72,-2.12,100,101.373,-1.373,100.4,101.96,-1.56,100.8,102.62,-1.82,101.2,103.39,-2.19,100,102.085,101,101.638,36.038,15876960,75.127,0.075,0.045,0.27,0.245,0.318,-0.308
2026-07-06T09:25:00.000Z,50,50.97,51.099,42,42.756,45.791,99.4,101.081,-1.681,99.8,101.179,-1.379,100.2,102.232,-2.032,100.6,102.007,-1.407,100,101.763,-1.763,100.4,102.057,-1.657,100.8,102.95,-2.15,101.2,102.517,-1.317,100,101.973,101,101.735,36.302,15887190,75.968,0.104,-0.064,0.267,0.276,0.319,-0.307
2026-07-06T09:30:00.000Z,50,50.562,50.191,42,42.753,46.307,99.4,100.994,-1.594,99.8,101.408,-1.608,100.2,102.082,-1.882,100.6,102.584,-1.984,100,101.533,-1.533,100.4,102.005,-1.605,100.8,102.337,-1.537,101.2,103.018,-1.818,100,101.995,101,101.956,36.104,15897420,75.649,0.087,-0.006,0.263,0.252,0.32,-0.305
2026-07-06T09:35:00.000Z,50,50.922,50.273,42,42.451,46.29,99.4,100.931,-1.531,99.8,101.182,-1.382,100.2,102.272,-2.072,100.6,102.005,-1.405,100,102.032,-2.032,100.4,101.994,-1.594,100.8,102.786,-1.986,101.2,103.052,-1.852,100,102.032,101,101.85,36.4,15907650,75.583,0.063,-0.001,0.259,0.288,0.32,-0.303
2026-07-06T09:40:00.000Z,50,51.007,50.327,42,42.496,46.6,99.4,101.001,-1.601,99.8,101.201,-1.401,100.2,101.981,-1.781,100.6,102.549,-1.949,100,101.53,-1.53,100.4,102.394,-1.994,100.8,102.132,-1.332,101.2,102.999,-1.799,100,101.973,101,101.446,36.351,15917880,75.978,-0.088,-0.146,0.254,0.282,0.32,-0.301
2026-07-06T09:45:00.000Z,50,50.786,50.37,42,42.385,46.137,99.4,100.724,-1.324,99.8,101.819,-2.019,100.2,102.291,-2.091,100.6,102.243,-1.643,100,102.003,-2.003,100.4,102.24,-1.84,100.8,102.381,-1.581,101.2,103.291,-2.091,100,102.124,101,101.57,36.19,15928110,76.51,-0.04,-0.141,0.249,0.263,0.319,-0.298
2026-07-06T09:50:00.000Z,50,50.536,50.653,42,42.326,45.935,99.4,101.436,-2.036,99.8,101.759,-1.959,100.2,101.888,-1.688,100.6,102.568,-1.968,100,101.256,-1.256,100.4,102.251,-1.851,100.8,102.086,-1.286,101.2,103.271,-2.071,100,102.064,101,101.601,36.045,15938340,75.615,-0.132,-0.145,0.244,0.245,0.318,-0.295
2026-07-06T09:55:00.000Z,50,50.789,50.488,42,42.191,46.462,99.4,100.593,-1.193,99.8,101.762,-1.962,100.2,102.261,-2.061,100.6,102.677,-2.077,100,101.852,-1.852,100.4,101.985,-1.585,100.8,102.41,-1.61,101.2,103.209,-2.009,100,102.094,101,101.37,35.905,15948570,76.554,-0.184,-0.107,0.238,0.229,0.317,-0.291
2026-07-06T10:00:00.000Z,50,50.797,51.552,42,42.182,46.037,99.4,100.922,-1.522,99.8,101.428,-1.628,100.2,101.831,-1.631,100.6,101.986,-1.386,100,101.391,-1.391,100.4,101.971,-1.571,100.8,102.381,-1.581,101.2,103.027,-1.827,100,101.867,101,101.62,36.183,15958800,75.601,-0.216,-0.187,0.232,0.262,0.316,-0.287
2026-07-06T10:05:00.000Z,50,50.873,50.804,42,42.222,45.923,99.4,101.371,-1.971,99.8,100.98,-1.18,100.2,102.154,-1.954,100.6,101.884,-1.284,100,101.603,-1.603,100.4,102.027,-1.627,100.8,102.735,-1.935,101.2,102.81,-1.61,100,101.946,101,101.688,35.777,15969030,76.13,-0.23,-0.148,0.225,0.213,0.314,-0.283
2026-07-06T10:10:00.000Z,50,50.9,51.214,42,42.354,46.176,99.4,100.731,-1.331,99.8,101.262,-1.462,100.2,101.837,-1.637,100.6,102.544,-1.944,100,101.844,-1.844,100.4,102.012,-1.612,100.8,102.539,-1.739,101.2,102.446,-1.246,100,101.902,101,101.463,36.145,15979260,75.397,-0.18,-0.31,0.218,0.257,0.312,-0.278
2026-07-06T10:15:00.000Z,50,50.477,50.529,42,42.683,46.404,99.4,101.141,-1.741,99.8,101.573,-1.773,100.2,101.943,-1.743,100.6,102.303,-1.703,100,101.859,-1.859,100.4,101.992,-1.592,100.8,102.416,-1.616,101.2,102.836,-1.636,100,102.008,101,101.556,35.654,15989490,75.604,-0.263,-0.256,0.21,0.198,0.309,-0.274
2026-07-06T10:20:00.000Z,50,50.706,50.847,42,42.438,45.626,99.4,100.406,-1.006,99.8,100.93,-1.13,100.2,101.934,-1.734,100.6,102.076,-1.476,100,101.337,-1.337,100.4,101.502,-1.102,100.8,102.305,-1.505,101.2,102.24,-1.04,100,101.591,101,101.439,35.855,15999720,76.184,-0.188,-0.268,0.202,0.223,0.306,-0.268
2026-07-06T10:25:00.000Z,50,50.497,50.945,42,42.223,46.166,99.4,100.706,-1.306,99.8,101.576,-1.776,100.2,101.6,-1.4,100.6,102.332,-1.732,100,101.118,-1.118,100.4,101.94,-1.54,100.8,102.492,-1.692,101.2,102.223,-1.023,100,101.748,101,101.319,35.481,16009950,75.225,-0.25,-0.228,0.194,0.178,0.303,-0.263
2026-07-06T10:30:00.000Z,50,50.309,50.529,42,42.534,46.084,99.4,100.526,-1.126,99.8,100.84,-1.04,100.2,101.25,-1.05,100.6,102.188,-1.588,100,101.235,-1.235,100.4,101.837,-1.437,100.8,102.187,-1.387,101.2,102.125,-0.925,100,101.524,101,101.083,35.738,16020180,76.173,-0.313,-0.344,0.185,0.209,0.299,-0.257
2026-07-06T10:35:00.000Z,50,50.336,50.229,42,42.297,45.778,99.4,100.499,-1.099,99.8,101.362,-1.562,100.2,101.098,-0.898,100.6,101.492,-0.892,100,101.072,-1.072,100.4,102.033,-1.633,100.8,102.192,-1.392,101.2,102.775,-1.575,100,101.565,101,101.16,35.749,16030410,75.742,-0.383,-0.333,0.176,0.21,0.295,-0.251
2026-07-06T10:40:00.000Z,50,50.724,50.22,42,42.369,45.538,99.4,100.766,-1.366,99.8,100.75,-0.95,100.2,101.614,-1.414,100.6,101.941,-1.341,100,101.326,-1.326,100.4,101.944,-1.544,100.8,101.839,-1.039,101.2,102.056,-0.856,100,101.53,101,101.15,35.659,16040640,75.529,-0.281,-0.315,0.167,0.199,0.291,-0.245
2026-07-06T10:45:00.000Z,50,50.52,50.748,42,42.207,45.415,99.4,100.432,-1.032,99.8,100.893,-1.093,100.2,101.311,-1.111,100.6,101.612,-1.012,100,101.543,-1.543,100.4,101.255,-0.855,100.8,101.841,-1.041,101.2,102.187,-0.987,100,101.384,101,101.358,35.328,16050870,75.03,-0.357,-0.361,0.158,0.159,0.286,-0.238
2026-07-06T10:50:00.000Z,50,50.547,50.348,42,42.486,45.757,99.4,100.188,-0.788,99.8,101.285,-1.485,100.2,101.254,-1.054,100.6,101.773,-1.173,100,101.439,-1.439,100.4,101.944,-1.544,100.8,101.489,-0.689,101.2,101.892,-0.692,100,101.408,101,101.43,35.272,16061100,75.721,-0.355,-0.38,0.148,0.153,0.281,-0.231
2026-07-06T10:55:00.000Z,50,50.626,49.968,42,42.224,45.523,99.4,100.487,-1.087,99.8,101.202,-1.402,100.2,101.311,-1.111,100.6,101.41,-0.81,100,100.947,-0.947,100.4,101.648,-1.248,100.8,101.889,-1.089,101.2,101.927,-0.727,100,101.353,101,101.441,35.177,16071330,74.534,-0.382,-0.351,0.138,0.141,0.276,-0.224
2026-07-06T11:00:00.000Z,50,50.592,49.755,42,42.011,45.215,99.4,100.284,-0.884,99.8,100.368,-0.568,100.2,101.099,-0.899,100.6,101.406,-0.806,100,100.805,-0.805,100.4,100.959,-0.559,100.8,101.722,-0.922,101.2,101.867,-0.667,100,101.064,101,101.176,35.046,16081560,75.231,-0.476,-0.414,0.128,0.126,0.27,-0.216
2026-07-06T11:05:00.000Z,50,50.131,50.387,42,42.341,45.034,99.4,100.071,-0.671,99.8,101.043,-1.243,100.2,101.072,-0.872,100.6,101.618,-1.018,100,101.013,-1.013,100.4,101.532,-1.132,100.8,101.781,-0.981,101.2,101.79,-0.59,100,101.24,101,101.442,35.167,16091790,74.443,-0.412,-0.464,0.117,0.14,0.265,-0.208
2026-07-06T11:10:00.000Z,50,50.172,50.308,42,42.212,45.487,99.4,100.332,-0.932,99.8,100.811,-1.011,100.2,101.177,-0.977,100.6,101.591,-0.991,100,101.038,-1.038,100.4,101.323,-0.923,100.8,101.298,-0.498,101.2,102.395,-1.195,100,101.246,101,101.424,35.101,16102020,74.281,-0.453,-0.465,0.106,0.132,0.258,-0.2
2026-07-06T11:15:00.000Z,50,50.08,50.008,42,42.406,45.663,99.4,100.324,-0.924,99.8,100.352,-0.552,100.2,100.568,-0.368,100.6,101.766,-1.166,100,101.148,-1.148,100.4,100.83,-0.43,100.8,101.459,-0.659,101.2,102.026,-0.826,100,101.059,101,101.233,35.035,16112250,74.729,-0.468,-0.432,0.096,0.124,0.252,-0.192
2026-07-06T11:20:00.000Z,50,50.436,49.444,42,42.269,44.716,99.4,100.386,-0.986,99.8,100.282,-0.482,100.2,100.617,-0.417,100.6,101.573,-0.973,100,100.551,-0.551,100.4,100.905,-0.505,100.8,101.261,-0.461,101.2,102.171,-0.971,100,100.968,101,100.84,34.581,16122480,74.569,-0.45,-0.366,0.085,0.07,0.245,-0.183
2026-07-06T11:25:00.000Z,50,50.323,49.192,42,41.868,45.08,99.4,100.014,-0.614,99.8,100.648,-0.848,100.2,100.672,-0.472,100.6,101.266,-0.666,100,100.258,-0.258,100.4,100.672,-0.272,100.8,101.101,-0.301,101.2,101.711,-0.511,100,100.793,101,100.787,34.604,16132710,74.142,-0.505,-0.35,0.073,0.072,0.238,-0.175
2026-07-06T11:30:00.000Z,50,50.079,48.671,42,42.057,45.239,99.4,99.898,-0.498,99.8,100.544,-0.744,100.2,100.349,-0.149,100.6,101.278,-0.678,100,100.633,-0.633,100.4,100.997,-0.597,100.8,101.173,-0.373,101.2,101.314,-0.114,100,100.773,101,100.782,34.522,16142940,73.551,-0.413,-0.44,0.062,0.063,0.231,-0.166
2026-07-06T11:35:00.000Z,50,50.139,49.467,42,42.176,44.532,99.4,99.604,-0.204,99.8,100.593,-0.793,100.2,100.459,-0.259,100.6,101.16,-0.56,100,100.387,-0.387,100.4,101.01,-0.61,100.8,101.46,-0.66,101.2,101.507,-0.307,100,100.773,101,100.786,34.274,16153170,73.213,-0.431,-0.41,0.051,0.033,0.224,-0.157
2026-07-06T11:40:00.000Z,50,50.139,48.207,42,41.882,44.928,99.4,99.696,-0.296,99.8,99.86,-0.06,100.2,100.401,-0.201,100.6,101.024,-0.424,100,100.28,-0.28,100.4,100.796,-0.396,100.8,101.128,-0.328,101.2,101.241,-0.041,100,100.553,101,101.22,34.458,16163400,72.634,-0.397,-0.389,0.039,0.055,0.216,-0.147
2026-07-06T11:45:00.000Z,50,49.982,48.327,42,42.091,44.143,99.4,99.945,-0.545,99.8,100.32,-0.52,100.2,100.802,-0.602,100.6,101.133,-0.533,100,100.22,-0.22,100.4,100.828,-0.428,100.8,100.673,0.127,101.2,101.553,-0.353,100,100.684,101,101.105,34.131,16173630,72.306,-0.505,-0.42,0.028,0.016,0.208,-0.138
2026-07-06T11:50:00.000Z,50,50.198,48.295,42,42.119,44.559,99.4,99.455,-0.055,99.8,100.01,-0.21,100.2,100.803,-0.603,100.6,100.593,0.007,100,100.119,-0.119,100.4,100.199,0.201,100.8,101.324,-0.524,101.2,101.589,-0.389,100,100.511,101,101.032,33.993,16183860,73.004,-0.458,-0.436,0.016,-0.001,0.2,-0.128
2026-07-06T11:55:00.000Z,50,50.357,47.665,42,41.848,44.418,99.4,99.195,0.205,99.8,100.228,-0.428,100.2,99.876,0.324,100.6,100.746,-0.146,100,100.414,-0.414,100.4,100.328,0.072,100.8,100.835,-0.035,101.2,101.5,-0.3,100,100.39,101,100.772,34.08,16194090,72.164,-0.486,-0.452,0.004,0.01,0.191,-0.118
2026-07-06T12:00:00.000Z,50,50.219,48.458,42,41.938,44.491,99.4,99.741,-0.341,99.8,99.843,-0.043,100.2,99.784,0.416,100.6,100.416,0.184,100,100.312,-0.312,100.4,100.655,-0.255,100.8,101.049,-0.249,101.2,101.162,0.038,100,100.37,101,100.763,34.129,16204320,71.742,-0.403,-0.361,-0.007,0.015,0.183,-0.108
2026-07-06T12:05:00.000Z,50,50.01,48.328,42,41.961,43.831,99.4,99.203,0.197,99.8,99.812,-0.012,100.2,100.354,-0.154,100.6,100.322,0.278,100,99.625,0.375,100.4,100.015,0.385,100.8,100.287,0.513,101.2,101.083,0.117,100,100.088,101,100.868,33.689,16214550,71.475,-0.423,-0.362,-0.019,-0.037,0.174,-0.098
2026-07-06T12:10:00.000Z,50,49.77,47.485,42,41.943,43.625,99.4,98.849,0.551,99.8,99.522,0.278,100.2,100.073,0.127,100.6,100.423,0.177,100,100.158,-0.158,100.4,99.88,0.52,100.8,100.473,0.327,101.2,101.097,0.103,100,100.059,101,100.855,33.787,16224780,71.736,-0.395,-0.321,-0.031,-0.026,0.165,-0.088
2026-07-06T12:15:00.000Z,50,50.238,47.543,42,41.683,43.463,99.4,99.085,0.315,99.8,99.402,0.398,100.2,99.512,0.688,100.6,100.537,0.063,100,99.604,0.396,100.4,100.246,0.154,100.8,100.813,-0.013,101.2,101.127,0.073,100,100.041,101,100.41,33.772,16235010,70.584,-0.377,-0.419,-0.042,-0.027,0.155,-0.078
2026-07-06T12:20:00.000Z,50,49.56,47.498,42,41.693,43.037,99.4,99.052,0.348,99.8,99.048,0.752,100.2,99.899,0.301,100.6,100.242,0.358,100,99.877,0.123,100.4,100.245,0.155,100.8,100.284,0.516,101.2,100.766,0.434,100,99.927,101,100.918,33.623,16245240,70.764,-0.414,-0.345,-0.054,-0.045,0.146,-0.067
2026-07-06T12:25:00.000Z,50,50.169,47.32,42,42.04,42.993,99.4,98.924,0.476,99.8,99.613,0.187,100.2,100.023,0.177,100.6,100.61,-0.01,100,100.009,-0.009,100.4,99.863,0.537,100.8,100.797,0.003,101.2,100.356,0.844,100,100.024,101,100.719,33.546,16255470,71.027,-0.379,-0.353,-0.065,-0.054,0.136,-0.057
2026-07-06T12:30:00.000Z,50,49.703,47.216,42,42.066,43.553,99.4,99.23,0.17,99.8,98.974,0.826,100.2,99.291,0.909,100.6,99.931,0.669,100,99.724,0.276,100.4,100.252,0.148,100.8,100.382,0.418,101.2,100.967,0.233,100,99.844,101,100.572,33.504,16265700,70.931,-0.285,-0.378,-0.076,-0.06,0.127,-0.046
2026-07-06T12:35:00.000Z,50,49.576,47.243,42,41.754,43.057,99.4,98.504,0.896,99.8,99.636,0.164,100.2,100.062,0.138,100.6,100.421,0.179,100,99.194,0.806,100.4,99.708,0.692,100.8,99.837,0.963,101.2,100.605,0.595,100,99.746,101,100.522,33.204,16275930,70.495,-0.366,-0.221,-0.088,-0.096,0.117,-0.036
2026-07-06T12:40:00.000Z,50,49.667,46.135,42,41.653,42.97,99.4,98.672,0.728,99.8,99.466,0.334,100.2,99.178,1.022,100.6,99.546,1.054,100,99.599,0.401,100.4,99.94,0.46,100.8,100.17,0.63,101.2,100.937,0.263,100,99.688,101,100.356,33.099,16286160,70.129,-0.267,-0.298,-0.099,-0.108,0.107,-0.025
2026-07-06T12:45:00.000Z,50,49.422,46.62,42,41.601,43.126,99.4,98.582,0.818,99.8,99.079,0.721,100.2,99.603,0.597,100.6,100.136,0.464,100,99.689,0.311,100.4,99.982,0.418,100.8,99.678,1.122,101.2,100.641,0.559,100,99.674,101,100.409,33.224,16296390,69.283,-0.278,-0.305,-0.109,-0.093,0.097,-0.015
2026-07-06T12:50:00.000Z,50,49.414,45.768,42,41.773,42.93,99.4,98.544,0.856,99.8,99.296,0.504,100.2,99.589,0.611,100.6,99.442,1.158,100,98.906,1.094,100.4,99.577,0.823,100.8,99.77,1.03,101.2,100.308,0.892,100,99.429,101,100.356,33.078,16306620,69.315,-0.178,-0.231,-0.12,-0.111,0.087,-0.004
2026-07-06T12:55:00.000Z,50,49.45,45.679,42,41.811,42.533,99.4,98.799,0.601,99.8,99.098,0.702,100.2,99.521,0.679,100.6,99.949,0.651,100,99.018,0.982,100.4,99.46,0.94,100.8,99.955,0.845,101.2,100.029,1.171,100,99.479,101,100.738,32.809,16316850,69.824,-0.221,-0.128,-0.131,-0.143,0.076,0.007
2026-07-06T13:00:00.000Z,50,49.873,45.896,42,41.676,42.521,99.4,98.622,0.778,99.8,99.026,0.774,100.2,99.653,0.547,100.6,99.624,0.976,100,99.183,0.817,100.4,99.563,0.837,100.8,99.752,1.048,101.2,100.439,0.761,100,99.483,101,100.317,32.882,16327080,69.37,-0.236,-0.248,-0.141,-0.134,0.066,0.018
2026-07-06T13:05:00.000Z,50,49.683,46.208,42,41.82,42.052,99.4,98.3,1.1,99.8,98.543,1.257,100.2,98.888,1.312,100.6,99.816,0.784,100,98.669,1.331,100.4,99.558,0.842,100.8,99.53,1.27,101.2,99.727,1.473,100,99.129,101,100.58,32.819,16337310,68.582,-0.131,-0.102,-0.151,-0.142,0.055,0.028
2026-07-06T13:10:00.000Z,50,49.333,45.044,42,41.681,41.773,99.4,98.678,0.722,99.8,98.289,1.511,100.2,99.399,0.801,100.6,99.147,1.453,100,99.352,0.648,100.4,99.235,1.165,100.8,99.255,1.545,101.2,100.424,0.776,100,99.222,101,100.613,32.655,16347540,68.906,-0.098,-0.12,-0.16,-0.161,0.045,0.039
2026-07-06T13:15:00.000Z,50,49.404,45.827,42,41.837,42.143,99.4,98.207,1.193,99.8,98.816,0.984,100.2,99.48,0.72,100.6,99.082,1.518,100,98.393,1.607,100.4,99.644,0.756,100.8,99.835,0.965,101.2,100.117,1.083,100,99.197,101,100.369,32.382,16357770,68.938,-0.048,-0.085,-0.17,-0.194,0.034,0.049
2026-07-06T13:20:00.000Z,50,49.252,45.73,42,41.472,42.511,99.4,98.025,1.375,99.8,98.635,1.165,100.2,98.854,1.346,100.6,99.29,1.31,100,98.682,1.318,100.4,99.025,1.375,100.8,99.393,1.407,101.2,100.071,1.129,100,98.997,101,100.067,32.724,16368000,69.223,-0.115,-0.072,-0.179,-0.153,0.024,0.06
2026-07-06T13:25:00.000Z,50,49.186,45.191,42,41.608,41.805,99.4,97.805,1.595,99.8,98.746,1.054,100.2,98.57,1.63,100.6,99.494,1.106,100,98.835,1.165,100.4,98.739,1.661,100.8,99.958,0.842,101.2,99.567,1.633,100,98.964,101,99.979,32.581,16378230,68.281,-0.115,-0.097,-0.188,-0.17,0.013,0.07
2026-07-06T13:30:00.000Z,50,49.226,45.085,42,41.616,41.552,99.4,97.657,1.743,99.8,98.303,1.497,100.2,98.947,1.253,100.6,98.886,1.714,100,98.863,1.137,100.4,98.652,1.748,100.8,99.528,1.272,101.2,100.113,1.087,100,98.869,101,100.288,32.56,16388460,67.89,-0.043,-0.057,-0.196,-0.173,0.002,0.081
2026-07-06T13:35:00.000Z,50,49.628,45.616,42,41.515,41.81,99.4,98.366,1.034,99.8,98.53,1.27,100.2,98.833,1.367,100.6,98.889,1.711,100,98.219,1.781,100.4,99.322,1.078,100.8,99.787,1.013,101.2,100.08,1.12,100,99.003,101,100.191,32.524,16398690,67.835,0.076,0.054,-0.204,-0.177,-0.008,0.091
2026-07-06T13:40:00.000Z,50,49.66,45.121,42,41.328,42.139,99.4,97.719,1.681,99.8,98.53,1.27,100.2,98.806,1.394,100.6,99.034,1.566,100,98.533,1.467,100.4,99.352,1.048,100.8,99.674,1.126,101.2,100.129,1.071,100,98.972,101,100.378,32.089,16408920,68.747,0.038,0.061,-0.212,-0.229,-0.019,0.101
2026-07-06T13:45:00.000Z,50,49.431,45.372,42,41.604,42.326,99.4,98.148,1.252,99.8,98.482,1.318,100.2,98.441,1.759,100.6,98.876,1.724,100,98.858,1.142,100.4,98.663,1.737,100.8,98.922,1.878,101.2,99.614,1.586,100,98.751,101,99.93,32.074,16419150,68.594,0.066,0.113,-0.22,-0.231,-0.03,0.111
2026-07-06T13:50:00.000Z,50,49.572,44.681,42,41.674,42.293,99.4,98.207,1.193,99.8,97.914,1.886,100.2,98.458,1.742,100.6,99.251,1.349,100,98.695,1.305,100.4,98.755,1.645,100.8,99.211,1.589,101.2,99.239,1.961,100,98.716,101,100.147,32.319,16429380,68.336,0.191,0.076,-0.227,-0.202,-0.04,0.121
2026-07-06T13:55:00.000Z,50,49.607,45.476,42,41.478,41.889,99.4,97.902,1.498,99.8,98.086,1.714,100.2,98.268,1.932,100.6,99.417,1.183,100,98.682,1.318,100.4,98.814,1.586,100.8,99.073,1.727,101.2,99.528,1.672,100,98.721,101,100.191,32.056,16439610,67.87,0.21,0.058,-0.233,-0.233,-0.051,0.131
2026-07-06T14:00:00.000Z,50,49.546,45.422,42,41.326,41.73,99.4,98.081,1.319,99.8,98.141,1.659,100.2,98.831,1.369,100.6,98.662,1.938,100,98.817,1.183,100.4,98.695,1.705,100.8,99.317,1.483,101.2,99.225,1.975,100,98.721,101,99.865,31.8,16449840,68.414,0.243,0.11,-0.24,-0.264,-0.061,0.141
2026-07-06T14:05:00.000Z,50,49.307,45.182,42,41.817,41.806,99.4,97.757,1.643,99.8,98.106,1.694,100.2,98.289,1.911,100.6,99.157,1.443,100,98.006,1.994,100.4,98.463,1.937,100.8,98.872,1.928,101.2,99.841,1.359,100,98.561,101,99.916,31.762,16460070,68.215,0.221,0.172,-0.245,-0.269,-0.072,0.15
2026-07-06T14:10:00.000Z,50,49.437,45.585,42,41.353,41.5,99.4,97.694,1.706,99.8,98.522,1.278,100.2,98.153,2.047,100.6,98.682,1.918,100,98.149,1.851,100.4,98.39,2.01,100.8,99.038,1.762,101.2,99.413,1.787,100,98.505,101,100.204,32.064,16470300,68.227,0.152,0.245,-0.251,-0.232,-0.082,0.159
2026-07-06T14:15:00.000Z,50,49.099,45.619,42,41.296,42.221,99.4,97.758,1.642,99.8,97.684,2.116,100.2,98.475,1.725,100.6,98.719,1.881,100,98.515,1.485,100.4,98.499,1.901,100.8,99.35,1.45,101.2,99.603,1.597,100,98.575,101,99.901,32.051,16480530,68.06,0.321,0.271,-0.256,-0.234,-0.092,0.168
2026-07-06T14:20:00.000Z,50,49.219,44.814,42,41.754,41.376,99.4,97.366,2.034,99.8,98.274,1.526,100.2,98.249,1.951,100.6,99.135,1.465,100,98.318,1.682,100.4,99.119,1.281,100.8,99.033,1.767,101.2,99.244,1.956,100,98.592,101,99.747,31.786,16490760,67.754,0.222,0.249,-0.26,-0.266,-0.103,0.177
2026-07-06T14:25:00.000Z,50,49.149,44.655,42,41.185,41.885,99.4,98.056,1.344,99.8,98.09,1.71,100.2,98.8,1.4,100.6,98.857,1.743,100,97.833,2.167,100.4,98.845,1.555,100.8,99.506,1.294,101.2,99.698,1.502,100,98.711,101,100.111,31.61,16500990,67.749,0.359,0.178,-0.264,-0.287,-0.113,0.186
2026-07-06T14:30:00.000Z,50,49.066,44.631,42,41.426,42.052,99.4,98.102,1.298,99.8,98.454,1.346,100.2,98.247,1.953,100.6,98.648,1.952,100,98.633,1.367,100.4,98.491,1.909,100.8,99.097,1.703,101.2,99.109,2.091,100,98.598,101,100.168,31.908,16511220,68.743,0.388,0.199,-0.268,-0.251,-0.123,0.194
2026-07-06T14:35:00.000Z,50,48.868,44.754,42,41.527,41.668,99.4,97.2,2.2,99.8,97.768,2.032,100.2,98.337,1.863,100.6,98.819,1.781,100,98.346,1.654,100.4,98.445,1.955,100.8,98.675,2.125,101.2,99.842,1.358,100,98.429,101,99.759,31.673,16521450,67.931,0.277,0.303,-0.271,-0.279,-0.132,0.202
2026-07-06T14:40:00.000Z,50,49.407,44.953,42,41.636,42.278,99.4,97.733,1.667,99.8,98.249,1.551,100.2,98.172,2.028,100.6,98.426,2.174,100,98.065,1.935,100.4,98.993,1.407,100.8,99.004,1.796,101.2,99.78,1.42,100,98.553,101,99.98,31.971,16531680,68.37,0.324,0.335,-0.274,-0.244,-0.142,0.21
2026-07-06T14:45:00.000Z,50,48.852,45.186,42,41.399,42.155,99.4,97.498,1.902,99.8,98.383,1.417,100.2,98.858,1.342,100.6,98.532,2.068,100,98.571,1.429,100.4,98.829,1.571,100.8,99.346,1.454,101.2,99.005,2.195,100,98.628,101,99.609,31.92,16541910,68.768,0.377,0.38,-0.276,-0.25,-0.151,0.218
2026-07-06T14:50:00.000Z,50,48.844,45.416,42,41.334,41.998,99.4,97.964,1.436,99.8,98.338,1.462,100.2,98.052,2.148,100.6,98.606,1.994,100,98.003,1.997,100.4,98.611,1.789,100.8,99.381,1.419,101.2,99.729,1.471,100,98.586,101,99.565,31.722,16552140,68.335,0.415,0.396,-0.278,-0.273,-0.161,0.226
2026-07-06T14:55:00.000Z,50,49.201,46.234,42,41.342,42.324,99.4,97.725,1.675,99.8,98.323,1.477,100.2,98.537,1.663,100.6,99.215,1.385,100,98.363,1.637,100.4,98.577,1.823,100.8,99.043,1.757,101.2,99.505,1.695,100,98.661,101,99.782,31.503,16562370,69.372,0.366,0.319,-0.279,-0.3,-0.17,0.233
2026-07-06T15:00:00.000Z,50,48.887,45.78,42,41.493,42.901,99.4,98.041,1.359,99.8,97.962,1.838,100.2,98.812,1.388,100.6,98.868,1.732,100,98.204,1.796,100.4,99.075,1.325,100.8,99.409,1.391,101.2,99.453,1.747,100,98.728,101,99.514,31.512,16572600,69.095,0.36,0.365,-0.28,-0.299,-0.179,0.24
2026-07-06T15:05:00.000Z,50,48.8,46.378,42,41.466,42.5,99.4,97.993,1.407,99.8,97.796,2.004,100.2,98.246,1.954,100.6,98.851,1.749,100,98.647,1.353,100.4,98.761,1.639,100.8,99.155,1.645,101.2,99.082,2.118,100,98.566,101,99.847,31.588,16582830,68.87,0.379,0.381,-0.28,-0.289,-0.188,0.246
2026-07-06T15:10:00.000Z,50,49.127,45.666,42,41.291,42.733,99.4,97.581,1.819,99.8,97.605,2.195,100.2,98.677,1.523,100.6,98.766,1.834,100,98.559,1.441,100.4,98.488,1.912,100.8,98.847,1.953,101.2,99.832,1.368,100,98.544,101,99.776,31.785,16593060,69.985,0.414,0.34,-0.28,-0.266,-0.196,0.253
2026-07-06T15:15:00.000Z,50,48.771,46.826,42,41.416,43.029,99.4,97.277,2.123,99.8,98.231,1.569,100.2,98.858,1.342,100.6,98.773,1.827,100,98.039,1.961,100.4,98.318,2.082,100.8,98.704,2.096,101.2,99.49,1.71,100,98.461,101,99.49,31.924,16603290,69.438,0.377,0.391,-0.279,-0.249,-0.204,0.259
2026-07-06T15:20:00.000Z,50,48.681,47.019,42,41.439,42.954,99.4,97.913,1.487,99.8,98.471,1.329,100.2,98.574,1.626,100.6,98.618,1.982,100,98.098,1.902,100.4,98.501,1.899,100.8,99.38,1.42,101.2,99.677,1.523,100,98.654,101,99.625,31.662,16613520,70.031,0.437,0.365,-0.278,-0.281,-0.213,0.264
2026-07-06T15:25:00.000Z,50,49.041,46.332,42,41.58,42.977,99.4,97.596,1.804,99.8,98.47,1.33,100.2,98.544,1.656,100.6,98.908,1.692,100,98.58,1.42,100.4,98.706,1.694,100.8,99.443,1.357,101.2,99.645,1.555,100,98.736,101,99.829,31.563,16623750,70.647,0.381,0.45,-0.276,-0.292,-0.22,0.27
2026-07-06T15:30:00.000Z,50,49.07,46.956,42,41.305,43.438,99.4,97.739,1.661,99.8,98.075,1.725,100.2,98.526,1.674,100.6,99.094,1.506,100,97.879,2.121,100.4,98.684,1.716,100.8,98.708,2.092,101.2,99.753,1.447,100,98.557,101,99.378,31.838,16633980,70.349,0.511,0.416,-0.274,-0.259,-0.228,0.275
2026-07-06T15:35:00.000Z,50,48.883,47.087,42,41.362,43.143,99.4,98.012,1.388,99.8,98.328,1.472,100.2,98.178,2.022,100.6,98.883,1.717,100,98.627,1.373,100.4,99.015,1.385,100.8,98.932,1.868,101.2,99.299,1.901,100,98.659,101,99.765,31.915,16644210,71.335,0.387,0.386,-0.271,-0.25,-0.235,0.28
2026-07-06T15:40:00.000Z,50,48.801,47.363,42,41.437,43.408,99.4,97.96,1.44,99.8,98.386,1.414,100.2,98.56,1.64,100.6,98.51,2.09,100,98.292,1.708,100.4,98.807,1.593,100.8,99.065,1.735,101.2,99.837,1.363,100,98.677,101,99.827,32.062,16654440,71.579,0.439,0.469,-0.268,-0.233,-0.242,0.284
2026-07-06T15:45:00.000Z,50,48.921,46.929,42,41.117,43.272,99.4,97.684,1.716,99.8,98.495,1.305,100.2,98.631,1.569,100.6,98.756,1.844,100,98.312,1.688,100.4,98.715,1.685,100.8,99.356,1.444,101.2,99.913,1.287,100,98.733,101,99.519,31.85,16664670,71.062,0.382,0.453,-0.265,-0.258,-0.249,0.288
2026-07-06T15:50:00.000Z,50,48.691,47.824,42,41.244,43.67,99.4,97.665,1.735,99.8,97.944,1.856,100.2,98.7,1.5,100.6,98.542,2.058,100,98.331,1.669,100.4,98.829,1.571,100.8,99.09,1.71,101.2,99.794,1.406,100,98.612,101,99.815,31.967,16674900,72.167,0.45,0.434,-0.261,-0.244,-0.256,0.292
2026-07-06T15:55:00.000Z,50,48.908,47.503,42,41.181,43.542,99.4,97.571,1.829,99.8,98.349,1.451,100.2,98.976,1.224,100.6,98.58,2.02,100,98.332,1.668,100.4,99.103,1.297,100.8,99.224,1.576,101.2,99.476,1.724,100,98.701,101,99.633,31.924,16685130,71.54,0.374,0.395,-0.256,-0.249,-0.262,0.295
2026-07-06T16:00:00.000Z,50,49.073,48.3,42,41.228,43.742,99.4,97.765,1.635,99.8,97.864,1.936,100.2,98.97,1.23,100.6,99.352,1.248,100,98.363,1.637,100.4,99.068,1.332,100.8,99.646,1.154,101.2,99.436,1.764,100,98.808,101,99.646,31.844,16695360,71.721,0.381,0.434,-0.251,-0.259,-0.268,0.299
2026-07-06T16:05:00.000Z,50,48.475,48.627,42,41.199,43.656,99.4,97.832,1.568,99.8,98.671,1.129,100.2,98.286,1.914,100.6,98.706,1.894,100,98.863,1.137,100.4,98.534,1.866,100.8,99.69,1.11,101.2,99.33,1.87,100,98.739,101,99.638,31.922,16705590,72.026,0.335,0.411,-0.246,-0.249,-0.274,0.301
2026-07-06T16:10:00.000Z,50,48.783,48.836,42,41.189,44.463,99.4,98.324,1.076,99.8,98.562,1.238,100.2,98.496,1.704,100.6,99.332,1.268,100,98.94,1.06,100.4,99.052,1.348,100.8,98.869,1.931,101.2,99.411,1.789,100,98.873,101,99.266,31.865,16715820,73.03,0.415,0.321,-0.24,-0.256,-0.279,0.304
2026-07-06T16:15:00.000Z,50,49.079,48.964,42,40.905,44.095,99.4,98.129,1.271,99.8,98.243,1.557,100.2,98.332,1.868,100.6,99.136,1.464,100,98.139,1.861,100.4,99.203,1.197,100.8,99.74,1.06,101.2,99.998,1.202,100,98.865,101,99.585,31.822,16726050,73.133,0.429,0.315,-0.234,-0.261,-0.284,0.306
2026-07-06T16:20:00.000Z,50,48.564,48.375,42,41.442,44.718,99.4,97.518,1.882,99.8,98.167,1.633,100.2,99.102,1.098,100.6,99.334,1.266,100,98.188,1.812,100.4,98.613,1.787,100.8,99.788,1.012,101.2,99.918,1.282,100,98.829,101,99.176,31.796,16736280,72.855,0.283,0.391,-0.227,-0.264,-0.289,0.307
2026-07-06T16:25:00.000Z,50,48.799,48.891,42,41.011,44.667,99.4,98.024,1.376,99.8,98.575,1.225,100.2,99.088,1.112,100.6,98.921,1.679,100,98.281,1.719,100.4,99.326,1.074,100.8,99.264,1.536,101.2,100.069,1.131,100,98.944,101,99.487,32.189,16746510,73.093,0.265,0.409,-0.22,-0.217,-0.293,0.308
2026-07-06T16:30:00.000Z,50,48.76,48.931,42,41.267,44.398,99.4,97.66,1.74,99.8,98.202,1.598,100.2,99.012,1.188,100.6,99.604,0.996,100,98.36,1.64,100.4,99.37,1.03,100.8,99.837,0.963,101.2,99.775,1.425,100,98.978,101,99.699,31.914,16756740,73.015,0.265,0.369,-0.213,-0.25,-0.297,0.309
2026-07-06T16:35:00.000Z,50,48.753,49.546,42,41.196,45.102,99.4,97.816,1.584,99.8,98.59,1.21,100.2,98.725,1.475,100.6,99.335,1.265,100,99.053,0.947,100.4,98.695,1.705,100.8,99.199,1.601,101.2,99.607,1.593,100,98.877,101,99.108,32.088,16766970,73.424,0.278,0.273,-0.205,-0.229,-0.301,0.31
2026-07-06T16:40:00.000Z,50,48.729,49.45,42,40.881,45.17,99.4,98.471,0.929,99.8,98.659,1.141,100.2,99.151,1.049,100.6,99.188,1.412,100,98.719,1.281,100.4,99.06,1.34,100.8,99.87,0.93,101.2,99.592,1.608,100,99.089,101,99.485,31.984,16777200,73.719,0.232,0.25,-0.197,-0.242,-0.305,0.31
2026-07-06T16:45:00.000Z,50,48.808,50.028,42,41.289,44.998,99.4,97.694,1.706,99.8,98.055,1.745,100.2,99.018,1.182,100.6,99.208,1.392,100,98.412,1.588,100.4,99.412,0.988,100.8,99.542,1.258,101.2,100.156,1.044,100,98.937,101,99.221,32.156,16787430,74.091,0.172,0.301,-0.189,-0.221,-0.308,0.31
2026-07-06T16:50:00.000Z,50,48.813,49.269,42,41.322,44.991,99.4,98.196,1.204,99.8,98.779,1.021,100.2,98.643,1.557,100.6,99.524,1.076,100,98.756,1.244,100.4,99.118,1.282,100.8,99.692,1.108,101.2,100.243,0.957,100,99.119,101,99.533,32.029,16797660,73.776,0.137,0.242,-0.18,-0.237,-0.31,0.309
2026-07-06T16:55:00.000Z,50,48.694,49.771,42,41.378,45.779,99.4,98.262,1.138,99.8,98.883,0.917,100.2,99.038,1.162,100.6,99.632,0.968,100,98.42,1.58,100.4,98.992,1.408,100.8,99.226,1.574,101.2,99.51,1.69,100,98.995,101,99.518,32.185,16807890,74.487,0.24,0.203,-0.171,-0.218,-0.313,0.308
2026-07-06T17:00:00.000Z,50,48.727,49.607,42,41.246,45.36,99.4,97.775,1.625,99.8,98.183,1.617,100.2,99.312,0.888,100.6,99.52,1.08,100,98.835,1.165,100.4,99.505,0.895,100.8,99.259,1.541,101.2,100.406,0.794,100,99.099,101,99.399,32.266,16818120,74.584,0.147,0.261,-0.162,-0.208,-0.315,0.307
2026-07-06T17:05:00.000Z,50,48.865,50.423,42,41.405,45.258,99.4,98.557,0.843,99.8,98.858,0.942,100.2,98.759,1.441,100.6,99.219,1.381,100,98.777,1.223,100.4,99.424,0.976,100.8,99.641,1.159,101.2,100.031,1.169,100,99.158,101,99.11,32.518,16828350,74.511,0.102,0.245,-0.152,-0.178,-0.317,0.305
2026-07-06T17:10:00.000Z,50,48.861,50.531,42,41.101,45.271,99.4,97.752,1.648,99.8,98.391,1.409,100.2,99.384,0.816,100.6,99.142,1.458,100,98.893,1.107,100.4,99.14,1.26,100.8,99.948,0.852,101.2,99.855,1.345,100,99.063,101,99.47,32.162,16838580,74.934,0.165,0.204,-0.142,-0.221,-0.318,0.303
2026-07-06T17:15:00.000Z,50,48.877,50.478,42,41.404,45.603,99.4,98.41,0.99,99.8,98.483,1.317,100.2,99.055,1.145,100.6,99.79,0.81,100,99.069,0.931,100.4,99.459,0.941,100.8,99.702,1.098,101.2,100.407,0.793,100,99.297,101,99.389,32.315,16848810,75.933,0.03,0.232,-0.132,-0.202,-0.319,0.301
2026-07-06T17:20:00.000Z,50,48.592,51.035,42,41.09,46.253,99.4,97.829,1.571,99.8,98.395,1.405,100.2,98.882,1.318,100.6,99.736,0.864,100,99.019,0.981,100.4,99.449,0.951,100.8,99.916,0.884,101.2,100.41,0.79,100,99.204,101,99.208,32.49,16859040,75.014,-0.031,0.21,-0.121,-0.181,-0.32,0.298
2026-07-06T17:25:00.000Z,50,48.567,51.024,42,41.326,45.835,99.4,98.444,0.956,99.8,98.497,1.303,100.2,98.999,1.201,100.6,99.155,1.445,100,99.227,0.773,100.4,99.142,1.258,100.8,99.733,1.067,101.2,99.688,1.512,100,99.111,101,99.594,32.135,16869270,75.253,-0.002,0.049,-0.111,-0.224,-0.32,0.295
2026-07-06T17:30:00.000Z,50,48.826,51.055,42,40.911,46.018,99.4,97.876,1.524,99.8,98.636,1.164,100.2,98.731,1.469,100.6,99.229,1.371,100,98.963,1.037,100.4,99.314,1.086,100.8,100.041,0.759,101.2,99.872,1.328,100,99.083,101,99.17,32.367,16879500,76.207,-0.051,0.099,-0.1,-0.196,-0.32,0.291
2026-07-06T17:35:00.000Z,50,48.295,51.076,42,41.364,46.017,99.4,97.987,1.413,99.8,98.927,0.873,100.2,99.464,0.736,100.6,99.832,0.768,100,98.778,1.222,100.4,99.464,0.936,100.8,99.831,0.969,101.2,99.702,1.498,100,99.248,101,99.054,32.534,16889730,76.363,-0.112,0.055,-0.089,-0.176,-0.32,0.288
2026-07-06T17:40:00.000Z,50,48.452,51.401,42,40.906,45.864,99.4,98.133,1.267,99.8,98.887,0.913,100.2,98.956,1.244,100.6,99.277,1.323,100,98.851,1.149,100.4,99.341,1.059,100.8,99.558,1.242,101.2,100.223,0.977,100,99.153,101,99.019,32.309,16899960,75.615,-0.025,0.014,-0.078,-0.203,-0.319,0.283
2026-07-06T17:45:00.000Z,50,48.881,51.123,42,40.874,45.743,99.4,98.102,1.298,99.8,98.91,0.89,100.2,99.526,0.674,100.6,99.546,1.054,100,99.167,0.833,100.4,99.598,0.802,100.8,99.346,1.454,101.2,100.451,0.749,100,99.331,101,99.526,32.402,16910190,76.283,-0.145,0.02,-0.067,-0.192,-0.318,0.279
2026-07-06T17:50:00.000Z,50,48.475,50.432,42,41.176,46.007,99.4,98.738,0.662,99.8,98.897,0.903,100.2,98.681,1.519,100.6,99.132,1.468,100,98.863,1.137,100.4,99.254,1.146,100.8,99.898,0.902,101.2,100.534,0.666,100,99.25,101,99.345,32.622,16920420,75.748,-0.145,-0.051,-0.055,-0.165,-0.316,0.274
2026-07-06T17:55:00.000Z,50,48.939,50.96,42,41.245,46.527,99.4,98.187,1.213,99.8,98.315,1.485,100.2,99.159,1.041,100.6,99.496,1.104,100,99.041,0.959,100.4,99.669,0.731,100.8,99.714,1.086,101.2,100.11,1.09,100,99.211,101,99.088,32.461,16930650,76.323,-0.166,-0.044,-0.044,-0.185,-0.314,0.269
2026-07-06T18:00:00.000Z,50,48.366,51.246,42,41.077,45.985,99.4,98.516,0.884,99.8,98.951,0.849,100.2,98.831,1.369,100.6,99.626,0.974,100,99.143,0.857,100.4,99.691,0.709,100.8,99.607,1.193,101.2,99.656,1.544,100,99.253,101,99.391,32.16,16940880,76.407,-0.191,-0.021,-0.032,-0.221,-0.312,0.264
2026-07-06T18:05:00.000Z,50,48.67,50.73,42,40.929,46.089,99.4,98.428,0.972,99.8,98.657,1.143,100.2,99.237,0.963,100.6,99.816,0.784,100,98.567,1.433,100.4,98.947,1.453,100.8,99.384,1.416,101.2,99.739,1.461,100,99.097,101,99.133,32.361,16951110,75.339,-0.227,-0.045,-0.021,-0.197,-0.31,0.258
2026-07-06T18:10:00.000Z,50,48.836,51.336,42,41.32,46.152,99.4,98.399,1.001,99.8,98.334,1.466,100.2,99.431,0.769,100.6,99.281,1.319,100,98.556,1.444,100.4,99.009,1.391,100.8,99.612,1.188,101.2,99.72,1.48,100,99.043,101,99.342,32.235,16961340,76.593,-0.2,-0.044,-0.009,-0.212,-0.307,0.252
2026-07-06T18:15:00.000Z,50,48.645,50.497,42,40.851,46.29,99.4,98.572,0.828,99.8,99.003,0.797,100.2,98.836,1.364,100.6,99.283,1.317,100,98.945,1.055,100.4,99.509,0.891,100.8,99.726,1.074,101.2,100.219,0.981,100,99.262,101,99.474,32.537,16971570,76.217,-0.207,-0.122,0.003,-0.176,-0.304,0.245
2026-07-06T18:20:00.000Z,50,48.798,50.613,42,41.327,45.699,99.4,97.864,1.536,99.8,98.709,1.091,100.2,98.706,1.494,100.6,99.686,0.914,100,98.534,1.466,100.4,99.684,0.716,100.8,99.661,1.139,101.2,99.687,1.513,100,99.066,101,99.534,32.323,16981800,75.911,-0.25,-0.11,0.014,-0.201,-0.3,0.239
2026-07-06T18:25:00.000Z,50,48.852,50.317,42,41.163,45.761,99.4,98.094,1.306,99.8,98.77,1.03,100.2,98.83,1.37,100.6,99.25,1.35,100,98.739,1.261,100.4,99.643,0.757,100.8,99.435,1.365,101.2,100.448,0.752,100,99.151,101,99.425,32.56,16992030,76.482,-0.381,-0.13,0.026,-0.173,-0.296,0.232
2026-07-06T18:30:00.000Z,50,48.426,50.281,42,41.12,45.903,99.4,98.119,1.281,99.8,98.67,1.13,100.2,99.381,0.819,100.6,99.476,1.124,100,98.778,1.222,100.4,99.314,1.086,100.8,99.268,1.532,101.2,100.303,0.897,100,99.164,101,99.198,32.145,17002260,75.33,-0.264,-0.233,0.038,-0.223,-0.292,0.224
2026-07-06T18:35:00.000Z,50,48.63,50.919,42,40.872,46.168,99.4,98.057,1.343,99.8,98.67,1.13,100.2,99.196,1.004,100.6,99.135,1.465,100,98.428,1.572,100.4,99.507,0.893,100.8,99.551,1.249,101.2,99.988,1.212,100,99.066,101,99.026,32.147,17012490,76.095,-0.394,-0.201,0.049,-0.222,-0.287,0.217
2026-07-06T18:40:00.000Z,50,48.821,51.138,42,40.997,45.694,99.4,98.069,1.331,99.8,99.057,0.743,100.2,98.781,1.419,100.6,99.483,1.117,100,98.548,1.452,100.4,99.682,0.718,100.8,99.858,0.942,101.2,99.815,1.385,100,99.162,101,99.454,32.142,17022720,75.069,-0.346,-0.23,0.061,-0.223,-0.283,0.209
2026-07-06T18:45:00.000Z,50,48.638,50.429,42,41.046,46.04,99.4,97.842,1.558,99.8,98.201,1.599,100.2,99.01,1.19,100.6,99.605,0.995,100,98.608,1.392,100.4,98.844,1.556,100.8,99.365,1.435,101.2,100.045,1.155,100,98.94,101,99.482,32.281,17032950,74.867,-0.404,-0.198,0.072,-0.206,-0.277,0.201
2026-07-06T18:50:00.000Z,50,48.683,50.761,42,40.951,46.173,99.4,98.315,1.085,99.8,98.993,0.807,100.2,98.731,1.469,100.6,99.338,1.262,100,98.449,1.551,100.4,98.785,1.615,100.8,99.983,0.817,101.2,99.624,1.576,100,99.027,101,99.123,32.243,17043180,75.111,-0.35,-0.346,0.083,-0.211,-0.272,0.193
2026-07-06T18:55:00.000Z,50,48.651,50.302,42,41.175,45.517,99.4,97.942,1.458,99.8,98.931,0.869,100.2,99.148,1.052,100.6,98.979,1.621,100,98.411,1.589,100.4,99.501,0.899,100.8,99.906,0.894,101.2,99.851,1.349,100,99.084,101,99.498,32.171,17053410,75.344,-0.382,-0.247,0.094,-0.22,-0.266,0.184
2026-07-06T19:00:00.000Z,50,48.4,50.378,42,41.325,45.356,99.4,98.2,1.2,99.8,98.631,1.169,100.2,99.257,0.943,100.6,99.101,1.499,100,98.466,1.534,100.4,99.112,1.288,100.8,99.468,1.332,101.2,99.824,1.376,100,99.007,101,99.467,32.017,17063640,74.236,-0.415,-0.342,0.105,-0.238,-0.26,0.176
2026-07-06T19:05:00.000Z,50,48.474,50.243,42,41.166,45.097,99.4,97.745,1.655,99.8,98.473,1.327,100.2,98.686,1.514,100.6,98.932,1.668,100,98.416,1.584,100.4,99.292,1.108,100.8,99.395,1.405,101.2,100.253,0.947,100,98.899,101,99.474,32.206,17073870,74.745,-0.379,-0.409,0.116,-0.215,-0.254,0.167
2026-07-06T19:10:00.000Z,50,48.68,49.818,42,41.279,45.766,99.4,98.077,1.323,99.8,98.51,1.29,100.2,98.583,1.617,100.6,99.729,0.871,100,99.115,0.885,100.4,98.816,1.584,100.8,99.569,1.231,101.2,100.045,1.155,100,99.055,101,99.232,32.109,17084100,73.917,-0.387,-0.395,0.126,-0.227,-0.247,0.158
2026-07-06T19:15:00.000Z,50,48.912,49.224,42,41.238,45.47,99.4,98.162,1.238,99.8,98.745,1.055,100.2,98.502,1.698,100.6,99.631,0.969,100,98.679,1.321,100.4,98.771,1.629,100.8,99.168,1.632,101.2,99.852,1.348,100,98.939,101,99.269,32.185,17094330,73.92,-0.449,-0.287,0.137,-0.218,-0.24,0.148
2026-07-06T19:20:00.000Z,50,48.781,50.018,42,41.223,45.004,99.4,97.691,1.709,99.8,98.032,1.768,100.2,98.536,1.664,100.6,98.877,1.723,100,98.25,1.75,100.4,98.684,1.716,100.8,99.79,1.01,101.2,99.542,1.658,100,98.675,101,99.228,31.957,17104560,73.682,-0.508,-0.339,0.147,-0.245,-0.233,0.139
2026-07-06T19:25:00.000Z,50,48.531,49.847,42,41.019,44.478,99.4,98.133,1.267,99.8,98.087,1.713,100.2,98.572,1.628,100.6,99.467,1.133,100,98.612,1.388,100.4,99.339,1.061,100.8,99.742,1.058,101.2,99.771,1.429,100,98.965,101,99.186,32.211,17114790,74.227,-0.499,-0.437,0.157,-0.215,-0.226,0.129
2026-07-06T19:30:00.000Z,50,48.996,49.483,42,40.923,45.144,99.4,97.983,1.417,99.8,98.317,1.483,100.2,99.14,1.06,100.6,99.247,1.353,100,98.658,1.342,100.4,98.72,1.68,100.8,99.833,0.967,101.2,100.068,1.132,100,98.996,101,99.599,32.196,17125020,73.164,-0.453,-0.356,0.166,-0.216,-0.218,0.119
2026-07-06T19:35:00.000Z,50,48.925,49.288,42,41.302,44.29,99.4,97.884,1.516,99.8,97.971,1.829,100.2,98.874,1.326,100.6,99.3,1.3,100,98.168,1.832,100.4,98.68,1.72,100.8,99.447,1.353,101.2,99.818,1.382,100,98.768,101,99.57,32.185,17135250,73.97,-0.518,-0.427,0.175,-0.218,-0.21,0.109
2026-07-06T19:40:00.000Z,50,48.496,48.259,42,41.387,44.257,99.4,98.267,1.133,99.8,98.511,1.289,100.2,98.62,1.58,100.6,98.993,1.607,100,98.422,1.578,100.4,99.088,1.312,100.8,99.34,1.46,101.2,99.343,1.857,100,98.823,101,99.577,31.914,17145480,72.468,-0.517,-0.36,0.184,-0.25,-0.202,0.099
2026-07-06T19:45:00.000Z,50,48.579,49.023,42,41.013,44.604,99.4,97.728,1.672,99.8,98.296,1.504,100.2,98.485,1.715,100.6,99.378,1.222,100,98.913,1.087,100.4,98.901,1.499,100.8,99.531,1.269,101.2,99.453,1.747,100,98.836,101,99.222,32.129,17155710,72.196,-0.475,-0.385,0.193,-0.224,-0.193,0.089
2026-07-06T19:50:00.000Z,50,48.428,48.511,42,41.256,43.982,99.4,97.751,1.649,99.8,98.06,1.74,100.2,98.803,1.397,100.6,99.389,1.211,100,98.888,1.112,100.4,98.653,1.747,100.8,98.86,1.94,101.2,99.635,1.565,100,98.755,101,99.51,31.943,17165940,72.007,-0.357,-0.341,0.201,-0.247,-0.185,0.079
2026-07-06T19:55:00.000Z,50,48.688,48.657,42,41.255,43.789,99.4,98.111,1.289,99.8,98.446,1.354,100.2,98.283,1.917,100.6,98.753,1.847,100,98.549,1.451,100.4,98.499,1.901,100.8,99.597,1.203,101.2,99.268,1.932,100,98.688,101,99.541,32.119,17176170,72.12,-0.468,-0.357,0.209,-0.226,-0.176,0.069
2026-07-06T20:00:00.000Z,50,48.752,48.415,42,40.933,44.113,99.4,97.58,1.82,99.8,98.619,1.181,100.2,98.812,1.388,100.6,99.266,1.334,100,98.582,1.418,100.4,98.995,1.405,100.8,99.297,1.503,101.2,99.538,1.662,100,98.836,101,99.571,32.083,17186400,71.926,-0.342,-0.354,0.217,-0.23,-0.167,0.058
2026-07-06T20:05:00.000Z,50,48.933,47.459,42,41.146,44.119,99.4,97.865,1.535,99.8,97.829,1.971,100.2,98.246,1.954,100.6,98.867,1.733,100,98.029,1.971,100.4,98.525,1.875,100.8,99.554,1.246,101.2,99.434,1.766,100,98.544,101,99.64,32.031,17196630,71.078,-0.453,-0.383,0.224,-0.236,-0.158,0.048
2026-07-06T20:10:00.000Z,50,48.602,47.921,42,41.119,44.141,99.4,97.607,1.793,99.8,98.375,1.425,100.2,98.674,1.526,100.6,98.816,1.784,100,98.086,1.914,100.4,98.399,2.001,100.8,99.348,1.452,101.2,99.493,1.707,100,98.6,101,99.497,31.873,17206860,71.193,-0.339,-0.432,0.231,-0.255,-0.148,0.037
2026-07-06T20:15:00.000Z,50,48.949,47.522,42,41.237,43.636,99.4,97.496,1.904,99.8,98.575,1.225,100.2,98.352,1.848,100.6,98.636,1.964,100,97.987,2.013,100.4,98.889,1.511,100.8,99.414,1.386,101.2,99.835,1.365,100,98.648,101,99.731,31.881,17217090,71.336,-0.425,-0.393,0.237,-0.254,-0.139,0.026
2026-07-06T20:20:00.000Z,50,49.049,47.246,42,41.549,43.527,99.4,97.833,1.567,99.8,97.734,2.066,100.2,98.412,1.788,100.6,99.351,1.249,100,98.641,1.359,100.4,98.792,1.608,100.8,98.981,1.819,101.2,99.921,1.279,100,98.708,101,99.413,31.762,17227320,71.506,-0.325,-0.348,0.243,-0.269,-0.129,0.016
2026-07-06T20:25:00.000Z,50,49.178,47.468,42,41.256,43.092,99.4,98.09,1.31,99.8,97.741,2.059,100.2,98.579,1.621,100.6,98.93,1.67,100,98.264,1.736,100.4,98.923,1.477,100.8,99.184,1.616,101.2,99.829,1.371,100,98.693,101,99.72,31.818,17237550,71.169,-0.347,-0.465,0.249,-0.262,-0.119,0.005
2026-07-06T20:30:00.000Z,50,48.835,47.367,42,41.473,42.909,99.4,97.908,1.492,99.8,98.45,1.35,100.2,98.952,1.248,100.6,99.089,1.511,100,98.394,1.606,100.4,98.66,1.74,100.8,99.227,1.573,101.2,99.162,2.038,100,98.73,101,99.58,31.556,17247780,70.112,-0.309,-0.398,0.254,-0.293,-0.109,-0.006
2026-07-06T20:35:00.000Z,50,48.999,46.652,42,41,42.58,99.4,97.947,1.453,99.8,97.727,2.073,100.2,98.905,1.295,100.6,99.302,1.298,100,98.022,1.978,100.4,99.069,1.331,100.8,99.248,1.552,101.2,99.102,2.098,100,98.665,101,99.474,31.595,17258010,70.12,-0.275,-0.333,0.259,-0.289,-0.099,-0.016
2026-07-06T20:40:00.000Z,50,48.702,46.339,42,41.378,43.231,99.4,97.79,1.61,99.8,98.098,1.702,100.2,98.519,1.681,100.6,98.54,2.06,100,97.834,2.166,100.4,99.073,1.327,100.8,99.314,1.486,101.2,99.779,1.421,100,98.618,101,99.64,31.675,17268240,70.091,-0.27,-0.436,0.263,-0.279,-0.089,-0.027
2026-07-06T20:45:00.000Z,50,48.865,46.133,42,41.144,42.335,99.4,97.784,1.616,99.8,97.872,1.928,100.2,98.409,1.791,100.6,98.585,2.015,100,97.883,2.117,100.4,98.767,1.633,100.8,99.317,1.483,101.2,99.076,2.124,100,98.462,101,99.898,31.779,17278470,70.374,-0.164,-0.393,0.267,-0.266,-0.079,-0.038
2026-07-06T20:50:00.000Z,50,48.754,46.49,42,41.6,43.107,99.4,97.853,1.547,99.8,98.052,1.748,100.2,98.036,2.164,100.6,98.421,2.179,100,97.824,2.176,100.4,98.776,1.624,100.8,99.086,1.714,101.2,99.462,1.738,100,98.439,101,99.685,31.619,17288700,70.151,-0.217,-0.359,0.27,-0.286,-0.068,-0.048
2026-07-06T20:55:00.000Z,50,49.155,46.339,42,41.2,42.687,99.4,97.625,1.775,99.8,97.661,2.139,100.2,98.868,1.332,100.6,98.442,2.158,100,98.428,1.572,100.4,98.812,1.588,100.8,99.123,1.677,101.2,99.519,1.681,100,98.56,101,99.425,31.702,17298930,69.801,-0.161,-0.273,0.273,-0.276,-0.058,-0.059
2026-07-06T21:00:00.000Z,50,48.807,45.93,42,41.175,42.799,99.4,97.395,2.005,99.8,98.135,1.665,100.2,98.428,1.772,100.6,99.152,1.448,100,97.889,2.111,100.4,98.996,1.404,100.8,98.65,2.15,101.2,99.521,1.679,100,98.521,101,99.607,31.866,17309160,69.222,-0.138,-0.365,0.275,-0.256,-0.047,-0.069
2026-07-06T21:05:00.000Z,50,49.243,45.797,42,41.356,42.302,99.4,97.738,1.662,99.8,97.862,1.938,100.2,98.462,1.738,100.6,99.029,1.571,100,98.498,1.502,100.4,98.505,1.895,100.8,98.686,2.114,101.2,99.756,1.444,100,98.567,101,99.879,31.82,17319390,68.637,-0.099,-0.284,0.277,-0.262,-0.037,-0.08
2026-07-06T21:10:00.000Z,50,49.338,45.342,42,41.186,42.382,99.4,97.755,1.645,99.8,97.947,1.853,100.2,98.818,1.382,100.6,99.232,1.368,100,98.677,1.323,100.4,98.812,1.588,100.8,99.434,1.366,101.2,99.57,1.63,100,98.781,101,100.065,31.757,17329620,68.614,-0.075,-0.194,0.279,-0.269,-0.026,-0.09
2026-07-06T21:15:00.000Z,50,49.044,45.088,42,41.364,42.095,99.4,97.758,1.642,99.8,97.586,2.214,100.2,98.068,2.132,100.6,98.483,2.117,100,98.6,1.4,100.4,98.409,1.991,100.8,99.14,1.66,101.2,99.264,1.936,100,98.414,101,99.953,31.698,17339850,68.695,-0.007,-0.315,0.279,-0.276,-0.016,-0.1
2026-07-06T21:20:00.000Z,50,49.366,45.544,42,41.25,42.27,99.4,97.44,1.96,99.8,97.884,1.916,100.2,98.33,1.87,100.6,98.792,1.808,100,98.147,1.853,100.4,98.718,1.682,100.8,98.679,2.121,101.2,99.213,1.987,100,98.4,101,99.853,31.68,17350080,69.143,0.06,-0.259,0.28,-0.278,-0.005,-0.11
2026-07-06T21:25:00.000Z,50,48.918,44.979,42,41.722,41.606,99.4,97.325,2.075,99.8,97.831,1.969,100.2,98.564,1.636,100.6,98.931,1.669,100,98.422,1.578,100.4,98.24,2.16,100.8,98.88,1.92,101.2,99.762,1.438,100,98.494,101,100.141,31.724,17360310,67.877,-0.026,-0.157,0.28,-0.273,0.006,-0.12
2026-07-06T21:30:00.000Z,50,49.309,44.951,42,41.564,41.816,99.4,97.453,1.947,99.8,98.268,1.532,100.2,98.787,1.413,100.6,99.307,1.293,100,98.375,1.625,100.4,98.456,1.944,100.8,99.493,1.307,101.2,99.547,1.653,100,98.711,101,99.686,32.043,17370540,68.943,0.064,-0.237,0.279,-0.235,0.016,-0.13
2026-07-06T21:35:00.000Z,50,49.291,44.647,42,41.361,41.537,99.4,97.72,1.68,99.8,97.814,1.986,100.2,98.13,2.07,100.6,99.266,1.334,100,98.246,1.754,100.4,98.932,1.468,100.8,98.92,1.88,101.2,99.038,2.162,100,98.508,101,99.804,31.648,17380770,68.513,0.019,-0.077,0.278,-0.282,0.027,-0.139
2026-07-06T21:40:00.000Z,50,49.297,44.707,42,41.235,41.44,99.4,97.383,2.017,99.8,97.731,2.069,100.2,98.413,1.787,100.6,98.526,2.074,100,97.97,2.03,100.4,98.741,1.659,100.8,98.94,1.86,101.2,99.464,1.736,100,98.396,101,99.661,31.792,17391000,67.826,0.159,-0.094,0.277,-0.265,0.038,-0.149
2026-07-06T21:45:00.000Z,50,49.408,44.876,42,41.656,41.401,99.4,97.659,1.741,99.8,98.221,1.579,100.2,98.544,1.656,100.6,99.026,1.574,100,98.745,1.255,100.4,98.381,2.019,100.8,99.426,1.374,101.2,99.888,1.312,100,98.736,101,99.778,31.794,17401230,67.43,0.092,-0.178,0.275,-0.265,0.048,-0.158
2026-07-06T21:50:00.000Z,50,49.047,44.487,42,41.356,42.058,99.4,97.526,1.874,99.8,98.269,1.531,100.2,98.129,2.071,100.6,98.564,2.036,100,98.053,1.947,100.4,98.617,1.783,100.8,99.235,1.565,101.2,99.589,1.611,100,98.498,101,100.249,31.761,17411460,68.099,0.179,-0.134,0.273,-0.269,0.059,-0.167
2026-07-06T21:55:00.000Z,50,49.081,45.284,42,41.325,41.77,99.4,98.081,1.319,99.8,98.6,1.2,100.2,98.882,1.318,100.6,99.045,1.555,100,98.18,1.82,100.4,99.124,1.276,100.8,99.588,1.212,101.2,99.719,1.481,100,98.902,101,100.19,31.734,17421690,68.701,0.114,0.027,0.27,-0.272,0.069,-0.176
2026-07-06T22:00:00.000Z,50,49.159,45.469,42,41.56,41.754,99.4,97.444,1.956,99.8,98.266,1.534,100.2,98.858,1.342,100.6,99.188,1.412,100,98.619,1.381,100.4,98.544,1.856,100.8,99.622,1.178,101.2,99.5,1.7,100,98.755,101,99.75,31.844,17431920,67.302,0.236,0.019,0.266,-0.259,0.08,-0.185
2026-07-06T22:05:00.000Z,50,49.561,44.621,42,41.46,41.69,99.4,97.606,1.794,99.8,98.556,1.244,100.2,98.225,1.975,100.6,98.956,1.644,100,98.195,1.805,100.4,98.8,1.6,100.8,99.585,1.215,101.2,99.948,1.252,100,98.734,101,99.991,31.92,17442150,67.352,0.275,0.014,0.262,-0.25,0.09,-0.193
2026-07-06T22:10:00.000Z,50,49.503,44.6,42,41.845,41.515,99.4,97.765,1.635,99.8,98.011,1.789,100.2,98.821,1.379,100.6,98.711,1.889,100,98.026,1.974,100.4,98.461,1.939,100.8,98.888,1.912,101.2,99.556,1.644,100,98.53,101,99.978,32.02,17452380,67.848,0.243,0.078,0.258,-0.238,0.1,-0.202
2026-07-06T22:15:00.000Z,50,49.635,45.352,42,41.56,42.096,99.4,97.496,1.904,99.8,98.097,1.703,100.2,98.349,1.851,100.6,98.818,1.782,100,98.262,1.738,100.4,99.004,1.396,100.8,99.296,1.504,101.2,99.613,1.587,100,98.617,101,100.05,32.148,17462610,68.671,0.366,0.037,0.253,-0.222,0.11,-0.21
2026-07-06T22:20:00.000Z,50,49.559,45.027,42,41.876,41.638,99.4,98.004,1.396,99.8,98.047,1.753,100.2,98.941,1.259,100.6,98.809,1.791,100,98.822,1.178,100.4,98.937,1.463,100.8,99.668,1.132,101.2,99.586,1.614,100,98.852,101,100.215,32.227,17472840,68.708,0.372,0.015,0.248,-0.213,0.12,-0.217
2026-07-06T22:25:00.000Z,50,49.281,44.59,42,41.641,42.356,99.4,97.861,1.539,99.8,98.745,1.055,100.2,99.233,0.967,100.6,99.588,1.012,100,98.23,1.77,100.4,98.976,1.424,100.8,99.823,0.977,101.2,100.182,1.018,100,99.08,101,100.134,32.236,17483070,67.523,0.359,0.107,0.243,-0.212,0.13,-0.225
2026-07-06T22:30:00.000Z,50,49.792,45.51,42,41.588,41.556,99.4,97.726,1.674,99.8,98.61,1.19,100.2,99.238,0.962,100.6,99.646,0.954,100,98.935,1.065,100.4,98.691,1.709,100.8,99.663,1.137,101.2,99.423,1.777,100,98.992,101,100.115,32.181,17493300,67.727,0.412,0.064,0.237,-0.218,0.14,-0.232
2026-07-06T22:35:00.000Z,50,49.768,45.347,42,41.831,42.131,99.4,97.942,1.458,99.8,98.125,1.675,100.2,99.055,1.145,100.6,98.919,1.681,100,98.617,1.383,100.4,99.534,0.866,100.8,99.91,0.89,101.2,100.183,1.017,100,99.036,101,100.208,32.336,17503530,68.633,0.305,0.104,0.23,-0.2,0.149,-0.239
2026-07-06T22:40:00.000Z,50,49.524,45.585,42,41.425,42.551,99.4,98.547,0.853,99.8,98.45,1.35,100.2,98.833,1.367,100.6,99.612,0.988,100,98.667,1.333,100.4,99.117,1.283,100.8,99.485,1.315,101.2,99.654,1.546,100,99.046,101,100.413,32.443,17513760,68.47,0.45,0.101,0.223,-0.187,0.158,-0.246
2026-07-06T22:45:00.000Z,50,49.474,45.226,42,41.601,42.635,99.4,98.159,1.241,99.8,98.615,1.185,100.2,98.692,1.508,100.6,99.511,1.089,100,98.956,1.044,100.4,98.943,1.457,100.8,99.209,1.591,101.2,100.052,1.148,100,99.017,101,100.057,32.385,17523990,68.595,0.453,0.225,0.216,-0.194,0.168,-0.252
2026-07-06T22:50:00.000Z,50,49.442,45.051,42,41.929,42.31,99.4,97.945,1.455,99.8,98.514,1.286,100.2,99.547,0.653,100.6,99.564,1.036,100,99.161,0.839,100.4,99.49,0.91,100.8,100.025,0.775,101.2,99.654,1.546,100,99.237,101,100.411,32.845,17534220,68.149,0.341,0.143,0.208,-0.139,0.177,-0.258
2026-07-06T22:55:00.000Z,50,49.555,45.417,42,41.621,42.167,99.4,98.78,0.62,99.8,98.527,1.273,100.2,99.024,1.176,100.6,99.513,1.087,100,98.989,1.011,100.4,99.481,0.919,100.8,99.433,1.367,101.2,100.601,0.599,100,99.294,101,100.279,32.627,17544450,69.672,0.349,0.322,0.201,-0.165,0.185,-0.264
2026-07-06T23:00:00.000Z,50,49.298,45.897,42,41.875,42.859,99.4,98.18,1.22,99.8,98.797,1.003,100.2,99.598,0.602,100.6,99.752,0.848,100,99.345,0.655,100.4,99.554,0.846,100.8,99.737,1.063,101.2,100.463,0.737,100,99.428,101,100.139,32.812,17554680,68.645,0.361,0.297,0.192,-0.143,0.194,-0.269
2026-07-06T23:05:00.000Z,50,49.669,46.403,42,41.694,42.524,99.4,98.411,0.989,99.8,99.117,0.683,100.2,99.126,1.074,100.6,99.297,1.303,100,98.868,1.132,100.4,99.49,0.91,100.8,99.941,0.859,101.2,100.445,0.755,100,99.337,101,100.334,32.723,17564910,69.295,0.447,0.264,0.184,-0.153,0.202,-0.274
2026-07-06T23:10:00.000Z,50,49.381,46.7,42,41.953,42.723,99.4,98.425,0.975,99.8,99.175,0.625,100.2,99.009,1.191,100.6,100.125,0.475,100,99.451,0.549,100.4,100.025,0.375,100.8,100.339,0.461,101.2,100.358,0.842,100,99.613,101,100.269,33.004,17575140,69.973,0.422,0.363,0.175,-0.12,0.211,-0.279
2026-07-06T23:15:00.000Z,50,50.041,46.125,42,41.888,42.52,99.4,98.211,1.189,99.8,98.644,1.156,100.2,99.878,0.322,100.6,99.486,1.114,100,99.367,0.633,100.4,99.335,1.065,100.8,99.716,1.084,101.2,100.159,1.041,100,99.35,101,100.366,33.129,17585370,70.142,0.422,0.243,0.165,-0.105,0.218,-0.284
2026-07-06T23:20:00.000Z,50,49.419,46.34,42,41.581,42.525,99.4,98.992,0.408,99.8,98.73,1.07,100.2,99.596,0.604,100.6,100.326,0.274,100,99.326,0.674,100.4,100.05,0.35,100.8,100.248,0.552,101.2,100.346,0.854,100,99.702,101,100.669,33.199,17595600,69.794,0.501,0.416,0.156,-0.096,0.226,-0.288
2026-07-06T23:25:00.000Z,50,49.603,46.19,42,41.963,43.057,99.4,98.813,0.587,99.8,99.663,0.137,100.2,99.458,0.742,100.6,100.269,0.331,100,99.41,0.59,100.4,99.69,0.71,100.8,100.243,0.557,101.2,100.945,0.255,100,99.811,101,100.737,33.233,17605830,70.163,0.418,0.361,0.146,-0.092,0.234,-0.292
2026-07-06T23:30:00.000Z,50,49.922,47.237,42,41.693,43.153,99.4,99.312,0.088,99.8,98.906,0.894,100.2,99.581,0.619,100.6,100.171,0.429,100,99.638,0.362,100.4,100.249,0.151,100.8,100.155,0.645,101.2,100.533,0.667,100,99.818,101,100.737,33.339,17616060,70.516,0.504,0.33,0.136,-0.079,0.241,-0.295
2026-07-06T23:35:00.000Z,50,49.642,47.289,42,41.678,43.348,99.4,99.274,0.126,99.8,99.062,0.738,100.2,99.642,0.558,100.6,100.25,0.35,100,99.163,0.837,100.4,100.226,0.174,100.8,100.447,0.353,101.2,100.718,0.482,100,99.848,101,100.769,33.353,17626290,71.058,0.408,0.343,0.126,-0.078,0.248,-0.298
2026-07-06T23:40:00.000Z,50,49.965,47.779,42,41.757,43.211,99.4,99.066,0.334,99.8,99.545,0.255,100.2,99.881,0.319,100.6,100.531,0.069,100,100.104,-0.104,100.4,100.429,-0.029,100.8,100.864,-0.064,101.2,101.253,-0.053,100,100.209,101,100.419,33.781,17636520,71.614,0.487,0.445,0.115,-0.026,0.254,-0.301
2026-07-06T23:45:00.000Z,50,49.92,47.622,42,41.729,43.107,99.4,99.056,0.344,99.8,99.692,0.108,100.2,99.511,0.689,100.6,100.342,0.258,100,99.801,0.199,100.4,99.705,0.695,100.8,100.449,0.351,101.2,100.505,0.695,100,99.883,101,100.407,33.575,17646750,70.636,0.491,0.363,0.104,-0.051,0.261,-0.303
2026-07-06T23:50:00.000Z,50,50.089,48.204,42,41.899,44.169,99.4,98.857,0.543,99.8,99.355,0.445,100.2,99.616,0.584,100.6,100.059,0.541,100,100.059,-0.059,100.4,99.987,0.413,100.8,100.488,0.312,101.2,100.61,0.59,100,99.879,101,100.976,33.903,17656980,71.371,0.436,0.339,0.093,-0.012,0.267,-0.305
2026-07-06T23:55:00.000Z,50,49.893,47.744,42,41.819,43.785,99.4,99.708,-0.308,99.8,99.654,0.146,100.2,99.94,0.26,100.6,100.146,0.454,100,99.522,0.478,100.4,100.402,-0.002,100.8,100.301,0.499,101.2,101.048,0.152,100,100.09,101,100.999,34.007,17667210,71.393,0.448,0.406,0.082,0.001,0.272,-0.307
2026-07-07T00:00:00.000Z,50,49.914,48,42,41.825,43.845,99.4,99.348,0.052,99.8,99.711,0.089,100.2,100.604,-0.404,100.6,100.289,0.311,100,100.117,-0.117,100.4,100.029,0.371,100.8,100.651,0.149,101.2,101.455,-0.255,100,100.276,101,100.938,33.779,17677440,72.369,0.322,0.429,0.071,-0.027,0.278,-0.308
2026-07-07T00:05:00.000Z,50,50.018,48.684,42,41.751,44.452,99.4,99.784,-0.384,99.8,99.952,-0.152,100.2,100.01,0.19,100.6,100.374,0.226,100,99.917,0.083,100.4,100.335,0.065,100.8,100.804,-0.004,101.2,101.179,0.021,100,100.294,101,100.669,34.259,17687670,72.082,0.299,0.339,0.06,0.031,0.283,-0.309
2026-07-07T00:10:00.000Z,50,49.975,48.554,42,41.844,44.565,99.4,99.57,-0.17,99.8,99.891,-0.091,100.2,100.162,0.038,100.6,101.083,-0.483,100,99.972,0.028,100.4,100.977,-0.577,100.8,100.761,0.039,101.2,101.144,0.056,100,100.445,101,100.801,33.98,17697900,72.851,0.394,0.473,0.048,-0.002,0.288,-0.31
2026-07-07T00:15:00.000Z,50,50.343,49.095,42,41.923,44.757,99.4,99.709,-0.309,99.8,100.126,-0.326,100.2,100.597,-0.397,100.6,100.539,0.061,100,100.069,-0.069,100.4,100.393,0.007,100.8,101.314,-0.514,101.2,101.512,-0.312,100,100.532,101,101.045,34.481,17708130,72.318,0.344,0.461,0.037,0.058,0.292,-0.31
2026-07-07T00:20:00.000Z,50,50.004,49.257,42,42.181,44.534,99.4,99.747,-0.347,99.8,99.726,0.074,100.2,100.11,0.09,100.6,100.801,-0.201,100,100.732,-0.732,100.4,100.327,0.073,100.8,101.578,-0.778,101.2,101.662,-0.462,100,100.585,101,100.966,34.542,17718360,73.486,0.324,0.49,0.025,0.065,0.296,-0.31
2026-07-07T00:25:00.000Z,50,49.903,48.887,42,42.119,44.5,99.4,100.209,-0.809,99.8,100.083,-0.283,100.2,100.782,-0.582,100.6,100.932,-0.332,100,100.86,-0.86,100.4,100.763,-0.363,100.8,100.847,-0.047,101.2,101.436,-0.236,100,100.739,101,100.93,34.687,17728590,73.984,0.257,0.44,0.014,0.082,0.3,-0.309
2026-07-07T00:30:00.000Z,50,50.212,49.239,42,42.259,44.877,99.4,99.755,-0.355,99.8,100.428,-0.628,100.2,100.464,-0.264,100.6,101.18,-0.58,100,100.318,-0.318,100.4,100.631,-0.231,100.8,101.418,-0.618,101.2,102.085,-0.885,100,100.785,101,100.936,34.409,17738820,73.423,0.332,0.338,0.002,0.049,0.304,-0.308
2026-07-07T00:35:00.000Z,50,50.303,49.535,42,42.303,45.466,99.4,100.091,-0.691,99.8,100.262,-0.462,100.2,100.542,-0.342,100.6,100.778,-0.178,100,100.466,-0.466,100.4,101.192,-0.792,100.8,101.044,-0.244,101.2,101.458,-0.258,100,100.729,101,101.01,34.704,17749050,73.799,0.211,0.481,-0.01,0.084,0.307,-0.307
2026-07-07T00:40:00.000Z,50,50.115,49.999,42,42.016,45.297,99.4,99.847,-0.447,99.8,100.673,-0.873,100.2,101.243,-1.043,100.6,101.648,-1.048,100,100.563,-0.563,100.4,101.231,-0.831,100.8,101.876,-1.076,101.2,102.257,-1.057,100,101.167,101,100.967,34.929,17759280,73.897,0.154,0.426,-0.021,0.111,0.31,-0.305
2026-07-07T00:45:00.000Z,50,50.435,49.854,42,42.285,45.22,99.4,100.121,-0.721,99.8,100.357,-0.557,100.2,100.758,-0.558,100.6,101.547,-0.947,100,100.86,-0.86,100.4,101.231,-0.831,100.8,101.609,-0.809,101.2,102.23,-1.03,100,101.089,101,100.876,34.794,17769510,74.224,0.206,0.398,-0.033,0.095,0.312,-0.303
2026-07-07T00:50:00.000Z,50,50.402,49.394,42,42.463,45.24,99.4,100.001,-0.601,99.8,100.321,-0.521,100.2,100.665,-0.465,100.6,101.099,-0.499,100,100.815,-0.815,100.4,101.293,-0.893,100.8,101.252,-0.452,101.2,102.081,-0.881,100,100.941,101,100.993,34.864,17779740,73.796,0.142,0.352,-0.045,0.104,0.314,-0.301
2026-07-07T00:55:00.000Z,50,50.392,50.014,42,42.39,45.633,99.4,99.894,-0.494,99.8,100.407,-0.607,100.2,101.407,-1.207,100.6,101.882,-1.282,100,101.058,-1.058,100.4,101.127,-0.727,100.8,101.479,-0.679,101.2,101.741,-0.541,100,101.124,101,101.191,35.27,17789970,74.542,0.187,0.43,-0.056,0.152,0.316,-0.298
2026-07-07T01:00:00.000Z,50,50.608,49.957,42,42.367,46.01,99.4,99.983,-0.583,99.8,100.765,-0.965,100.2,101.446,-1.246,100.6,101.772,-1.172,100,100.517,-0.517,100.4,101.628,-1.228,100.8,101.777,-0.977,101.2,101.938,-0.738,100,101.228,101,101.124,35.273,17800200,75.145,0.07,0.324,-0.067,0.153,0.318,-0.295
2026-07-07T01:05:00.000Z,50,50.631,49.761,42,42.124,45.758,99.4,100.872,-1.472,99.8,100.854,-1.054,100.2,101.57,-1.37,100.6,101.195,-0.595,100,101.414,-1.414,100.4,101.252,-0.852,100.8,101.542,-0.742,101.2,102.523,-1.323,100,101.403,101,101.437,35.086,17810430,74.916,0.097,0.256,-0.079,0.13,0.319,-0.292
2026-07-07T01:10:00.000Z,50,50.437,50.196,42,42.563,45.673,99.4,100.695,-1.295,99.8,100.828,-1.028,100.2,100.905,-0.705,100.6,101.802,-1.202,100,100.929,-0.929,100.4,101.692,-1.292,100.8,102.128,-1.328,101.2,102.428,-1.228,100,101.426,101,101.214,35.428,17820660,74.921,0.116,0.262,-0.09,0.171,0.32,-0.288
2026-07-07T01:15:00.000Z,50,50.375,50.955,42,42.162,45.923,99.4,100.169,-0.769,99.8,100.832,-1.032,100.2,101.227,-1.027,100.6,101.947,-1.347,100,101.502,-1.502,100.4,101.765,-1.365,100.8,102.165,-1.365,101.2,102.456,-1.256,100,101.508,101,101.479,35.576,17830890,74.884,-0.007,0.358,-0.101,0.189,0.32,-0.284
2026-07-07T01:20:00.000Z,50,50.554,50.906,42,42.422,45.619,99.4,100.515,-1.115,99.8,100.649,-0.849,100.2,101.759,-1.559,100.6,101.722,-1.122,100,101.568,-1.568,100.4,101.731,-1.331,100.8,101.581,-0.781,101.2,102.391,-1.191,100,101.489,101,101.108,35.454,17841120,75.19,0.043,0.331,-0.112,0.175,0.32,-0.279
2026-07-07T01:25:00.000Z,50,50.736,50.476,42,42.03,45.677,99.4,100.868,-1.468,99.8,101.134,-1.334,100.2,101.258,-1.058,100.6,101.552,-0.952,100,101.399,-1.399,100.4,101.794,-1.394,100.8,101.812,-1.012,101.2,102.41,-1.21,100,101.528,101,101.414,35.488,17851350,75.535,-0.018,0.227,-0.122,0.179,0.32,-0.275
2026-07-07T01:30:00.000Z,50,50.657,51.274,42,42.632,46.032,99.4,100.344,-0.944,99.8,100.837,-1.037,100.2,101.326,-1.126,100.6,101.592,-0.992,100,101.703,-1.703,100.4,102.166,-1.766,100.8,102.503,-1.703,101.2,102.5,-1.3,100,101.621,101,101.14,35.75,17861580,75.817,-0.139,0.286,-0.133,0.21,0.319,-0.27
2026-07-07T01:35:00.000Z,50,50.831,51.436,42,42.199,46.361,99.4,101.216,-1.816,99.8,101.161,-1.361,100.2,101.643,-1.443,100.6,101.682,-1.082,100,101.565,-1.565,100.4,101.375,-0.975,100.8,102.119,-1.319,101.2,102.369,-1.169,100,101.641,101,101.125,35.878,17871810,75.785,-0.126,0.183,-0.143,0.225,0.318,-0.264
2026-07-07T01:40:00.000Z,50,50.4,51.113,42,42.159,46.255,99.4,100.506,-1.106,99.8,101.303,-1.503,100.2,101.423,-1.223,100.6,102.368,-1.768,100,101.21,-1.21,100.4,101.512,-1.112,100.8,101.86,-1.06,101.2,102.629,-1.429,100,101.601,101,101.396,35.675,17882040,76.353,-0.097,0.26,-0.153,0.201,0.317,-0.258
2026-07-07T01:45:00.000Z,50,50.766,51.204,42,42.408,46.035,99.4,100.832,-1.432,99.8,101.623,-1.823,100.2,101.465,-1.265,100.6,102.499,-1.899,100,101.757,-1.757,100.4,101.912,-1.512,100.8,102.66,-1.86,101.2,102.826,-1.626,100,101.947,101,101.498,35.825,17892270,75.824,-0.097,0.25,-0.162,0.219,0.315,-0.252
2026-07-07T01:50:00.000Z,50,50.517,50.683,42,42.664,45.736,99.4,101.269,-1.869,99.8,101.519,-1.719,100.2,102.067,-1.867,100.6,101.705,-1.105,100,101.568,-1.568,100.4,101.821,-1.421,100.8,102.077,-1.277,101.2,103.027,-1.827,100,101.882,101,101.728,35.996,17902500,76.575,-0.249,0.137,-0.172,0.24,0.313,-0.246
2026-07-07T01:55:00.000Z,50,50.743,50.427,42,42.691,46.256,99.4,100.691,-1.291,99.8,101.317,-1.517,100.2,101.603,-1.403,100.6,102.396,-1.796,100,101.945,-1.945,100.4,102.39,-1.99,100.8,102.18,-1.38,101.2,103.191,-1.991,100,101.964,101,101.707,36.168,17912730,76.668,-0.181,0.164,-0.181,0.26,0.31,-0.239
2026-07-07T02:00:00.000Z,50,50.937,50.868,42,42.247,46.322,99.4,100.627,-1.227,99.8,101.303,-1.503,100.2,101.477,-1.277,100.6,102.3,-1.7,100,101.614,-1.614,100.4,102.406,-2.006,100.8,101.956,-1.156,101.2,102.969,-1.769,100,101.832,101,101.797,35.809,17922960,76.155,-0.216,0.138,-0.189,0.217,0.307,-0.232
2026-07-07T02:05:00.000Z,50,50.631,50.754,42,42.513,46.29,99.4,100.962,-1.562,99.8,101.476,-1.676,100.2,102.041,-1.841,100.6,102.232,-1.632,100,101.832,-1.832,100.4,102.034,-1.634,100.8,102.54,-1.74,101.2,102.414,-1.214,100,101.941,101,101.381,36.194,17933190,75.443,-0.188,0.01,-0.198,0.263,0.304,-0.225
2026-07-07T02:10:00.000Z,50,50.742,51.307,42,42.361,46.284,99.4,100.692,-1.292,99.8,101.255,-1.455,100.2,101.469,-1.269,100.6,102.304,-1.704,100,101.467,-1.467,100.4,102.114,-1.714,100.8,102.668,-1.868,101.2,102.988,-1.788,100,101.87,101,101.435,35.931,17943420,75.8,-0.265,0.098,-0.206,0.232,0.301,-0.218
2026-07-07T02:15:00.000Z,50,50.751,50.531,42,42.454,46.578,99.4,100.746,-1.346,99.8,101.426,-1.626,100.2,101.86,-1.66,100.6,102.256,-1.656,100,101.331,-1.331,100.4,102.386,-1.986,100.8,102.155,-1.355,101.2,102.962,-1.762,100,101.89,101,101.409,36.139,17953650,76.292,-0.264,0.021,-0.214,0.257,0.297,-0.21
2026-07-07T02:20:00.000Z,50,50.828,50.344,42,42.303,46.084,99.4,101.202,-1.802,99.8,101.119,-1.319,100.2,102.061,-1.861,100.6,102.086,-1.486,100,102.146,-2.146,100.4,101.911,-1.511,100.8,102.064,-1.264,101.2,102.52,-1.32,100,101.889,101,101.541,36.233,17963880,75.776,-0.286,-0.051,-0.221,0.268,0.293,-0.202
2026-07-07T02:25:00.000Z,50,51.169,50.488,42,42.678,46.352,99.4,101.112,-1.712,99.8,101.68,-1.88,100.2,101.942,-1.742,100.6,102.424,-1.824,100,101.979,-1.979,100.4,102.466,-2.066,100.8,102.384,-1.584,101.2,102.901,-1.701,100,102.111,101,101.421,36.006,17974110,76.166,-0.423,-0.067,-0.228,0.241,0.289,-0.194
2026-07-07T02:30:00.000Z,50,51.01,50.361,42,42.671,45.566,99.4,101.389,-1.989,99.8,101.583,-1.783,100.2,102.371,-2.171,100.6,102.27,-1.67,100,101.817,-1.817,100.4,102.332,-1.932,100.8,102.537,-1.737,101.2,102.676,-1.476,100,102.122,101,101.698,36.048,17984340,76.294,-0.338,-0.123,-0.235,0.246,0.284,-0.185
2026-07-07T02:35:00.000Z,50,51.063,50.757,42,42.325,46.229,99.4,100.972,-1.572,99.8,101.712,-1.912,100.2,102.271,-2.071,100.6,102.381,-1.781,100,101.954,-1.954,100.4,102.14,-1.74,100.8,102.225,-1.425,101.2,103.259,-2.059,100,102.114,101,101.557,36.336,17994570,75.185,-0.42,-0.068,-0.241,0.28,0.279,-0.177
2026-07-07T02:40:00.000Z,50,50.608,50.36,42,42.354,45.807,99.4,101.567,-2.167,99.8,101.553,-1.753,100.2,101.516,-1.316,100.6,102.143,-1.543,100,101.409,-1.409,100.4,102.378,-1.978,100.8,102.543,-1.743,101.2,102.89,-1.69,100,102,101,101.892,36.158,18004800,75.705,-0.42,-0.175,-0.247,0.259,0.273,-0.168
2026-07-07T02:45:00.000Z,50,51.212,49.942,42,42.337,45.978,99.4,101.234,-1.834,99.8,101.279,-1.479,100.2,101.931,-1.731,100.6,101.948,-1.348,100,101.83,-1.83,100.4,102.412,-2.012,100.8,102.829,-2.029,101.2,103.298,-2.098,100,102.095,101,101.708,36.28,18015030,75.118,-0.419,-0.137,-0.252,0.274,0.268,-0.159
2026-07-07T02:50:00.000Z,50,50.951,50.532,42,42.596,45.399,99.4,100.773,-1.373,99.8,101.887,-2.087,100.2,102.214,-2.014,100.6,102.108,-1.508,100,102.132,-2.132,100.4,102.397,-1.997,100.8,102.222,-1.422,101.2,103.42,-2.22,100,102.144,101,101.816,36.391,18025260,75.269,-0.458,-0.104,-0.257,0.287,0.262,-0.149
2026-07-07T02:55:00.000Z,50,50.896,49.93,42,42.622,45.861,99.4,101.379,-1.979,99.8,101.494,-1.694,100.2,101.804,-1.604,100.6,102.003,-1.403,100,102.191,-2.191,100.4,101.772,-1.372,100.8,102.553,-1.753,101.2,103.155,-1.955,100,102.044,101,101.961,36.212,18035490,75.4,-0.366,-0.118,-0.261,0.265,0.255,-0.14
2026-07-07T03:00:00.000Z,50,51.101,50.085,42,42.338,45.851,99.4,101.037,-1.637,99.8,101.373,-1.573,100.2,101.783,-1.583,100.6,102.176,-1.576,100,102.084,-2.084,100.4,102.612,-2.212,100.8,102.613,-1.813,101.2,103.217,-2.017,100,102.112,101,101.599,36.411,18045720,74.325,-0.508,-0.221,-0.265,0.289,0.249,-0.13
2026-07-07T03:05:00.000Z,50,50.752,49.75,42,42.834,45.06,99.4,100.959,-1.559,99.8,101.838,-2.038,100.2,101.875,-1.675,100.6,102.104,-1.504,100,101.598,-1.598,100.4,102.084,-1.684,100.8,102.395,-1.595,101.2,103.246,-2.046,100,102.012,101,101.947,36.392,18055950,74.593,-0.412,-0.302,-0.269,0.287,0.242,-0.12
2026-07-07T03:10:00.000Z,50,51.274,50.423,42,42.392,45.548,99.4,100.878,-1.478,99.8,101.375,-1.575,100.2,102.039,-1.839,100.6,101.948,-1.348,100,101.553,-1.553,100.4,101.89,-1.49,100.8,102.895,-2.095,101.2,103.096,-1.896,100,101.959,101,101.643,36.355,18066180,74.115,-0.396,-0.195,-0.272,0.283,0.235,-0.111
2026-07-07T03:15:00.000Z,50,51.033,50.075,42,42.613,45.124,99.4,101.211,-1.811,99.8,101.905,-2.105,100.2,102.129,-1.929,100.6,101.992,-1.392,100,101.834,-1.834,100.4,102.405,-2.005,100.8,102.739,-1.939,101.2,103.078,-1.878,100,102.162,101,101.712,36.164,18076410,73.715,-0.495,-0.21,-0.274,0.26,0.227,-0.1
2026-07-07T03:20:00.000Z,50,51.255,48.932,42,42.57,44.619,99.4,101.326,-1.926,99.8,101.36,-1.56,100.2,102.101,-1.901,100.6,102.133,-1.533,100,102.142,-2.142,100.4,101.904,-1.504,100.8,102.866,-2.066,101.2,102.837,-1.637,100,102.084,101,101.911,36.01,18086640,74.646,-0.38,-0.208,-0.276,0.241,0.22,-0.09
2026-07-07T03:25:00.000Z,50,51.354,49.496,42,42.667,45.285,99.4,101.26,-1.86,99.8,101.335,-1.535,100.2,101.65,-1.45,100.6,102.436,-1.836,100,101.389,-1.389,100.4,101.836,-1.436,100.8,102.736,-1.936,101.2,102.564,-1.364,100,101.901,101,101.801,35.988,18096870,73.153,-0.454,-0.24,-0.278,0.239,0.212,-0.08
2026-07-07T03:30:00.000Z,50,50.769,49.492,42,42.715,44.51,99.4,101.12,-1.72,99.8,101.755,-1.955,100.2,101.986,-1.786,100.6,102.245,-1.645,100,101.774,-1.774,100.4,101.844,-1.444,100.8,102.808,-2.008,101.2,102.527,-1.327,100,102.007,101,102.204,36.355,18107100,72.964,-0.395,-0.319,-0.279,0.283,0.204,-0.07
2026-07-07T03:35:00.000Z,50,51.119,49.548,42,42.993,45.023,99.4,101.066,-1.666,99.8,101.32,-1.52,100.2,102.223,-2.023,100.6,102.703,-2.103,100,101.558,-1.558,100.4,102.013,-1.613,100.8,102.13,-1.33,101.2,103.205,-2.005,100,102.027,101,102.224,36.093,18117330,73.535,-0.446,-0.311,-0.28,0.251,0.195,-0.059
2026-07-07T03:40:00.000Z,50,51.175,48.473,42,42.664,44.572,99.4,101.169,-1.769,99.8,101.735,-1.935,100.2,101.711,-1.511,100.6,102.573,-1.973,100,101.927,-1.927,100.4,101.789,-1.389,100.8,102.05,-1.25,101.2,102.751,-1.551,100,101.963,101,102.165,36.376,18127560,72.91,-0.389,-0.368,-0.28,0.285,0.187,-0.049
2026-07-07T03:45:00.000Z,50,51.178,49.054,42,42.845,44.064,99.4,100.763,-1.363,99.8,101.16,-1.36,100.2,102.034,-1.834,100.6,101.836,-1.236,100,101.712,-1.712,100.4,102.357,-1.957,100.8,102.554,-1.754,101.2,103.207,-2.007,100,101.953,101,102.267,36.109,18137790,73.048,-0.359,-0.382,-0.28,0.253,0.178,-0.038
2026-07-07T03:50:00.000Z,50,51.145,48.122,42,42.7,44.25,99.4,101.12,-1.72,99.8,101.178,-1.378,100.2,102.194,-1.994,100.6,102.343,-1.743,100,101.499,-1.499,100.4,101.634,-1.234,100.8,102.623,-1.823,101.2,102.637,-1.437,100,101.904,101,102.095,36.282,18148020,73.155,-0.423,-0.331,-0.279,0.274,0.169,-0.027
2026-07-07T03:55:00.000Z,50,51.412,48.263,42,42.72,44.021,99.4,101.322,-1.922,99.8,101.359,-1.559,100.2,101.969,-1.769,100.6,101.971,-1.371,100,101.903,-1.903,100.4,101.545,-1.145,100.8,102.701,-1.901,101.2,103.074,-1.874,100,101.98,101,101.866,36.099,18158250,71.72,-0.355,-0.329,-0.278,0.252,0.16,-0.017
2026-07-07T04:00:00.000Z,50,51.138,47.642,42,42.634,43.889,99.4,100.938,-1.538,99.8,101.566,-1.766,100.2,101.651,-1.451,100.6,102.123,-1.523,100,101.522,-1.522,100.4,102.004,-1.604,100.8,102.703,-1.903,101.2,103.001,-1.801,100,101.938,101,102.043,36.075,18168480,71.905,-0.399,-0.452,-0.276,0.249,0.151,-0.006
2026-07-07T04:05:00.000Z,50,51.511,47.958,42,42.579,43.884,99.4,100.758,-1.358,99.8,101.375,-1.575,100.2,102.014,-1.814,100.6,102.006,-1.406,100,101.24,-1.24,100.4,102.094,-1.694,100.8,102.286,-1.486,101.2,102.515,-1.315,100,101.786,101,102.068,35.987,18178710,72.355,-0.304,-0.365,-0.274,0.238,0.141,0.005
2026-07-07T04:10:00.000Z,50,50.956,48.039,42,42.716,44.046,99.4,100.896,-1.496,99.8,101.514,-1.714,100.2,101.9,-1.7,100.6,102.356,-1.756,100,101.627,-1.627,100.4,102.04,-1.64,100.8,102.159,-1.359,101.2,102.793,-1.593,100,101.911,101,102.428,35.946,18188940,71.891,-0.387,-0.346,-0.271,0.234,0.132,0.015
2026-07-07T04:15:00.000Z,50,51.233,47.845,42,43.04,43.863,99.4,101.046,-1.646,99.8,100.878,-1.078,100.2,101.254,-1.054,100.6,102.387,-1.787,100,101.205,-1.205,100.4,102.157,-1.757,100.8,102.722,-1.922,101.2,102.276,-1.076,100,101.741,101,102.205,35.826,18199170,71.401,-0.264,-0.467,-0.268,0.219,0.122,0.026
2026-07-07T04:20:00.000Z,50,51.148,47.451,42,43.005,42.941,99.4,100.94,-1.54,99.8,101.468,-1.668,100.2,102.057,-1.857,100.6,102.454,-1.854,100,101.72,-1.72,100.4,101.804,-1.404,100.8,102.26,-1.46,101.2,103.014,-1.814,100,101.965,101,102.09,35.857,18209400,70.759,-0.315,-0.452,-0.264,0.223,0.112,0.037
2026-07-07T04:25:00.000Z,50,51.192,47.507,42,42.572,43.754,99.4,101.041,-1.641,99.8,101.668,-1.868,100.2,101.477,-1.277,100.6,102.156,-1.556,100,101.023,-1.023,100.4,101.623,-1.223,100.8,102.245,-1.445,101.2,102.969,-1.769,100,101.775,101,102.332,35.703,18219630,70.762,-0.194,-0.402,-0.26,0.204,0.102,0.047
2026-07-07T04:30:00.000Z,50,51.569,47.274,42,42.797,43.019,99.4,100.614,-1.214,99.8,101.481,-1.681,100.2,101.238,-1.038,100.6,102.181,-1.581,100,101.671,-1.671,100.4,102.058,-1.658,100.8,102.245,-1.445,101.2,102.752,-1.552,100,101.78,101,102.032,36.11,18229860,71.045,-0.308,-0.341,-0.255,0.253,0.092,0.058
2026-07-07T04:35:00.000Z,50,51.433,46.386,42,42.813,42.668,99.4,100.693,-1.293,99.8,101.194,-1.394,100.2,101.768,-1.568,100.6,101.848,-1.248,100,101.291,-1.291,100.4,101.334,-0.934,100.8,102.38,-1.58,101.2,102.539,-1.339,100,101.631,101,102.277,35.651,18240090,70.001,-0.21,-0.433,-0.25,0.198,0.081,0.068
2026-07-07T04:40:00.000Z,50,51.482,46.568,42,42.551,42.814,99.4,100.761,-1.361,99.8,101.128,-1.328,100.2,101.26,-1.06,100.6,101.649,-1.049,100,101.156,-1.156,100.4,101.73,-1.33,100.8,102.403,-1.603,101.2,102.378,-1.178,100,101.558,101,102.161,35.779,18250320,70.272,-0.21,-0.484,-0.245,0.213,0.071,0.079
2026-07-07T04:45:00.000Z,50,51.175,45.95,42,42.869,42.501,99.4,100.608,-1.208,99.8,100.984,-1.184,100.2,101.215,-1.015,100.6,101.527,-0.927,100,101.201,-1.201,100.4,101.794,-1.394,100.8,102.504,-1.704,101.2,102.178,-0.978,100,101.501,101,102.199,35.772,18260550,69.42,-0.214,-0.367,-0.239,0.213,0.061,0.089
2026-07-07T04:50:00.000Z,50,51.363,45.909,42,42.891,42.475,99.4,100.856,-1.456,99.8,100.714,-0.914,100.2,101.239,-1.039,100.6,101.632,-1.032,100,101.178,-1.178,100.4,101.701,-1.301,100.8,101.651,-0.851,101.2,102.744,-1.544,100,101.464,101,102.463,35.854,18270780,69.266,-0.213,-0.414,-0.233,0.222,0.05,0.099
2026-07-07T04:55:00.000Z,50,51.517,45.625,42,42.871,42.412,99.4,100.658,-1.258,99.8,101.211,-1.411,100.2,101.604,-1.404,100.6,102.154,-1.554,100,101.486,-1.486,100.4,101.874,-1.474,100.8,101.891,-1.091,101.2,102.599,-1.399,100,101.685,101,102.539,35.575,18281010,68.914,-0.112,-0.388,-0.226,0.189,0.039,0.109
2026-07-07T05:00:00.000Z,50,51.633,45.748,42,42.612,42.737,99.4,100.941,-1.541,99.8,101.042,-1.242,100.2,101.19,-0.99,100.6,101.395,-0.795,100,100.854,-0.854,100.4,101.762,-1.362,100.8,102.287,-1.487,101.2,102.791,-1.591,100,101.533,101,102.545,35.624,18291240,68.975,-0.107,-0.435,-0.219,0.195,0.029,0.119
2026-07-07T05:05:00.000Z,50,51.098,45.436,42,42.74,41.887,99.4,100.759,-1.359,99.8,101.205,-1.405,100.2,101.122,-0.922,100.6,101.382,-0.782,100,101.609,-1.609,100.4,101.762,-1.362,100.8,101.647,-0.847,101.2,102.428,-1.228,100,101.489,101,102.176,35.879,18301470,68.915,-0.043,-0.45,-0.212,0.225,0.018,0.129
2026-07-07T05:10:00.000Z,50,51.713,45.214,42,42.989,41.824,99.4,100.687,-1.287,99.8,100.801,-1.001,100.2,101.129,-0.929,100.6,102.032,-1.432,100,101.244,-1.244,100.4,101.54,-1.14,100.8,101.965,-1.165,101.2,102.18,-0.98,100,101.447,101,102.363,35.81,18311700,69.517,-0.014,-0.407,-0.204,0.217,0.008,0.138
2026-07-07T05:15:00.000Z,50,51.235,45.561,42,43.155,42.592,99.4,100.635,-1.235,99.8,100.581,-0.781,100.2,101.556,-1.356,100.6,101.912,-1.312,100,101.212,-1.212,100.4,101.269,-0.869,100.8,102.076,-1.276,101.2,102.228,-1.028,100,101.434,101,102.071,35.879,18321930,68.765,0.008,-0.352,-0.196,0.226,-0.003,0.148
2026-07-07T05:20:00.000Z,50,51.269,45.288,42,43.006,42.511,99.4,100.172,-0.772,99.8,101.386,-1.586,100.2,101.07,-0.87,100.6,101.704,-1.104,100,100.968,-0.968,100.4,101.754,-1.354,100.8,101.602,-0.802,101.2,102.198,-0.998,100,101.357,101,102.085,35.69,18332160,69.104,0.057,-0.388,-0.187,0.203,-0.014,0.157
2026-07-07T05:25:00.000Z,50,51.175,45.853,42,42.696,42.101,99.4,100.882,-1.482,99.8,101.103,-1.303,100.2,101.094,-0.894,100.6,101.894,-1.294,100,100.884,-0.884,100.4,101.388,-0.988,100.8,102.047,-1.247,101.2,102.004,-0.804,100,101.412,101,102.446,35.715,18342390,68.536,0.021,-0.387,-0.178,0.206,-0.024,0.166
2026-07-07T05:30:00.000Z,50,51.18,45.194,42,42.808,41.788,99.4,100.239,-0.839,99.8,101.023,-1.223,100.2,101.028,-0.828,100.6,101.564,-0.964,100,100.904,-0.904,100.4,101.302,-0.902,100.8,101.787,-0.987,101.2,102.404,-1.204,100,101.281,101,102.422,35.595,18352620,67.815,0.16,-0.289,-0.169,0.191,-0.035,0.175
2026-07-07T05:35:00.000Z,50,51.089,44.997,42,42.998,41.543,99.4,100.254,-0.854,99.8,101.31,-1.51,100.2,101.522,-1.322,100.6,101.696,-1.096,100,101.158,-1.158,100.4,101.732,-1.332,100.8,101.501,-0.701,101.2,102.772,-1.572,100,101.493,101,102.405,35.75,18362850,68.907,0.149,-0.354,-0.16,0.21,-0.046,0.184
2026-07-07T05:40:00.000Z,50,51.431,45.2,42,42.837,42.111,99.4,100.935,-1.535,99.8,100.546,-0.746,100.2,101.018,-0.818,100.6,101.569,-0.969,100,101.087,-1.087,100.4,101.411,-1.011,100.8,101.915,-1.115,101.2,102.487,-1.287,100,101.371,101,102.415,35.491,18373080,68.297,0.231,-0.272,-0.15,0.179,-0.056,0.193
2026-07-07T05:45:00.000Z,50,51.526,44.913,42,42.879,42.165,99.4,100.2,-0.8,99.8,101.189,-1.389,100.2,101.028,-0.828,100.6,101.939,-1.339,100,101.329,-1.329,100.4,101.359,-0.959,100.8,101.692,-0.892,101.2,102.589,-1.389,100,101.416,101,102.416,35.645,18383310,67.819,0.13,-0.248,-0.14,0.197,-0.067,0.201
2026-07-07T05:50:00.000Z,50,51.126,45.529,42,42.76,41.921,99.4,100.636,-1.236,99.8,100.826,-1.026,100.2,101.053,-0.853,100.6,101.368,-0.768,100,100.835,-0.835,100.4,101.366,-0.966,100.8,101.481,-0.681,101.2,101.883,-0.683,100,101.181,101,102.447,35.454,18393540,67.605,0.229,-0.259,-0.13,0.174,-0.077,0.209
2026-07-07T05:55:00.000Z,50,51.338,45.147,42,43.084,42.246,99.4,100.833,-1.433,99.8,100.884,-1.084,100.2,101.398,-1.198,100.6,101.908,-1.308,100,100.656,-0.656,100.4,101.103,-0.703,100.8,102.323,-1.523,101.2,102.192,-0.992,100,101.412,101,102.111,35.751,18403770,68.573,0.29,-0.262,-0.119,0.21,-0.087,0.217
2026-07-07T06:00:00.000Z,50,51.691,44.597,42,42.834,42.035,99.4,100.927,-1.527,99.8,100.672,-0.872,100.2,101.147,-0.947,100.6,101.684,-1.084,100,100.964,-0.964,100.4,101.093,-0.693,100.8,101.862,-1.062,101.2,102.178,-0.978,100,101.316,101,102.142,35.408,18414000,67.889,0.28,-0.224,-0.109,0.169,-0.098,0.224
2026-07-07T06:05:00.000Z,50,51.561,44.866,42,42.859,41.64,99.4,100.907,-1.507,99.8,100.847,-1.047,100.2,101.72,-1.52,100.6,102.002,-1.402,100,101.012,-1.012,100.4,101.875,-1.475,100.8,101.72,-0.92,101.2,102.39,-1.19,100,101.559,101,102.559,35.72,18424230,68.563,0.36,-0.204,-0.098,0.206,-0.108,0.231
2026-07-07T06:10:00.000Z,50,51.448,44.973,42,43.185,41.778,99.4,100.703,-1.303,99.8,101.263,-1.463,100.2,101.312,-1.112,100.6,101.599,-0.999,100,100.945,-0.945,100.4,101.794,-1.394,100.8,101.908,-1.108,101.2,102.358,-1.158,100,101.485,101,102.339,35.725,18434460,68.228,0.368,-0.184,-0.087,0.207,-0.118,0.238
2026-07-07T06:15:00.000Z,50,51.476,45.501,42,43.009,41.938,99.4,100.678,-1.278,99.8,100.98,-1.18,100.2,101.082,-0.882,100.6,101.329,-0.729,100,101.408,-1.408,100.4,101.189,-0.789,100.8,102.333,-1.533,101.2,102.358,-1.158,100,101.42,101,102.487,35.452,18444690,68.014,0.353,-0.159,-0.076,0.174,-0.127,0.245
2026-07-07T06:20:00.000Z,50,51.281,44.898,42,43.024,42.348,99.4,100.883,-1.483,99.8,100.69,-0.89,100.2,101.561,-1.361,100.6,101.572,-0.972,100,101.554,-1.554,100.4,101.841,-1.441,100.8,101.849,-1.049,101.2,102.128,-0.928,100,101.51,101,102.387,35.555,18454920,68.331,0.315,-0.023,-0.064,0.187,-0.137,0.251
2026-07-07T06:25:00.000Z,50,51.482,44.9,42,42.84,42.286,99.4,100.384,-0.984,99.8,100.764,-0.964,100.2,101.27,-1.07,100.6,101.284,-0.684,100,101.186,-1.186,100.4,101.921,-1.521,100.8,101.892,-1.092,101.2,102.751,-1.551,100,101.432,101,102.26,35.846,18465150,68.79,0.351,0.001,-0.053,0.222,-0.147,0.258
2026-07-07T06:30:00.000Z,50,51.137,44.7,42,43.136,41.918,99.4,100.848,-1.448,99.8,100.881,-1.081,100.2,101.006,-0.806,100.6,101.348,-0.748,100,100.833,-0.833,100.4,101.383,-0.983,100.8,102.364,-1.564,101.2,102.026,-0.826,100,101.336,101,102.192,35.522,18475380,68.574,0.41,0.018,-0.041,0.183,-0.156,0.263
2026-07-07T06:35:00.000Z,50,51.535,44.824,42,42.886,42.214,99.4,100.245,-0.845,99.8,100.632,-0.832,100.2,101.372,-1.172,100.6,101.671,-1.071,100,100.998,-0.998,100.4,101.822,-1.422,100.8,101.821,-1.021,101.2,102.745,-1.545,100,101.413,101,102.21,35.658,18485610,67.864,0.439,-0.052,-0.03,0.199,-0.165,0.269
2026-07-07T06:40:00.000Z,50,51.718,45.536,42,43.147,41.793,99.4,100.342,-0.942,99.8,100.596,-0.796,100.2,101.459,-1.259,100.6,101.698,-1.098,100,101.571,-1.571,100.4,101.527,-1.127,100.8,102.412,-1.612,101.2,102.515,-1.315,100,101.515,101,102.234,35.851,18495840,69.121,0.419,-0.037,-0.018,0.222,-0.174,0.274
2026-07-07T06:45:00.000Z,50,51.635,45.09,42,43.076,42.053,99.4,100.678,-1.278,99.8,101.171,-1.371,100.2,101.375,-1.175,100.6,101.997,-1.397,100,100.781,-0.781,100.4,101.932,-1.532,100.8,101.827,-1.027,101.2,102.471,-1.271,100,101.529,101,102.044,35.708,18506070,69.23,0.399,0.071,-0.007,0.205,-0.183,0.279
2026-07-07T06:50:00.000Z,50,51.063,45.774,42,42.885,42.413,99.4,100.463,-1.063,99.8,101.259,-1.459,100.2,101.131,-0.931,100.6,101.891,-1.291,100,101.574,-1.574,100.4,101.342,-0.942,100.8,101.563,-0.763,101.2,102.417,-1.217,100,101.455,101,102.403,35.737,18516300,69.368,0.42,0.157,0.005,0.208,-0.192,0.283
2026-07-07T06:55:00.000Z,50,51.184,46.117,42,42.755,42.738,99.4,100.434,-1.034,99.8,101.284,-1.484,100.2,101.266,-1.066,100.6,101.647,-1.047,100,101.098,-1.098,100.4,101.729,-1.329,100.8,102.297,-1.497,101.2,102.251,-1.051,100,101.501,101,102.188,35.706,18526530,69.119,0.473,0.129,0.017,0.205,-0.2,0.287
2026-07-07T07:00:00.000Z,50,51.402,46.421,42,42.944,42.407,99.4,100.458,-1.058,99.8,101.176,-1.376,100.2,101.833,-1.633,100.6,101.872,-1.272,100,101.316,-1.316,100.4,101.857,-1.457,100.8,101.692,-0.892,101.2,102.381,-1.181,100,101.573,101,102.113,35.773,18536760,68.948,0.514,0.11,0.028,0.213,-0.209,0.291
2026-07-07T07:05:00.000Z,50,51.056,46.221,42,43.111,42.453,99.4,100.389,-0.989,99.8,100.849,-1.049,100.2,101.034,-0.834,100.6,101.639,-1.039,100,100.948,-0.948,100.4,101.771,-1.371,100.8,102.292,-1.492,101.2,102.406,-1.206,100,101.416,101,102.187,36.017,18546990,69.219,0.449,0.114,0.04,0.242,-0.216,0.295
2026-07-07T07:10:00.000Z,50,51.683,46.589,42,43.135,42.832,99.4,100.86,-1.46,99.8,101.349,-1.549,100.2,101.777,-1.577,100.6,101.976,-1.376,100,100.846,-0.846,100.4,101.631,-1.231,100.8,101.921,-1.121,101.2,102.475,-1.275,100,101.604,101,102.48,35.584,18557220,69.623,0.463,0.147,0.052,0.19,-0.224,0.298
2026-07-07T07:15:00.000Z,50,51.095,46.932,42,43.146,42.872,99.4,101.073,-1.673,99.8,100.851,-1.051,100.2,101.564,-1.364,100.6,101.637,-1.037,100,101.281,-1.281,100.4,102.151,-1.751,100.8,102.429,-1.629,101.2,102.839,-1.639,100,101.728,101,102.267,35.808,18567450,70.464,0.436,0.209,0.063,0.217,-0.232,0.301
2026-07-07T07:20:00.000Z,50,51.361,46.038,42,42.561,43.265,99.4,100.474,-1.074,99.8,101.177,-1.377,100.2,101.871,-1.671,100.6,102.005,-1.405,100,100.933,-0.933,100.4,101.571,-1.171,100.8,101.825,-1.025,101.2,102.428,-1.228,100,101.536,101,102.455,35.677,18577680,69.67,0.44,0.264,0.074,0.201,-0.239,0.303
2026-07-07T07:25:00.000Z,50,51.034,46.541,42,42.87,42.626,99.4,100.708,-1.308,99.8,101.083,-1.283,100.2,101.946,-1.746,100.6,102.077,-1.477,100,101.028,-1.028,100.4,101.377,-0.977,100.8,102.332,-1.532,101.2,102.915,-1.715,100,101.683,101,102.371,35.941,18587910,69.545,0.463,0.242,0.085,0.233,-0.246,0.305
2026-07-07T07:30:00.000Z,50,51.46,46.641,42,43.034,42.805,99.4,101.088,-1.688,99.8,101.038,-1.238,100.2,101.225,-1.025,100.6,102.403,-1.803,100,101.11,-1.11,100.4,101.635,-1.235,100.8,102.596,-1.796,101.2,102.668,-1.468,100,101.72,101,102.483,35.99,18598140,70.499,0.454,0.251,0.096,0.239,-0.253,0.307
2026-07-07T07:35:00.000Z,50,50.963,47.339,42,43.052,43.391,99.4,100.933,-1.533,99.8,100.885,-1.085,100.2,101.267,-1.067,100.6,102.366,-1.766,100,101.676,-1.676,100.4,101.621,-1.221,100.8,102.409,-1.609,101.2,102.838,-1.638,100,101.749,101,101.945,35.967,18608370,70.578,0.372,0.234,0.107,0.236,-0.259,0.308
2026-07-07T07:40:00.000Z,50,51.565,47.302,42,42.725,43.395,99.4,100.471,-1.071,99.8,100.909,-1.109,100.2,101.65,-1.45,100.6,102.211,-1.611,100,101.674,-1.674,100.4,101.77,-1.37,100.8,102.401,-1.601,101.2,102.996,-1.796,100,101.76,101,102.415,35.747,18618600,70.581,0.382,0.338,0.118,0.21,-0.265,0.309
2026-07-07T07:45:00.000Z,50,50.959,47.7,42,42.741,43.739,99.4,100.627,-1.227,99.8,101.172,-1.372,100.2,101.313,-1.113,100.6,102.263,-1.663,100,101.551,-1.551,100.4,101.994,-1.594,100.8,102.19,-1.39,101.2,102.662,-1.462,100,101.721,101,102.224,36.036,18628830,71.322,0.453,0.248,0.128,0.244,-0.271,0.31
2026-07-07T07:50:00.000Z,50,51.59,47.475,42,42.879,43.394,99.4,100.912,-1.512,99.8,101.307,-1.507,100.2,101.355,-1.155,100.6,101.965,-1.365,100,101.892,-1.892,100.4,101.803,-1.403,100.8,102.127,-1.327,101.2,102.564,-1.364,100,101.741,101,102.078,35.959,18639060,71.451,0.412,0.369,0.139,0.235,-0.276,0.31
2026-07-07T07:55:00.000Z,50,51.21,47.541,42,42.798,43.451,99.4,101.238,-1.838,99.8,101.422,-1.622,100.2,102.075,-1.875,100.6,101.875,-1.275,100,101.188,-1.188,100.4,101.596,-1.196,100.8,102.405,-1.605,101.2,102.779,-1.579,100,101.822,101,101.91,35.902,18649290,72.308,0.384,0.323,0.149,0.228,-0.282,0.31
2026-07-07T08:00:00.000Z,50,51.189,47.911,42,42.691,44.403,99.4,100.913,-1.513,99.8,101.173,-1.373,100.2,102.148,-1.948,100.6,101.726,-1.126,100,101.265,-1.265,100.4,101.715,-1.315,100.8,102.167,-1.367,101.2,102.484,-1.284,100,101.699,101,102.256,36.002,18659520,72.435,0.385,0.439,0.159,0.24,-0.287,0.309
2026-07-07T08:05:00.000Z,50,51.519,48.683,42,43.036,43.689,99.4,100.605,-1.205,99.8,101.494,-1.694,100.2,101.739,-1.539,100.6,101.973,-1.373,100,101.325,-1.325,100.4,101.713,-1.313,100.8,102.615,-1.815,101.2,102.798,-1.598,100,101.783,101,102.207,36.248,18669750,71.638,0.315,0.459,0.168,0.27,-0.291,0.308
2026-07-07T08:10:00.000Z,50,50.94,48.945,42,42.668,44.563,99.4,101.315,-1.915,99.8,101.774,-1.974,100.2,102.238,-2.038,100.6,102.453,-1.853,100,101.996,-1.996,100.4,102.383,-1.983,100.8,102.761,-1.961,101.2,102.758,-1.558,100,102.21,101,102.2,36.219,18679980,72.835,0.373,0.323,0.177,0.266,-0.295,0.307
2026-07-07T08:15:00.000Z,50,51.366,48.457,42,42.891,44.02,99.4,100.862,-1.462,99.8,100.985,-1.185,100.2,102.095,-1.895,100.6,101.819,-1.219,100,101.766,-1.766,100.4,101.795,-1.395,100.8,102.373,-1.573,101.2,102.433,-1.233,100,101.766,101,102.248,36.213,18690210,72.263,0.247,0.448,0.186,0.266,-0.299,0.306
2026-07-07T08:20:00.000Z,50,51.329,48.303,42,42.709,44.774,99.4,100.748,-1.348,99.8,101.425,-1.625,100.2,101.633,-1.433,100.6,102.696,-2.096,100,102.002,-2.002,100.4,101.998,-1.598,100.8,102.382,-1.582,101.2,103.136,-1.936,100,102.003,101,101.743,36.195,18700440,73.223,0.274,0.4,0.195,0.263,-0.303,0.304
2026-07-07T08:25:00.000Z,50,51.357,49.386,42,42.689,44.21,99.4,101.211,-1.811,99.8,101.393,-1.593,100.2,102.23,-2.03,100.6,102.505,-1.905,100,102.077,-2.077,100.4,101.742,-1.342,100.8,102.647,-1.847,101.2,102.799,-1.599,100,102.076,101,101.801,35.948,18710670,73.906,0.282,0.426,0.203,0.234,-0.306,0.301
2026-07-07T08:30:00.000Z,50,50.947,49.263,42,42.579,44.951,99.4,100.772,-1.372,99.8,101.874,-2.074,100.2,102.143,-1.943,100.6,102.454,-1.854,100,101.998,-1.998,100.4,101.895,-1.495,100.8,102.051,-1.251,101.2,103.146,-1.946,100,102.042,101,101.762,36.42,18720900,73.946,0.156,0.341,0.211,0.29,-0.309,0.299
2026-07-07T08:35:00.000Z,50,51.404,49.735,42,42.454,44.732,99.4,101.139,-1.739,99.8,101.946,-2.146,100.2,102.134,-1.934,100.6,102.19,-1.59,100,101.723,-1.723,100.4,102.274,-1.874,100.8,102.254,-1.454,101.2,103.309,-2.109,100,102.121,101,102.197,36.173,18731130,73.07,0.248,0.411,0.218,0.261,-0.312,0.296
2026-07-07T08:40:00.000Z,50,51.416,49.203,42,42.96,44.747,99.4,101.176,-1.776,99.8,101.309,-1.509,100.2,101.974,-1.774,100.6,102.572,-1.972,100,101.796,-1.796,100.4,102.132,-1.732,100.8,102.127,-1.327,101.2,102.574,-1.374,100,101.958,101,101.777,36.218,18741360,74.351,0.229,0.419,0.225,0.266,-0.314,0.292
2026-07-07T08:45:00.000Z,50,51.344,49.22,42,42.876,45.284,99.4,100.83,-1.43,99.8,101.502,-1.702,100.2,101.796,-1.596,100.6,102.025,-1.425,100,102.074,-2.074,100.4,102.396,-1.996,100.8,102.325,-1.525,101.2,103.308,-2.108,100,102.032,101,101.891,36.341,18751590,74.08,0.112,0.431,0.232,0.281,-0.316,0.288
2026-07-07T08:50:00.000Z,50,51.081,50.147,42,42.731,45.414,99.4,101.469,-2.069,99.8,101.198,-1.398,100.2,102.035,-1.835,100.6,102.514,-1.914,100,101.447,-1.447,100.4,102.061,-1.661,100.8,102.872,-2.072,101.2,103.36,-2.16,100,102.12,101,101.619,36.41,18761820,74.3,0.061,0.355,0.238,0.289,-0.317,0.284
2026-07-07T08:55:00.000Z,50,51.074,50.563,42,42.756,45.251,99.4,101.028,-1.628,99.8,101.822,-2.022,100.2,102.106,-1.906,100.6,101.969,-1.369,100,101.798,-1.798,100.4,102.556,-2.156,100.8,102.871,-2.071,101.2,103.237,-2.037,100,102.173,101,101.821,36.17,18772050,75.152,0.083,0.432,0.244,0.26,-0.319,0.28
2026-07-07T09:00:00.000Z,50,51.24,50.283,42,42.59,45.588,99.4,100.988,-1.588,99.8,101.961,-2.161,100.2,102.334,-2.134,100.6,101.999,-1.399,100,102.184,-2.184,100.4,102.34,-1.94,100.8,102.121,-1.321,101.2,102.582,-1.382,100,102.064,101,101.862,36.353,18782280,75.157,-0.007,0.336,0.25,0.282,-0.319,0.275
2026-07-07T09:05:00.000Z,50,51.034,49.89,42,42.602,45.501,99.4,101.497,-2.097,99.8,101.196,-1.396,100.2,102.154,-1.954,100.6,102.572,-1.972,100,101.617,-1.617,100.4,101.772,-1.372,100.8,102.696,-1.896,101.2,102.956,-1.756,100,102.058,101,101.73,36.436,18792510,74.57,0.01,0.475,0.255,0.292,-0.32,0.27
2026-07-07T09:10:00.000Z,50,50.959,50.453,42,42.758,45.31,99.4,100.792,-1.392,99.8,101.203,-1.403,100.2,101.979,-1.779,100.6,102.105,-1.505,100,101.643,-1.643,100.4,102.567,-2.167,100.8,102.47,-1.67,101.2,103.207,-2.007,100,101.996,101,101.812,36.494,18802740,75.482,0.022,0.351,0.259,0.299,-0.32,0.265
2026-07-07T09:15:00.000Z,50,50.923,51.048,42,42.835,45.335,99.4,101.524,-2.124,99.8,101.594,-1.794,100.2,101.93,-1.73,100.6,102.758,-2.158,100,102.08,-2.08,100.4,101.753,-1.353,100.8,102.814,-2.014,101.2,102.768,-1.568,100,102.153,101,101.545,36.129,18812970,75.17,0.006,0.385,0.264,0.255,-0.32,0.259
2026-07-07T09:20:00.000Z,50,50.693,50.294,42,42.707,45.828,99.4,100.778,-1.378,99.8,101.937,-2.137,100.2,101.877,-1.677,100.6,102.33,-1.73,100,101.483,-1.483,100.4,101.737,-1.337,100.8,102.546,-1.746,101.2,103.39,-2.19,100,102.01,101,101.726,36.426,18823200,75.23,-0.102,0.333,0.267,0.291,-0.319,0.253
2026-07-07T09:25:00.000Z,50,50.578,51.237,42,42.792,45.86,99.4,101.575,-2.175,99.8,101.206,-1.406,100.2,102.324,-2.124,100.6,102.512,-1.912,100,101.832,-1.832,100.4,102.352,-1.952,100.8,102.666,-1.866,101.2,103.145,-1.945,100,102.202,101,101.608,36.146,18833430,75.951,-0.052,0.437,0.271,0.258,-0.318,0.247
2026-07-07T09:30:00.000Z,50,50.623,50.958,42,42.827,46.256,99.4,100.952,-1.552,99.8,101.327,-1.527,100.2,102.035,-1.835,100.6,102.674,-2.074,100,101.985,-1.985,100.4,102.229,-1.829,100.8,102.491,-1.691,101.2,102.754,-1.554,100,102.056,101,101.98,36.318,18843660,76.386,-0.168,0.367,0.273,0.278,-0.317,0.24
2026-07-07T09:35:00.000Z,50,50.84,50.805,42,42.646,46.039,99.4,101.25,-1.85,99.8,101.873,-2.073,100.2,101.528,-1.328,100.6,102.296,-1.696,100,101.453,-1.453,100.4,101.747,-1.347,100.8,102.491,-1.691,101.2,102.977,-1.777,100,101.952,101,101.596,35.951,18853890,75.797,-0.211,0.367,0.276,0.234,-0.315,0.233
2026-07-07T09:40:00.000Z,50,50.894,50.623,42,42.257,46.251,99.4,100.78,-1.38,99.8,101.557,-1.757,100.2,101.561,-1.361,100.6,102.729,-2.129,100,102.064,-2.064,100.4,101.724,-1.324,100.8,102.837,-2.037,101.2,103.009,-1.809,100,102.033,101,101.798,35.912,18864120,76.064,-0.136,0.283,0.277,0.229,-0.313,0.226
2026-07-07T09:45:00.000Z,50,50.799,51.292,42,42.458,46.371,99.4,101.263,-1.863,99.8,101.463,-1.663,100.2,102.233,-2.033,100.6,101.858,-1.258,100,102.013,-2.013,100.4,102.075,-1.675,100.8,102.54,-1.74,101.2,102.581,-1.381,100,102.003,101,101.673,36.272,18874350,76.586,-0.131,0.229,0.279,0.273,-0.311,0.218
2026-07-07T09:50:00.000Z,50,50.573,51.103,42,42.713,45.94,99.4,100.998,-1.598,99.8,101.631,-1.831,100.2,102.263,-2.063,100.6,102.296,-1.696,100,101.234,-1.234,100.4,102.049,-1.649,100.8,102.333,-1.533,101.2,103.142,-1.942,100,101.993,101,101.819,36.025,18884580,76.355,-0.203,0.339,0.28,0.243,-0.308,0.211
2026-07-07T09:55:00.000Z,50,50.896,51.151,42,42.504,46.02,99.4,100.863,-1.463,99.8,101.647,-1.847,100.2,101.732,-1.532,100.6,101.974,-1.374,100,101.221,-1.221,100.4,102.13,-1.73,100.8,102.47,-1.67,101.2,102.736,-1.536,100,101.847,101,101.436,36.21,18894810,75.854,-0.247,0.199,0.28,0.265,-0.305,0.203
2026-07-07T10:00:00.000Z,50,50.622,51.192,42,42.195,45.935,99.4,101.027,-1.627,99.8,101.781,-1.981,100.2,101.449,-1.249,100.6,101.778,-1.178,100,101.713,-1.713,100.4,102.294,-1.894,100.8,102.459,-1.659,101.2,103.042,-1.842,100,101.943,101,101.816,36.054,18905040,76.517,-0.318,0.156,0.28,0.247,-0.302,0.195
2026-07-07T10:05:00.000Z,50,50.335,50.481,42,42.618,46.396,99.4,101.095,-1.695,99.8,101.175,-1.375,100.2,101.816,-1.616,100.6,101.916,-1.316,100,101.745,-1.745,100.4,102.306,-1.906,100.8,102.76,-1.96,101.2,102.406,-1.206,100,101.902,101,101.683,36.013,18915270,75.331,-0.281,0.152,0.279,0.242,-0.298,0.186
2026-07-07T10:10:00.000Z,50,50.883,51.227,42,42.152,46.321,99.4,100.757,-1.357,99.8,101.728,-1.928,100.2,101.825,-1.625,100.6,102.357,-1.757,100,101.965,-1.965,100.4,101.915,-1.515,100.8,102.028,-1.228,101.2,102.564,-1.364,100,101.892,101,101.768,35.72,18925500,75.898,-0.343,0.261,0.278,0.206,-0.294,0.177
2026-07-07T10:15:00.000Z,50,50.582,50.416,42,42.594,46.355,99.4,101.058,-1.658,99.8,101.552,-1.752,100.2,101.579,-1.379,100.6,101.636,-1.036,100,101.507,-1.507,100.4,102.041,-1.641,100.8,102.176,-1.376,101.2,103.025,-1.825,100,101.822,101,101.34,35.8,18935730,75.357,-0.398,0.183,0.277,0.216,-0.29,0.169
2026-07-07T10:20:00.000Z,50,50.828,51.094,42,42.522,46.462,99.4,100.558,-1.158,99.8,101.005,-1.205,100.2,101.598,-1.398,100.6,102.349,-1.749,100,101.096,-1.096,100.4,101.798,-1.398,100.8,102.557,-1.757,101.2,103.042,-1.842,100,101.75,101,101.634,35.691,18945960,75.346,-0.441,0.176,0.275,0.203,-0.285,0.16
2026-07-07T10:25:00.000Z,50,50.522,51.053,42,42.456,46.544,99.4,101.038,-1.638,99.8,101.593,-1.793,100.2,101.914,-1.714,100.6,102.374,-1.774,100,101.447,-1.447,100.4,101.606,-1.206,100.8,101.954,-1.154,101.2,102.904,-1.704,100,101.854,101,101.488,35.677,18956190,75.348,-0.447,0.184,0.272,0.201,-0.28,0.15
2026-07-07T10:30:00.000Z,50,50.306,50.989,42,42.591,45.665,99.4,100.868,-1.468,99.8,101.422,-1.622,100.2,101.677,-1.477,100.6,102.314,-1.714,100,101.085,-1.085,100.4,101.761,-1.361,100.8,101.809,-1.009,101.2,102.79,-1.59,100,101.716,101,101.544,35.526,18966420,75.143,-0.461,0.017,0.269,0.183,-0.275,0.141
2026-07-07T10:35:00.000Z,50,50.408,50.19,42,42.098,46.264,99.4,100.765,-1.365,99.8,101.527,-1.727,100.2,101.914,-1.714,100.6,102.134,-1.534,100,101.482,-1.482,100.4,101.801,-1.401,100.8,101.845,-1.045,101.2,102.871,-1.671,100,101.792,101,101.45,35.643,18976650,75.983,-0.336,0.022,0.266,0.197,-0.269,0.131
2026-07-07T10:40:00.000Z,50,50.604,50.857,42,42.547,46.381,99.4,100.897,-1.497,99.8,100.912,-1.112,100.2,101.169,-0.969,100.6,101.789,-1.189,100,101.168,-1.168,100.4,102.005,-1.605,100.8,101.942,-1.142,101.2,102.496,-1.296,100,101.547,101,101.317,35.738,18986880,75.073,-0.387,0.007,0.262,0.209,-0.263,0.121
2026-07-07T10:45:00.000Z,50,50.222,50.547,42,42.291,46.221,99.4,100.979,-1.579,99.8,101.308,-1.508,100.2,101.575,-1.375,100.6,101.368,-0.768,100,100.782,-0.782,100.4,101.23,-0.83,100.8,102.122,-1.322,101.2,102.779,-1.579,100,101.518,101,101.405,35.579,18997110,75.784,-0.405,0.006,0.257,0.19,-0.257,0.112
2026-07-07T10:50:00.000Z,50,50.484,50.383,42,42.207,45.694,99.4,100.366,-0.966,99.8,101.245,-1.445,100.2,100.98,-0.78,100.6,101.979,-1.379,100,101.268,-1.268,100.4,101.369,-0.969,100.8,101.555,-0.755,101.2,101.977,-0.777,100,101.342,101,101.33,35.342,19007340,74.858,-0.374,-0.086,0.252,0.161,-0.25,0.102
2026-07-07T10:55:00.000Z,50,50.439,50.012,42,42.069,45.988,99.4,100.195,-0.795,99.8,100.383,-0.583,100.2,100.889,-0.689,100.6,101.819,-1.219,100,100.715,-0.715,100.4,101.561,-1.161,100.8,101.81,-1.01,101.2,102.469,-1.269,100,101.23,101,100.972,35.195,19017570,74.899,-0.392,-0.022,0.247,0.143,-0.244,0.091
2026-07-07T11:00:00.000Z,50,50.309,50,42,42.135,45.465,99.4,100.76,-1.36,99.8,100.771,-0.971,100.2,101.119,-0.919,100.6,101.745,-1.145,100,101.229,-1.229,100.4,101.72,-1.32,100.8,101.886,-1.086,101.2,102.501,-1.301,100,101.466,101,101.208,35.187,19027800,75.138,-0.456,-0.089,0.241,0.142,-0.237,0.081
2026-07-07T11:05:00.000Z,50,50.648,49.512,42,42.392,45.739,99.4,100.468,-1.068,99.8,100.758,-0.958,100.2,100.753,-0.553,100.6,101.329,-0.729,100,101.289,-1.289,100.4,101.468,-1.068,100.8,101.679,-0.879,101.2,101.674,-0.474,100,101.177,101,101.016,34.963,19038030,74.703,-0.433,-0.136,0.235,0.116,-0.229,0.071
2026-07-07T11:10:00.000Z,50,50.389,50.227,42,42.48,44.907,99.4,100.509,-1.109,99.8,100.912,-1.112,100.2,100.692,-0.492,100.6,101.194,-0.594,100,100.933,-0.933,100.4,101.379,-0.979,100.8,101.305,-0.505,101.2,102.173,-0.973,100,101.137,101,100.995,35.226,19048260,74.501,-0.452,-0.131,0.229,0.147,-0.222,0.06
2026-07-07T11:15:00.000Z,50,50.619,49.752,42,41.886,45.079,99.4,100.029,-0.629,99.8,100.887,-1.087,100.2,101.162,-0.962,100.6,101.763,-1.163,100,100.483,-0.483,100.4,101.557,-1.157,100.8,101.315,-0.515,101.2,102.053,-0.853,100,101.156,101,100.977,34.722,19058490,74.213,-0.392,-0.1,0.222,0.087,-0.214,0.05
2026-07-07T11:20:00.000Z,50,50.463,49.577,42,42.18,45.349,99.4,100.416,-1.016,99.8,100.162,-0.362,100.2,100.606,-0.406,100.6,101.098,-0.498,100,100.33,-0.33,100.4,101.184,-0.784,100.8,101.852,-1.052,101.2,101.971,-0.771,100,100.952,101,101.11,34.843,19068720,74.079,-0.443,-0.181,0.215,0.101,-0.206,0.039
2026-07-07T11:25:00.000Z,50,49.879,48.931,42,42.434,44.593,99.4,100.278,-0.878,99.8,100.306,-0.506,100.2,101.212,-1.012,100.6,101.382,-0.782,100,100.206,-0.206,100.4,101.301,-0.901,100.8,101.651,-0.851,101.2,101.673,-0.473,100,101.001,101,101.22,34.574,19078950,73.739,-0.427,-0.121,0.207,0.069,-0.198,0.029
2026-07-07T11:30:00.000Z,50,50.007,49.562,42,42.316,45.328,99.4,100.077,-0.677,99.8,100.676,-0.876,100.2,100.868,-0.668,100.6,100.724,-0.124,100,100.529,-0.529,100.4,100.854,-0.454,100.8,101.209,-0.409,101.2,102.125,-0.925,100,100.883,101,101.119,34.506,19089180,73.266,-0.411,-0.16,0.199,0.061,-0.189,0.018
2026-07-07T11:35:00.000Z,50,50.291,49.427,42,41.86,44.866,99.4,99.631,-0.231,99.8,99.885,-0.085,100.2,100.898,-0.698,100.6,101.442,-0.842,100,100.83,-0.83,100.4,100.91,-0.51,100.8,100.8,0,101.2,102.053,-0.853,100,100.806,101,101.242,34.764,19099410,73.906,-0.436,-0.301,0.19,0.092,-0.18,0.007
2026-07-07T11:40:00.000Z,50,50.077,48.251,42,41.889,44.219,99.4,99.93,-0.53,99.8,100.227,-0.427,100.2,100.585,-0.385,100.6,101.165,-0.565,100,100.752,-0.752,100.4,100.496,-0.096,100.8,100.895,-0.095,101.2,101.231,-0.031,100,100.66,101,100.92,34.509,19109640,72.367,-0.424,-0.314,0.182,0.061,-0.171,-0.003
2026-07-07T11:45:00.000Z,50,50.325,49.029,42,42.316,44.43,99.4,99.71,-0.31,99.8,99.696,0.104,100.2,100.218,-0.018,100.6,101.041,-0.441,100,99.818,0.182,100.4,101.026,-0.626,100.8,101.459,-0.659,101.2,101.741,-0.541,100,100.589,101,100.716,34.278,19119870,73.118,-0.431,-0.337,0.173,0.033,-0.162,-0.014
2026-07-07T11:50:00.000Z,50,49.852,47.822,42,42.081,44.684,99.4,99.724,-0.324,99.8,99.961,-0.161,100.2,100.663,-0.463,100.6,100.584,0.016,100,99.724,0.276,100.4,100.522,-0.122,100.8,101.255,-0.455,101.2,101.691,-0.491,100,100.516,101,100.866,34.407,19130100,72.067,-0.405,-0.339,0.163,0.049,-0.153,-0.025
2026-07-07T11:55:00.000Z,50,49.853,47.625,42,42.253,43.922,99.4,99.196,0.204,99.8,100.099,-0.299,100.2,100.067,0.133,100.6,101.028,-0.428,100,100.32,-0.32,100.4,100.326,0.074,100.8,101.07,-0.27,101.2,101.109,0.091,100,100.402,101,100.938,34.084,19140330,71.753,-0.303,-0.235,0.154,0.01,-0.144,-0.035
2026-07-07T12:00:00.000Z,50,50.234,48.506,42,41.762,43.733,99.4,99.248,0.152,99.8,99.811,-0.011,100.2,100.21,-0.01,100.6,101.04,-0.44,100,100.162,-0.162,100.4,100.587,-0.187,100.8,100.445,0.355,101.2,101.432,-0.232,100,100.367,101,100.605,34.207,19150560,72.053,-0.385,-0.259,0.144,0.025,-0.134,-0.046
2026-07-07T12:05:00.000Z,50,49.895,47.305,42,41.855,43.773,99.4,98.873,0.527,99.8,99.983,-0.183,100.2,100.444,-0.244,100.6,100.867,-0.267,100,99.545,0.455,100.4,100.487,-0.087,100.8,100.738,0.062,101.2,101.025,0.175,100,100.245,101,100.478,33.773,19160790,71.675,-0.342,-0.361,0.134,-0.027,-0.124,-0.057
2026-07-07T12:10:00.000Z,50,50.003,47.668,42,41.756,43.861,99.4,99.021,0.379,99.8,99.353,0.447,100.2,100.131,0.069,100.6,100.693,-0.093,100,99.75,0.25,100.4,100.49,-0.09,100.8,101.057,-0.257,101.2,100.695,0.505,100,100.149,101,100.789,33.635,19171020,71.187,-0.279,-0.307,0.123,-0.044,-0.114,-0.067
2026-07-07T12:15:00.000Z,50,49.612,47.972,42,41.821,43.387,99.4,98.877,0.523,99.8,99.569,0.231,100.2,99.546,0.654,100.6,100.279,0.321,100,99.76,0.24,100.4,100.289,0.111,100.8,100.695,0.105,101.2,101.003,0.197,100,100.002,101,100.812,33.555,19181250,71.422,-0.198,-0.331,0.113,-0.053,-0.104,-0.077
2026-07-07T12:20:00.000Z,50,49.584,46.882,42,42.01,43.795,99.4,98.803,0.597,99.8,99.37,0.43,100.2,99.532,0.668,100.6,100.1,0.5,100,100.065,-0.065,100.4,100.142,0.258,100.8,100.757,0.043,101.2,101.155,0.045,100,99.991,101,100.494,33.698,19191480,70.548,-0.26,-0.378,0.102,-0.036,-0.094,-0.088
2026-07-07T12:25:00.000Z,50,49.899,47.465,42,42.082,42.831,99.4,99.017,0.383,99.8,99.034,0.766,100.2,100.069,0.131,100.6,100.34,0.26,100,99.381,0.619,100.4,100.244,0.156,100.8,99.984,0.816,101.2,100.916,0.284,100,99.873,101,100.735,33.571,19201710,70.714,-0.275,-0.383,0.091,-0.052,-0.084,-0.098
2026-07-07T12:30:00.000Z,50,49.944,47.007,42,42.164,43.193,99.4,99.218,0.182,99.8,99.405,0.395,100.2,99.319,0.881,100.6,99.992,0.608,100,99.467,0.533,100.4,100.322,0.078,100.8,100.135,0.665,101.2,100.844,0.356,100,99.838,101,100.892,33.247,19211940,70.312,-0.158,-0.333,0.08,-0.09,-0.074,-0.108
2026-07-07T12:35:00.000Z,50,49.907,46.592,42,41.721,43.075,99.4,99.193,0.207,99.8,99.436,0.364,100.2,99.312,0.888,100.6,99.648,0.952,100,99.475,0.525,100.4,100.145,0.255,100.8,99.909,0.891,101.2,100.501,0.699,100,99.702,101,100.681,33.423,19222170,69.535,-0.216,-0.422,0.069,-0.069,-0.063,-0.118
2026-07-07T12:40:00.000Z,50,49.471,46.339,42,42.071,42.533,99.4,98.537,0.863,99.8,99.196,0.604,100.2,99.497,0.703,100.6,100.357,0.243,100,99.466,0.534,100.4,99.832,0.568,100.8,100.576,0.224,101.2,100.493,0.707,100,99.744,101,100.28,33.393,19232400,70.22,-0.13,-0.374,0.057,-0.073,-0.053,-0.128
2026-07-07T12:45:00.000Z,50,49.718,46.629,42,41.547,43.205,99.4,98.635,0.765,99.8,98.968,0.832,100.2,99.073,1.127,100.6,100.003,0.597,100,99.239,0.761,100.4,99.777,0.623,100.8,100.272,0.528,101.2,100.077,1.123,100,99.506,101,100.334,32.981,19242630,69.147,-0.157,-0.435,0.046,-0.122,-0.042,-0.137
2026-07-07T12:50:00.000Z,50,49.609,46.107,42,41.923,42.474,99.4,98.922,0.478,99.8,99.291,0.509,100.2,99.171,1.029,100.6,99.866,0.734,100,98.886,1.114,100.4,99.546,0.854,100.8,99.638,1.162,101.2,100.031,1.169,100,99.419,101,100.378,33.017,19252860,69.513,-0.07,-0.342,0.034,-0.118,-0.031,-0.147
2026-07-07T12:55:00.000Z,50,49.449,46.5,42,41.677,42.651,99.4,98.902,0.498,99.8,99.103,0.697,100.2,99.35,0.85,100.6,100.094,0.506,100,99.319,0.681,100.4,99.086,1.314,100.8,99.897,0.903,101.2,100.435,0.765,100,99.523,101,100.606,32.798,19263090,69.117,-0.047,-0.353,0.023,-0.144,-0.021,-0.156
2026-07-07T13:00:00.000Z,50,49.608,45.662,42,41.841,42.776,99.4,98.158,1.242,99.8,98.904,0.896,100.2,99.247,0.953,100.6,100.071,0.529,100,99.322,0.678,100.4,98.99,1.41,100.8,100.233,0.567,101.2,100.46,0.74,100,99.423,101,100.552,32.722,19273320,69.283,0.007,-0.393,0.011,-0.153,-0.01,-0.165
2026-07-07T13:05:00.000Z,50,49.644,45.732,42,41.597,42.046,99.4,98.522,0.878,99.8,99.188,0.612,100.2,99.241,0.959,100.6,99.72,0.88,100,98.829,1.171,100.4,99.225,1.175,100.8,99.631,1.169,101.2,100.202,0.998,100,99.32,101,100.234,32.576,19283550,69.269,0.073,-0.41,-0.001,-0.171,0,-0.174
2026-07-07T13:10:00.000Z,50,49.397,45.64,42,41.786,42.689,99.4,98.184,1.216,99.8,98.949,0.851,100.2,98.828,1.372,100.6,99.054,1.546,100,99.291,0.709,100.4,98.921,1.479,100.8,99.887,0.913,101.2,99.665,1.535,100,99.097,101,100.311,32.492,19293780,69.071,-0.015,-0.333,-0.012,-0.181,0.011,-0.183
2026-07-07T13:15:00.000Z,50,49.263,45.011,42,41.526,42.234,99.4,97.86,1.54,99.8,98.491,1.309,100.2,98.744,1.456,100.6,99.282,1.318,100,98.942,1.058,100.4,99.015,1.385,100.8,99.282,1.518,101.2,100.45,0.75,100,99.008,101,100.176,32.807,19304010,67.992,0.113,-0.384,-0.024,-0.143,0.022,-0.192
2026-07-07T13:20:00.000Z,50,49.787,45.328,42,41.965,42.247,99.4,98.235,1.165,99.8,98.482,1.318,100.2,98.819,1.381,100.6,99.693,0.907,100,98.858,1.142,100.4,99.107,1.293,100.8,99.606,1.194,101.2,99.974,1.226,100,99.097,101,100.194,32.45,19314240,69.066,0.108,-0.324,-0.035,-0.186,0.032,-0.2
2026-07-07T13:25:00.000Z,50,49.179,45.017,42,41.38,42.02,99.4,98.37,1.03,99.8,98.592,1.208,100.2,98.758,1.442,100.6,99.059,1.541,100,98.278,1.722,100.4,99.427,0.973,100.8,99.253,1.547,101.2,99.508,1.692,100,98.906,101,100.399,32.361,19324470,68.525,0.048,-0.453,-0.047,-0.197,0.043,-0.208
2026-07-07T13:30:00.000Z,50,49.748,45.742,42,41.936,42.232,99.4,98.302,1.098,99.8,98.876,0.924,100.2,99.223,0.977,100.6,99.243,1.357,100,98.923,1.077,100.4,98.673,1.727,100.8,99.045,1.755,101.2,99.455,1.745,100,98.968,101,100.024,32.587,19334700,67.656,0.115,-0.317,-0.058,-0.17,0.054,-0.216
2026-07-07T13:35:00.000Z,50,49.291,45.318,42,41.868,42.129,99.4,97.858,1.542,99.8,98.047,1.753,100.2,98.382,1.818,100.6,99.163,1.437,100,98.618,1.382,100.4,99.018,1.382,100.8,99.418,1.382,101.2,99.624,1.576,100,98.766,101,100.476,32.296,19344930,68.07,0.161,-0.3,-0.07,-0.204,0.064,-0.223
2026-07-07T13:40:00.000Z,50,49.203,44.913,42,41.826,42.213,99.4,98.145,1.255,99.8,98.616,1.184,100.2,99.142,1.058,100.6,98.949,1.651,100,98.238,1.762,100.4,98.563,1.837,100.8,99.618,1.182,101.2,99.895,1.305,100,98.896,101,100.426,32.009,19355160,68.005,0.135,-0.336,-0.081,-0.239,0.074,-0.231
2026-07-07T13:45:00.000Z,50,49.355,44.667,42,41.781,41.404,99.4,98.015,1.385,99.8,98.223,1.577,100.2,98.513,1.687,100.6,99.252,1.348,100,98.09,1.91,100.4,98.475,1.925,100.8,98.974,1.826,101.2,99.834,1.366,100,98.672,101,99.969,32.042,19365390,68.398,0.252,-0.365,-0.092,-0.235,0.085,-0.238
2026-07-07T13:50:00.000Z,50,49.12,45.385,42,41.455,41.938,99.4,97.628,1.772,99.8,98.538,1.262,100.2,98.581,1.619,100.6,99.519,1.081,100,98.521,1.479,100.4,98.933,1.467,100.8,99.296,1.504,101.2,99.601,1.599,100,98.827,101,100.383,32.114,19375620,67.699,0.205,-0.273,-0.103,-0.226,0.095,-0.244
2026-07-07T13:55:00.000Z,50,49.621,44.445,42,41.755,41.46,99.4,98.006,1.394,99.8,98.676,1.124,100.2,98.251,1.949,100.6,98.861,1.739,100,98.856,1.144,100.4,99.215,1.185,100.8,99.009,1.791,101.2,99.949,1.251,100,98.853,101,100.273,32.057,19385850,67.539,0.343,-0.369,-0.114,-0.233,0.105,-0.251
2026-07-07T14:00:00.000Z,50,49.558,44.76,42,41.848,41.538,99.4,97.632,1.768,99.8,97.769,2.031,100.2,98.441,1.759,100.6,98.706,1.894,100,98.501,1.499,100.4,99.141,1.259,100.8,99.639,1.161,101.2,99.418,1.782,100,98.656,101,99.827,31.9,19396080,67.546,0.377,-0.315,-0.124,-0.252,0.115,-0.257
2026-07-07T14:05:00.000Z,50,49.072,45.422,42,41.496,41.394,99.4,97.78,1.62,99.8,98.163,1.637,100.2,98.494,1.706,100.6,99.19,1.41,100,98.043,1.957,100.4,98.901,1.499,100.8,99.18,1.62,101.2,99.474,1.726,100,98.653,101,99.912,31.971,19406310,68.374,0.323,-0.205,-0.135,-0.243,0.125,-0.263
2026-07-07T14:10:00.000Z,50,48.971,44.493,42,41.501,41.443,99.4,97.788,1.612,99.8,98.477,1.323,100.2,98.724,1.476,100.6,99.156,1.444,100,98.685,1.315,100.4,98.663,1.737,100.8,99.43,1.37,101.2,99.392,1.808,100,98.789,101,100.008,32.131,19416540,67.666,0.275,-0.281,-0.145,-0.224,0.135,-0.268
2026-07-07T14:15:00.000Z,50,49.458,45.566,42,41.417,42.134,99.4,97.945,1.455,99.8,98.497,1.303,100.2,98.34,1.86,100.6,99.096,1.504,100,98.643,1.357,100.4,98.803,1.597,100.8,99.317,1.483,101.2,99.677,1.523,100,98.79,101,100.237,31.924,19426770,68.675,0.311,-0.312,-0.155,-0.249,0.144,-0.273
2026-07-07T14:20:00.000Z,50,49.266,44.574,42,41.192,42.227,99.4,97.482,1.918,99.8,97.959,1.841,100.2,98.531,1.669,100.6,98.711,1.889,100,98.503,1.497,100.4,98.77,1.63,100.8,98.646,2.154,101.2,99.06,2.14,100,98.458,101,100.075,31.626,19437000,68.294,0.392,-0.242,-0.164,-0.285,0.154,-0.278
2026-07-07T14:25:00.000Z,50,48.823,45.555,42,41.433,41.533,99.4,97.584,1.816,99.8,98.475,1.325,100.2,98.69,1.51,100.6,98.686,1.914,100,98.507,1.493,100.4,98.236,2.164,100.8,99.307,1.493,101.2,99.084,2.116,100,98.571,101,99.768,31.854,19447230,68.861,0.356,-0.246,-0.174,-0.257,0.163,-0.283
2026-07-07T14:30:00.000Z,50,49.456,45.014,42,41.436,42.126,99.4,97.952,1.448,99.8,97.938,1.862,100.2,98.763,1.437,100.6,99.236,1.364,100,98.407,1.593,100.4,98.492,1.908,100.8,99.219,1.581,101.2,99.45,1.75,100,98.682,101,99.963,31.846,19457460,67.87,0.404,-0.108,-0.183,-0.259,0.172,-0.287
2026-07-07T14:35:00.000Z,50,49.093,45.52,42,41.672,42.253,99.4,97.628,1.772,99.8,98.408,1.392,100.2,98.64,1.56,100.6,98.729,1.871,100,98,2,100.4,98.59,1.81,100.8,99.213,1.587,101.2,99.426,1.774,100,98.579,101,99.76,31.933,19467690,67.863,0.424,-0.06,-0.191,-0.248,0.181,-0.291
2026-07-07T14:40:00.000Z,50,49.053,45.692,42,41.229,41.771,99.4,97.587,1.813,99.8,97.957,1.843,100.2,98.52,1.68,100.6,98.991,1.609,100,98.224,1.776,100.4,99.085,1.315,100.8,99.032,1.768,101.2,99.336,1.864,100,98.592,101,99.791,32.012,19477920,68.088,0.363,-0.12,-0.2,-0.239,0.19,-0.294
2026-07-07T14:45:00.000Z,50,49.178,45.364,42,41.178,42.629,99.4,97.527,1.873,99.8,97.949,1.851,100.2,98.191,2.009,100.6,98.487,2.113,100,98.28,1.72,100.4,98.836,1.564,100.8,99.417,1.383,101.2,99.679,1.521,100,98.546,101,99.807,31.947,19488150,68.149,0.515,-0.14,-0.208,-0.246,0.198,-0.298
2026-07-07T14:50:00.000Z,50,49.079,45.858,42,41.442,42.469,99.4,97.274,2.126,99.8,98.286,1.514,100.2,98.704,1.496,100.6,99.23,1.37,100,98.376,1.624,100.4,98.976,1.424,100.8,98.711,2.089,101.2,99.787,1.413,100,98.668,101,99.966,31.753,19498380,68.141,0.51,-0.005,-0.215,-0.27,0.207,-0.3
2026-07-07T14:55:00.000Z,50,49.125,46.237,42,41.214,42.783,99.4,97.496,1.904,99.8,97.795,2.005,100.2,98.24,1.96,100.6,99.054,1.546,100,98.414,1.586,100.4,98.677,1.723,100.8,99.243,1.557,101.2,99.362,1.838,100,98.535,101,99.718,31.633,19508610,69.085,0.41,-0.006,-0.223,-0.284,0.215,-0.303
2026-07-07T15:00:00.000Z,50,48.739,45.963,42,41.547,42.021,99.4,97.242,2.158,99.8,98.163,1.637,100.2,98.412,1.788,100.6,99.048,1.552,100,98.272,1.728,100.4,98.326,2.074,100.8,98.831,1.969,101.2,99.177,2.023,100,98.434,101,99.562,31.55,19518840,68.805,0.386,0.046,-0.229,-0.294,0.222,-0.305
2026-07-07T15:05:00.000Z,50,49.236,45.879,42,41.413,42.407,99.4,97.542,1.858,99.8,97.851,1.949,100.2,98.788,1.412,100.6,98.591,2.009,100,97.966,2.034,100.4,98.761,1.639,100.8,98.875,1.925,101.2,99.461,1.739,100,98.479,101,99.927,31.955,19529070,68.896,0.471,-0.031,-0.236,-0.245,0.23,-0.307
2026-07-07T15:10:00.000Z,50,49.044,46.373,42,41.181,42.214,99.4,97.453,1.947,99.8,97.691,2.109,100.2,98.545,1.655,100.6,99.289,1.311,100,97.839,2.161,100.4,98.461,1.939,100.8,98.724,2.076,101.2,99.054,2.146,100,98.382,101,99.71,31.693,19539300,69.109,0.408,0.004,-0.242,-0.277,0.237,-0.308
2026-07-07T15:15:00.000Z,50,48.603,46.108,42,41.225,43.195,99.4,97.754,1.646,99.8,97.91,1.89,100.2,98.032,2.168,100.6,99.154,1.446,100,98.141,1.859,100.4,98.312,2.088,100.8,99.415,1.385,101.2,99.552,1.648,100,98.534,101,99.389,31.934,19549530,69.456,0.412,0.096,-0.248,-0.248,0.244,-0.309
2026-07-07T15:20:00.000Z,50,49.073,46.41,42,41.168,42.655,99.4,97.517,1.883,99.8,98.226,1.574,100.2,98.202,1.998,100.6,98.515,2.085,100,98.332,1.668,100.4,99.076,1.324,100.8,99.237,1.563,101.2,99.842,1.358,100,98.618,101,99.356,31.531,19559760,69.973,0.433,0.037,-0.253,-0.296,0.251,-0.31
2026-07-07T15:25:00.000Z,50,48.728,46.189,42,41.216,42.952,99.4,97.297,2.103,99.8,97.938,1.862,100.2,98.673,1.527,100.6,98.905,1.695,100,98.327,1.673,100.4,98.381,2.019,100.8,99.043,1.757,101.2,99.325,1.875,100,98.486,101,99.648,31.818,19569990,70.786,0.472,0.05,-0.258,-0.262,0.257,-0.31
2026-07-07T15:30:00.000Z,50,49.113,46.959,42,41.312,43.613,99.4,97.748,1.652,99.8,97.876,1.924,100.2,98.279,1.921,100.6,99.139,1.461,100,97.98,2.02,100.4,98.469,1.931,100.8,99.522,1.278,101.2,99.739,1.461,100,98.594,101,99.653,31.978,19580220,70.802,0.447,0.085,-0.262,-0.243,0.264,-0.31
2026-07-07T15:35:00.000Z,50,48.979,47.263,42,41.305,43.197,99.4,97.28,2.12,99.8,97.752,2.048,100.2,98.909,1.291,100.6,99.299,1.301,100,98.489,1.511,100.4,98.753,1.647,100.8,99.47,1.33,101.2,99.365,1.835,100,98.665,101,99.677,31.619,19590450,71.154,0.454,0.121,-0.266,-0.286,0.27,-0.309
2026-07-07T15:40:00.000Z,50,48.915,47.107,42,41.404,43.444,99.4,97.904,1.496,99.8,98.5,1.3,100.2,98.777,1.423,100.6,98.633,1.967,100,98.05,1.95,100.4,98.393,2.007,100.8,99.065,1.735,101.2,99.877,1.323,100,98.65,101,99.74,31.958,19600680,71.141,0.384,0.163,-0.269,-0.245,0.275,-0.309
2026-07-07T15:45:00.000Z,50,48.659,47.753,42,41.134,43.119,99.4,98.158,1.242,99.8,98.594,1.206,100.2,98.739,1.461,100.6,99.267,1.333,100,98.596,1.404,100.4,98.98,1.42,100.8,99.403,1.397,101.2,99.382,1.818,100,98.89,101,99.364,32.078,19610910,71.523,0.336,0.142,-0.272,-0.231,0.28,-0.307
2026-07-07T15:50:00.000Z,50,49.002,47.331,42,41.073,43.938,99.4,97.953,1.447,99.8,98.294,1.506,100.2,98.791,1.409,100.6,99.187,1.413,100,98.497,1.503,100.4,99.19,1.21,100.8,99.221,1.579,101.2,99.473,1.727,100,98.826,101,99.349,31.844,19621140,71.394,0.313,0.182,-0.275,-0.259,0.285,-0.306
2026-07-07T15:55:00.000Z,50,48.917,47.553,42,41.376,43.429,99.4,97.512,1.888,99.8,98.344,1.456,100.2,99.064,1.136,100.6,98.798,1.802,100,98.328,1.672,100.4,98.995,1.405,100.8,99.454,1.346,101.2,99.997,1.203,100,98.811,101,99.62,31.934,19631370,72.122,0.366,0.229,-0.277,-0.248,0.29,-0.304
2026-07-07T16:00:00.000Z,50,48.616,47.786,42,41.385,44.021,99.4,97.628,1.772,99.8,98.017,1.783,100.2,98.321,1.879,100.6,98.995,1.605,100,98.882,1.118,100.4,98.631,1.769,100.8,99.005,1.795,101.2,99.626,1.574,100,98.638,101,99.336,31.696,19641600,71.639,0.353,0.249,-0.278,-0.276,0.294,-0.302
2026-07-07T16:05:00.000Z,50,48.655,47.64,42,41.357,43.814,99.4,97.653,1.747,99.8,98.23,1.57,100.2,98.983,1.217,100.6,99.262,1.338,100,98.858,1.142,100.4,99.294,1.106,100.8,99.623,1.177,101.2,99.522,1.678,100,98.928,101,99.573,31.984,19651830,72.495,0.382,0.225,-0.279,-0.242,0.298,-0.299
2026-07-07T16:10:00.000Z,50,48.617,48.117,42,41.292,44.112,99.4,98.21,1.19,99.8,98.465,1.335,100.2,98.262,1.938,100.6,99.441,1.159,100,98.331,1.669,100.4,98.747,1.653,100.8,99.691,1.109,101.2,99.351,1.849,100,98.812,101,99.467,32.032,19662060,72.379,0.337,0.309,-0.28,-0.236,0.302,-0.296
2026-07-07T16:15:00.000Z,50,48.578,47.995,42,41.152,44.097,99.4,97.517,1.883,99.8,98.449,1.351,100.2,98.496,1.704,100.6,99.515,1.085,100,98.933,1.067,100.4,99.159,1.241,100.8,99.725,1.075,101.2,99.357,1.843,100,98.894,101,99.399,32.117,19672290,73.432,0.201,0.299,-0.28,-0.226,0.305,-0.293
2026-07-07T16:20:00.000Z,50,48.395,48.93,42,41.428,44.702,99.4,97.789,1.611,99.8,98.285,1.515,100.2,98.612,1.588,100.6,99.415,1.185,100,98.841,1.159,100.4,98.608,1.792,100.8,99.449,1.351,101.2,99.543,1.657,100,98.818,101,99.399,32.199,19682520,73.492,0.211,0.29,-0.28,-0.216,0.308,-0.289
2026-07-07T16:25:00.000Z,50,48.542,49.452,42,41.168,44.229,99.4,97.916,1.484,99.8,98.811,0.989,100.2,98.503,1.697,100.6,99.438,1.162,100,98.228,1.772,100.4,99.021,1.379,100.8,98.945,1.855,101.2,99.758,1.442,100,98.828,101,99.575,32.178,19692750,73.888,0.282,0.321,-0.279,-0.219,0.311,-0.285
2026-07-07T16:30:00.000Z,50,48.876,49.242,42,41.08,44.372,99.4,97.715,1.685,99.8,98.455,1.345,100.2,98.467,1.733,100.6,99.312,1.288,100,98.485,1.515,100.4,99.263,1.137,100.8,99.603,1.197,101.2,99.831,1.369,100,98.891,101,99.364,31.884,19702980,72.847,0.227,0.327,-0.277,-0.254,0.313,-0.28
2026-07-07T16:35:00.000Z,50,48.549,49.467,42,41.438,44.957,99.4,98.325,1.075,99.8,98.122,1.678,100.2,99.006,1.194,100.6,99.21,1.39,100,98.731,1.269,100.4,99.399,1.001,100.8,99.133,1.667,101.2,99.889,1.311,100,98.977,101,99.261,32.252,19713210,73.312,0.073,0.302,-0.275,-0.21,0.315,-0.276
2026-07-07T16:40:00.000Z,50,48.997,49.778,42,41.039,45.151,99.4,98.302,1.098,99.8,98.153,1.647,100.2,98.724,1.476,100.6,99.405,1.195,100,99.098,0.902,100.4,99.316,1.084,100.8,99.688,1.112,101.2,100.306,0.894,100,99.124,101,99.484,32.392,19723440,73.929,0.128,0.395,-0.273,-0.193,0.317,-0.271
2026-07-07T16:45:00.000Z,50,48.925,49.48,42,41.244,45.374,99.4,97.772,1.628,99.8,98.595,1.205,100.2,99.104,1.096,100.6,99.688,0.912,100,98.508,1.492,100.4,99.15,1.25,100.8,99.814,0.986,101.2,99.481,1.719,100,99.014,101,99.417,32.164,19733670,73.544,0.037,0.43,-0.27,-0.22,0.318,-0.265
2026-07-07T16:50:00.000Z,50,48.336,49.949,42,41.187,45.599,99.4,97.771,1.629,99.8,98.147,1.653,100.2,98.48,1.72,100.6,98.899,1.701,100,98.96,1.04,100.4,99.245,1.155,100.8,99.138,1.662,101.2,99.997,1.203,100,98.83,101,99.516,32.02,19743900,74.182,0.12,0.477,-0.267,-0.238,0.319,-0.26
2026-07-07T16:55:00.000Z,50,48.512,49.536,42,41.079,45.867,99.4,97.853,1.547,99.8,98.258,1.542,100.2,98.799,1.401,100.6,99.419,1.181,100,98.323,1.677,100.4,98.942,1.458,100.8,99.401,1.399,101.2,100.157,1.043,100,98.894,101,99.426,32.405,19754130,74.16,0.061,0.421,-0.263,-0.191,0.32,-0.254
2026-07-07T17:00:00.000Z,50,48.739,50.028,42,41.239,45.549,99.4,98.21,1.19,99.8,98.15,1.65,100.2,98.629,1.571,100.6,99.248,1.352,100,98.751,1.249,100.4,98.718,1.682,100.8,99.241,1.559,101.2,99.776,1.424,100,98.84,101,99.149,32.049,19764360,75.272,-0.061,0.445,-0.259,-0.234,0.32,-0.247
2026-07-07T17:05:00.000Z,50,48.431,49.862,42,41.156,45.584,99.4,98.197,1.203,99.8,98.475,1.325,100.2,98.993,1.207,100.6,99.112,1.488,100,98.749,1.251,100.4,99.599,0.801,100.8,99.791,1.009,101.2,99.769,1.431,100,99.086,101,99.446,32.291,19774590,74.46,0.034,0.477,-0.254,-0.205,0.32,-0.241
2026-07-07T17:10:00.000Z,50,48.338,50.836,42,41.106,45.762,99.4,97.772,1.628,99.8,98.813,0.987,100.2,99.169,1.031,100.6,99.081,1.519,100,98.792,1.208,100.4,99.171,1.229,100.8,99.625,1.175,101.2,100.153,1.047,100,99.072,101,99.374,32.059,19784820,75.457,-0.072,0.377,-0.249,-0.233,0.319,-0.234
2026-07-07T17:15:00.000Z,50,48.715,50.612,42,41.264,45.506,99.4,98.173,1.227,99.8,98.78,1.02,100.2,98.787,1.413,100.6,99.221,1.379,100,98.878,1.122,100.4,98.992,1.408,100.8,100.054,0.746,101.2,100.181,1.019,100,99.133,101,99.17,32.44,19795050,75.907,-0.101,0.492,-0.244,-0.187,0.318,-0.227
2026-07-07T17:20:00.000Z,50,48.604,50.518,42,41.353,45.574,99.4,98.038,1.362,99.8,98.303,1.497,100.2,99.195,1.005,100.6,99.595,1.005,100,98.538,1.462,100.4,99.326,1.074,100.8,99.419,1.381,101.2,99.815,1.385,100,99.029,101,99.334,32.285,19805280,76.063,-0.121,0.337,-0.238,-0.206,0.317,-0.219
2026-07-07T17:25:00.000Z,50,48.687,51.27,42,41.255,45.928,99.4,98.133,1.267,99.8,99.025,0.775,100.2,99.083,1.117,100.6,99.694,0.906,100,99.207,0.793,100.4,99.617,0.783,100.8,99.746,1.054,101.2,100.278,0.922,100,99.348,101,99.163,32.178,19815510,75.944,-0.08,0.448,-0.231,-0.219,0.316,-0.212
2026-07-07T17:30:00.000Z,50,48.351,51.101,42,41.332,46.526,99.4,98.299,1.101,99.8,98.594,1.206,100.2,98.703,1.497,100.6,99.644,0.956,100,98.842,1.158,100.4,98.852,1.548,100.8,99.461,1.339,101.2,99.725,1.475,100,99.015,101,99.605,32.241,19825740,75.923,-0.221,0.337,-0.225,-0.211,0.314,-0.204
2026-07-07T17:35:00.000Z,50,48.474,51.423,42,41.259,45.893,99.4,97.916,1.484,99.8,99.101,0.699,100.2,98.985,1.215,100.6,99.273,1.327,100,99.195,0.805,100.4,99.193,1.207,100.8,99.352,1.448,101.2,100.281,0.919,100,99.162,101,99.225,32.212,19835970,75.103,-0.139,0.387,-0.218,-0.215,0.312,-0.195
2026-07-07T17:40:00.000Z,50,48.478,50.448,42,40.967,46.461,99.4,98.506,0.894,99.8,98.774,1.026,100.2,99.489,0.711,100.6,99.331,1.269,100,98.913,1.087,100.4,98.872,1.528,100.8,99.721,1.079,101.2,100.403,0.797,100,99.251,101,99.461,32.538,19846200,75.226,-0.243,0.42,-0.21,-0.175,0.309,-0.187
2026-07-07T17:45:00.000Z,50,48.83,50.442,42,40.827,45.8,99.4,98.398,1.002,99.8,98.263,1.537,100.2,99.396,0.804,100.6,99.825,0.775,100,98.52,1.48,100.4,98.86,1.54,100.8,99.91,0.89,101.2,100.527,0.673,100,99.212,101,99.563,32.514,19856430,76.495,-0.314,0.315,-0.202,-0.178,0.306,-0.178
2026-07-07T17:50:00.000Z,50,48.869,50.449,42,41.237,46.239,99.4,97.985,1.415,99.8,98.536,1.264,100.2,98.848,1.352,100.6,99.426,1.174,100,99.126,0.874,100.4,99.5,0.9,100.8,99.612,1.188,101.2,100.185,1.015,100,99.152,101,99.19,32.329,19866660,75.874,-0.283,0.432,-0.194,-0.2,0.303,-0.17
2026-07-07T17:55:00.000Z,50,48.397,50.665,42,41.074,46.341,99.4,98.634,0.766,99.8,98.773,1.027,100.2,99.419,0.781,100.6,99.609,0.991,100,99.114,0.886,100.4,99.006,1.394,100.8,99.918,0.882,101.2,99.725,1.475,100,99.275,101,99.007,32.321,19876890,75.487,-0.346,0.337,-0.185,-0.201,0.299,-0.161
2026-07-07T18:00:00.000Z,50,48.864,50.681,42,41.067,45.954,99.4,98.304,1.096,99.8,99.041,0.759,100.2,99.477,0.723,100.6,99.191,1.409,100,99.312,0.688,100.4,98.922,1.478,100.8,99.739,1.061,101.2,100.349,0.851,100,99.292,101,99.456,32.353,19887120,75.654,-0.388,0.393,-0.176,-0.198,0.295,-0.151
2026-07-07T18:05:00.000Z,50,48.751,50.813,42,40.834,45.765,99.4,97.863,1.537,99.8,98.79,1.01,100.2,99.058,1.142,100.6,99.88,0.72,100,98.961,1.039,100.4,98.972,1.428,100.8,99.718,1.082,101.2,99.678,1.522,100,99.115,101,99.447,32.348,19897350,76.673,-0.268,0.368,-0.167,-0.198,0.291,-0.142
2026-07-07T18:10:00.000Z,50,48.799,51.206,42,41.193,46.067,99.4,97.963,1.437,99.8,99.121,0.679,100.2,98.67,1.53,100.6,99.719,0.881,100,98.634,1.366,100.4,98.89,1.51,100.8,99.421,1.379,101.2,100.113,1.087,100,99.066,101,99.524,32.201,19907580,75.996,-0.418,0.292,-0.158,-0.216,0.286,-0.132
2026-07-07T18:15:00.000Z,50,48.424,51.489,42,41.26,46.091,99.4,97.943,1.457,99.8,99.036,0.764,100.2,99.217,0.983,100.6,99.735,0.865,100,98.582,1.418,100.4,99.14,1.26,100.8,99.275,1.525,101.2,99.735,1.465,100,99.083,101,99.417,32.284,19917810,76.202,-0.385,0.297,-0.148,-0.206,0.281,-0.123
2026-07-07T18:20:00.000Z,50,48.69,50.893,42,40.984,45.867,99.4,98.208,1.192,99.8,98.293,1.507,100.2,99.123,1.077,100.6,99.174,1.426,100,98.685,1.315,100.4,99.603,0.797,100.8,99.814,0.986,101.2,99.906,1.294,100,99.101,101,99.533,32.4,19928040,76.463,-0.459,0.213,-0.138,-0.192,0.276,-0.113
2026-07-07T18:25:00.000Z,50,48.359,50.994,42,41.109,45.894,99.4,98.313,1.087,99.8,98.248,1.552,100.2,99.002,1.198,100.6,99.116,1.484,100,98.75,1.25,100.4,99.63,0.77,100.8,99.991,0.809,101.2,99.785,1.415,100,99.104,101,99.292,32.367,19938270,76.163,-0.469,0.268,-0.128,-0.196,0.27,-0.103
2026-07-07T18:30:00.000Z,50,48.907,51.33,42,41.275,46.23,99.4,98.138,1.262,99.8,98.277,1.523,100.2,99.032,1.168,100.6,99.615,0.985,100,98.822,1.178,100.4,98.952,1.448,100.8,99.356,1.444,101.2,99.801,1.399,100,98.999,101,99.593,32.478,19948500,75.831,-0.347,0.294,-0.117,-0.183,0.265,-0.092
2026-07-07T18:35:00.000Z,50,48.662,50.832,42,41.351,46.027,99.4,98.612,0.788,99.8,98.338,1.462,100.2,99.317,0.883,100.6,99.284,1.316,100,98.755,1.245,100.4,99.463,0.937,100.8,99.913,0.887,101.2,99.67,1.53,100,99.169,101,99.032,32.35,19958730,74.923,-0.373,0.161,-0.106,-0.198,0.258,-0.082
2026-07-07T18:40:00.000Z,50,48.846,50.358,42,40.923,46.29,99.4,98.084,1.316,99.8,98.328,1.472,100.2,99.291,0.909,100.6,99.207,1.393,100,99.242,0.758,100.4,99.536,0.864,100.8,99.413,1.387,101.2,100.402,0.798,100,99.188,101,99.458,32.337,19968960,75.842,-0.516,0.232,-0.096,-0.2,0.252,-0.072
2026-07-07T18:45:00.000Z,50,48.734,50.328,42,40.934,46.299,99.4,97.843,1.557,99.8,98.717,1.083,100.2,99.269,0.931,100.6,99.053,1.547,100,98.401,1.599,100.4,98.802,1.598,100.8,99.531,1.269,101.2,99.973,1.227,100,98.949,101,99.086,32.476,19979190,75.305,-0.471,0.104,-0.084,-0.183,0.245,-0.061
2026-07-07T18:50:00.000Z,50,48.355,50.825,42,41.095,46.242,99.4,98.508,0.892,99.8,98.609,1.191,100.2,98.998,1.202,100.6,99.411,1.189,100,98.644,1.356,100.4,99.406,0.994,100.8,99.574,1.226,101.2,100.378,0.822,100,99.191,101,99.588,32.35,19989420,75.481,-0.407,0.151,-0.073,-0.198,0.238,-0.051
2026-07-07T18:55:00.000Z,50,48.834,50.443,42,41.309,45.913,99.4,98.624,0.776,99.8,98.85,0.95,100.2,98.864,1.336,100.6,99.494,1.106,100,98.45,1.55,100.4,99.608,0.792,100.8,99.754,1.046,101.2,100.077,1.123,100,99.215,101,99.56,32.243,19999650,75.299,-0.492,0.039,-0.062,-0.211,0.231,-0.04
2026-07-07T19:00:00.000Z,50,48.606,50.404,42,41.017,45.139,99.4,113.889,-14.489,99.8,98.878,0.922,100.2,99.046,1.154,100.6,99.161,1.439,100,98.945,1.055,100.4,98.788,1.612,100.8,99.69,1.11,101.2,99.658,1.542,100,101.007,101,99.417,32.082,20009880,74.192,-0.402,0.031,-0.051,-0.23,0.224,-0.03
2026-07-07T19:05:00.000Z,50,49.005,50.113,42,41.127,45.95,99.4,113.566,-14.166,99.8,114.214,-14.414,100.2,115.208,-15.008,100.6,99.195,1.405,100,99.148,0.852,100.4,99.278,1.122,100.8,99.388,1.412,101.2,99.641,1.559,100,104.955,101,99.261,32.212,20020110,74.806,-0.446,0.139,-0.039,-0.215,0.216,-0.019
2026-07-07T19:10:00.000Z,50,48.485,49.514,42,41.363,45.682,99.4,113.844,-14.444,99.8,114.525,-14.725,100.2,114.731,-14.531,100.6,115.904,-15.304,100,115.487,-15.487,100.4,116.539,-16.139,100.8,99.322,1.478,101.2,99.523,1.677,100,111.234,101,99.282,31.972,20030340,74.795,-0.504,0.082,-0.027,-0.243,0.208,-0.008
2026-07-07T19:15:00.000Z,50,48.642,49.937,42,41.007,45.184,99.4,113.681,-14.281,99.8,114.223,-14.423,100.2,115.008,-14.808,100.6,115.6,-15,100,115.553,-15.553,100.4,116.462,-16.062,100.8,116.901,-16.101,101.2,118.143,-16.943,100,115.696,101,99.133,31.993,20040570,74.464,-0.428,0.04,-0.016,-0.241,0.2,0.002
2026-07-07T19:20:00.000Z,50,48.358,50.006,42,40.947,44.793,99.4,113.528,-14.128,99.8,113.904,-14.104,100.2,115.448,-15.248,100.6,116.116,-15.516,100,115.592,-15.592,100.4,116.745,-16.345,100.8,117.079,-16.279,101.2,118.248,-17.048,100,115.833,101,99.324,32.32,20050800,74.386,-0.477,0.049,-0.004,-0.202,0.191,0.013
2026-07-07T19:25:00.000Z,50,48.56,48.826,42,40.981,45.157,99.4,113.746,-14.346,99.8,114.543,-14.743,100.2,115.371,-15.171,100.6,116.091,-15.491,100,115.878,-15.878,100.4,116.63,-16.23,100.8,116.878,-16.078,101.2,118.118,-16.918,100,115.907,101,99.167,31.987,20061030,74.46,-0.492,0.007,0.008,-0.242,0.182,0.024
2026-07-07T19:30:00.000Z,50,48.751,49.568,42,41.051,44.941,99.4,98.355,1.045,99.8,114.689,-14.889,100.2,114.693,-14.493,100.6,116.108,-15.508,100,115.322,-15.322,100.4,116.691,-16.291,100.8,117.031,-16.231,101.2,117.413,-16.213,100,113.788,101,99.597,32.042,20071260,72.976,-0.423,0.009,0.019,-0.235,0.174,0.034
2026-07-07T19:35:00.000Z,50,48.423,49.332,42,41.092,45.008,99.4,97.602,1.798,99.8,98.122,1.678,100.2,99.206,0.994,100.6,116.108,-15.508,100,115.21,-15.21,100.4,115.967,-15.567,100.8,117.089,-16.289,101.2,117.478,-16.278,100,109.598,101,99.293,31.863,20081490,73.21,-0.338,-0.11,0.031,-0.256,0.165,0.045
2026-07-07T19:40:00.000Z,50,48.392,48.507,42,41.065,44.931,99.4,97.511,1.889,99.8,98.309,1.491,100.2,98.96,1.24,100.6,99.22,1.38,100,98.379,1.621,100.4,99.33,1.07,100.8,116.946,-16.146,101.2,117.395,-16.195,100,103.256,101,99.437,32.05,20091720,73.299,-0.31,-0.104,0.042,-0.234,0.155,0.055
2026-07-07T19:45:00.000Z,50,48.962,48.935,42,41.283,44.352,99.4,98.007,1.393,99.8,98.662,1.138,100.2,98.92,1.28,100.6,99.494,1.106,100,98.382,1.618,100.4,98.939,1.461,100.8,99.289,1.511,101.2,99.603,1.597,100,98.912,101,99.721,32.229,20101950,72.931,-0.322,-0.157,0.054,-0.212,0.146,0.066
2026-07-07T19:50:00.000Z,50,49.056,48.534,42,41.293,44.493,99.4,97.489,1.911,99.8,97.889,1.911,100.2,98.843,1.357,100.6,98.736,1.864,100,98.678,1.322,100.4,99.152,1.248,100.8,99.263,1.537,101.2,100.032,1.168,100,98.76,101,99.419,32.217,20112180,72.834,-0.289,-0.104,0.065,-0.214,0.136,0.076
2026-07-07T19:55:00.000Z,50,49.023,48.031,42,41.034,43.66,99.4,98.08,1.32,99.8,98.303,1.497,100.2,98.321,1.879,100.6,98.721,1.879,100,98.898,1.102,100.4,99.187,1.213,100.8,99.575,1.225,101.2,100.08,1.12,100,98.896,101,99.319,32.064,20122410,72.059,-0.36,-0.264,0.077,-0.232,0.127,0.087
2026-07-07T20:00:00.000Z,50,49.007,47.471,42,41.328,43.927,99.4,98.008,1.392,99.8,98.117,1.683,100.2,99.037,1.163,100.6,98.971,1.629,100,98.099,1.901,100.4,98.724,1.676,100.8,99.327,1.473,101.2,99.941,1.259,100,98.778,101,99.23,31.902,20132640,72.169,-0.354,-0.199,0.088,-0.252,0.117,0.097
2026-07-07T20:05:00.000Z,50,48.64,47.247,42,41.157,43.418,99.4,98.013,1.387,99.8,98.36,1.44,100.2,98.319,1.881,100.6,99.144,1.456,100,98.689,1.311,100.4,98.644,1.756,100.8,98.964,1.836,101.2,99.463,1.737,100,98.7,101,99.224,31.969,20142870,71.045,-0.345,-0.298,0.099,-0.244,0.107,0.107
2026-07-07T20:10:00.000Z,50,48.491,47.366,42,41.51,43.989,99.4,97.559,1.841,99.8,98.051,1.749,100.2,98.637,1.563,100.6,99.376,1.224,100,98.163,1.837,100.4,98.987,1.413,100.8,99.355,1.445,101.2,99.544,1.656,100,98.709,101,99.77,31.704,20153100,72.01,-0.291,-0.202,0.11,-0.276,0.097,0.117
2026-07-07T20:15:00.000Z,50,49.017,47.294,42,41.446,43.499,99.4,97.728,1.672,99.8,98.193,1.607,100.2,98.921,1.279,100.6,98.616,1.984,100,98.458,1.542,100.4,98.437,1.963,100.8,99.443,1.357,101.2,99.736,1.464,100,98.691,101,99.82,31.739,20163330,71.802,-0.205,-0.35,0.12,-0.271,0.086,0.127
2026-07-07T20:20:00.000Z,50,48.987,47.508,42,41.13,43.073,99.4,98.139,1.261,99.8,98.345,1.455,100.2,98.537,1.663,100.6,98.869,1.731,100,98.178,1.822,100.4,98.604,1.796,100.8,99.237,1.563,101.2,99.593,1.607,100,98.688,101,99.337,31.965,20173560,71.462,-0.241,-0.347,0.131,-0.244,0.076,0.136
2026-07-07T20:25:00.000Z,50,49.022,47.478,42,40.998,43.055,99.4,97.935,1.465,99.8,97.873,1.927,100.2,98.337,1.863,100.6,99.364,1.236,100,98.283,1.717,100.4,98.857,1.543,100.8,98.708,2.092,101.2,99.868,1.332,100,98.653,101,99.629,32.041,20183790,71.352,-0.116,-0.234,0.141,-0.235,0.066,0.146
2026-07-07T20:30:00.000Z,50,49.042,46.423,42,41.504,43.37,99.4,98.007,1.393,99.8,98.316,1.484,100.2,98.73,1.47,100.6,98.807,1.793,100,98.434,1.566,100.4,98.707,1.693,100.8,99.3,1.5,101.2,99.071,2.129,100,98.672,101,99.632,31.59,20194020,70.331,-0.159,-0.336,0.151,-0.289,0.055,0.155
2026-07-07T20:35:00.000Z,50,49.007,46.132,42,41.052,43.236,99.4,97.376,2.024,99.8,97.75,2.05,100.2,98.377,1.823,100.6,98.988,1.612,100,97.885,2.115,100.4,98.315,2.085,100.8,99.535,1.265,101.2,99.148,2.052,100,98.422,101,99.861,32.003,20204250,70.303,-0.057,-0.277,0.16,-0.24,0.045,0.164
2026-07-07T20:40:00.000Z,50,48.598,46.429,42,41.475,42.724,99.4,97.782,1.618,99.8,97.979,1.821,100.2,98.309,1.891,100.6,99.144,1.456,100,98.585,1.415,100.4,98.83,1.57,100.8,99.433,1.367,101.2,99.508,1.692,100,98.696,101,99.631,31.633,20214480,69.699,-0.141,-0.321,0.17,-0.284,0.034,0.173
2026-07-07T20:45:00.000Z,50,49.295,46.074,42,41.028,43,99.4,97.45,1.95,99.8,98.34,1.46,100.2,98.149,2.051,100.6,99.039,1.561,100,98.268,1.732,100.4,98.346,2.054,100.8,99.491,1.309,101.2,99.356,1.844,100,98.555,101,99.883,31.828,20224710,69.641,-0.056,-0.352,0.179,-0.261,0.023,0.182
2026-07-07T20:50:00.000Z,50,49.115,46.254,42,41.214,42.922,99.4,97.932,1.468,99.8,98.095,1.705,100.2,98.169,2.031,100.6,98.626,1.974,100,98.451,1.549,100.4,98.559,1.841,100.8,98.773,2.027,101.2,99.759,1.441,100,98.546,101,99.991,31.818,20234940,69.932,-0.094,-0.436,0.188,-0.262,0.013,0.191
2026-07-07T20:55:00.000Z,50,48.846,46.315,42,41.176,42.731,99.4,97.854,1.546,99.8,97.59,2.21,100.2,98.563,1.637,100.6,98.722,1.878,100,98.386,1.614,100.4,98.89,1.51,100.8,98.724,2.076,101.2,99.596,1.604,100,98.541,101,99.716,31.512,20245170,69.103,0.073,-0.325,0.196,-0.299,0.002,0.199
2026-07-07T21:00:00.000Z,50,49.132,45.367,42,41.58,42.715,99.4,97.762,1.638,99.8,98.455,1.345,100.2,98.301,1.899,100.6,99.122,1.478,100,98.091,1.909,100.4,98.789,1.611,100.8,98.687,2.113,101.2,99.021,2.179,100,98.529,101,99.567,31.874,20255400,68.879,-0.02,-0.389,0.204,-0.255,-0.008,0.207
2026-07-07T21:05:00.000Z,50,48.731,46.171,42,41.315,42.216,99.4,97.969,1.431,99.8,97.897,1.903,100.2,98.728,1.472,100.6,98.807,1.793,100,98.229,1.771,100.4,98.842,1.558,100.8,98.828,1.972,101.2,99.586,1.614,100,98.611,101,99.506,31.667,20265630,68.342,-0.015,-0.409,0.212,-0.28,-0.019,0.215
2026-07-07T21:10:00.000Z,50,49.156,45.98,42,41.574,42.587,99.4,97.9,1.5,99.8,98.218,1.582,100.2,98.699,1.501,100.6,98.895,1.705,100,98.543,1.457,100.4,98.731,1.669,100.8,99.179,1.621,101.2,99.484,1.716,100,98.706,101,99.929,31.754,20275860,68.492,0.091,-0.406,0.22,-0.27,-0.03,0.223
2026-07-07T21:15:00.000Z,50,49.328,45.282,42,41.352,42.552,99.4,97.832,1.568,99.8,98.349,1.451,100.2,98.655,1.545,100.6,98.557,2.043,100,98.313,1.687,100.4,98.827,1.573,100.8,99.118,1.682,101.2,99.322,1.878,100,98.622,101,99.944,31.676,20286090,68.23,0.128,-0.497,0.227,-0.279,-0.04,0.23
2026-07-07T21:20:00.000Z,50,49.288,45.689,42,41.434,42.499,99.4,97.617,1.783,99.8,97.633,2.167,100.2,98.453,1.747,100.6,99.199,1.401,100,97.802,2.198,100.4,98.251,2.149,100.8,99.276,1.524,101.2,99.834,1.366,100,98.508,101,99.792,31.901,20296320,68.535,0.069,-0.425,0.233,-0.252,-0.051,0.237
2026-07-07T21:25:00.000Z,50,49.269,45.711,42,41.722,41.805,99.4,98.072,1.328,99.8,98.089,1.711,100.2,98.354,1.846,100.6,99.067,1.533,100,98.358,1.642,100.4,98.228,2.172,100.8,99.37,1.43,101.2,99.583,1.617,100,98.64,101,99.894,31.713,20306550,68.124,0.168,-0.492,0.24,-0.274,-0.061,0.244
2026-07-07T21:30:00.000Z,50,49.367,45.737,42,41.158,41.914,99.4,97.475,1.925,99.8,97.744,2.056,100.2,98.457,1.743,100.6,99.131,1.469,100,98.167,1.833,100.4,98.479,1.921,100.8,99.193,1.607,101.2,99.698,1.502,100,98.543,101,99.729,31.944,20316780,68.621,0.192,-0.399,0.245,-0.247,-0.072,0.25
2026-07-07T21:35:00.000Z,50,49.271,44.905,42,41.548,41.92,99.4,97.771,1.629,99.8,97.998,1.802,100.2,98.733,1.467,100.6,98.502,2.098,100,97.865,2.135,100.4,98.72,1.68,100.8,98.851,1.949,101.2,99.713,1.487,100,98.519,101,100.028,32.053,20327010,68.503,0.211,-0.45,0.251,-0.234,-0.082,0.256
2026-07-07T21:40:00.000Z,50,49.304,45.453,42,41.751,41.737,99.4,97.461,1.939,99.8,98.26,1.54,100.2,98.701,1.499,100.6,98.634,1.966,100,97.925,2.075,100.4,98.992,1.408,100.8,98.854,1.946,101.2,99.691,1.509,100,98.565,101,99.932,31.896,20337240,68.191,0.181,-0.369,0.256,-0.252,-0.092,0.262
2026-07-07T21:45:00.000Z,50,49.073,45.289,42,41.54,41.945,99.4,98.095,1.305,99.8,97.836,1.964,100.2,98.904,1.296,100.6,98.923,1.677,100,97.905,2.095,100.4,98.305,2.095,100.8,99.083,1.717,101.2,99.686,1.514,100,98.592,101,99.713,31.883,20347470,68.032,0.249,-0.38,0.26,-0.254,-0.103,0.268
2026-07-07T21:50:00.000Z,50,48.94,44.89,42,41.607,41.979,99.4,97.619,1.781,99.8,98.242,1.558,100.2,98.276,1.924,100.6,98.966,1.634,100,98.26,1.74,100.4,98.713,1.687,100.8,99.422,1.378,101.2,99.867,1.333,100,98.671,101,100.168,32.115,20357700,67.601,0.257,-0.339,0.264,-0.226,-0.113,0.273
2026-07-07T21:55:00.000Z,50,49.173,44.484,42,41.447,42.185,99.4,97.708,1.692,99.8,98.59,1.21,100.2,98.875,1.325,100.6,99.397,1.203,100,98.208,1.792,100.4,99.024,1.376,100.8,99.14,1.66,101.2,99.798,1.402,100,98.843,101,100.233,31.841,20367930,67.596,0.35,-0.367,0.268,-0.259,-0.123,0.278
2026-07-07T22:00:00.000Z,50,49.108,44.47,42,41.46,41.722,99.4,97.956,1.444,99.8,97.934,1.866,100.2,98.973,1.227,100.6,98.938,1.662,100,98.805,1.195,100.4,98.546,1.854,100.8,99.07,1.73,101.2,99.165,2.035,100,98.673,101,100.168,32.156,20378160,68.059,0.389,-0.341,0.271,-0.221,-0.132,0.282
2026-07-07T22:05:00.000Z,50,49.175,45.436,42,41.47,42.018,99.4,97.527,1.873,99.8,98.247,1.553,100.2,98.658,1.542,100.6,98.686,1.914,100,98.612,1.388,100.4,99.009,1.391,100.8,99.236,1.564,101.2,99.898,1.302,100,98.734,101,100.129,32.151,20388390,67.511,0.288,-0.347,0.274,-0.222,-0.142,0.287
2026-07-07T22:10:00.000Z,50,49.311,44.654,42,41.455,42.231,99.4,97.515,1.885,99.8,98.221,1.579,100.2,98.981,1.219,100.6,98.718,1.882,100,98.863,1.137,100.4,99.244,1.156,100.8,99.526,1.274,101.2,100.066,1.134,100,98.892,101,100.356,31.952,20398620,68.582,0.308,-0.327,0.276,-0.246,-0.152,0.291
2026-07-07T22:15:00.000Z,50,49.268,45.116,42,41.691,41.791,99.4,98.143,1.257,99.8,97.996,1.804,100.2,99.161,1.039,100.6,99.327,1.273,100,98.194,1.806,100.4,98.761,1.639,100.8,99.526,1.274,101.2,99.369,1.831,100,98.81,101,100.029,32.293,20408850,68.419,0.449,-0.263,0.278,-0.205,-0.161,0.294
2026-07-07T22:20:00.000Z,50,49.34,44.974,42,41.606,41.573,99.4,98.411,0.989,99.8,98.652,1.148,100.2,99.19,1.01,100.6,99.59,1.01,100,98.383,1.617,100.4,98.868,1.532,100.8,99.506,1.294,101.2,99.727,1.473,100,99.041,101,100.393,32.203,20419080,68.236,0.329,-0.311,0.279,-0.216,-0.17,0.297
2026-07-07T22:25:00.000Z,50,49.102,44.731,42,41.911,42.081,99.4,98.188,1.212,99.8,98.168,1.632,100.2,98.596,1.604,100.6,99.519,1.081,100,98.451,1.549,100.4,99.137,1.263,100.8,99.441,1.359,101.2,99.933,1.267,100,98.929,101,100.192,32.254,20429310,67.744,0.343,-0.382,0.28,-0.21,-0.179,0.3
2026-07-07T22:30:00.000Z,50,49.581,45.608,42,41.723,42.419,99.4,98.423,0.977,99.8,98.551,1.249,100.2,98.689,1.511,100.6,98.842,1.758,100,98.638,1.362,100.4,99.332,1.068,100.8,99.233,1.567,101.2,99.901,1.299,100,98.951,101,100.147,32.18,20439540,67.611,0.388,-0.31,0.28,-0.218,-0.188,0.303
2026-07-07T22:35:00.000Z,50,49.506,45.032,42,41.733,42.4,99.4,97.761,1.639,99.8,98.297,1.503,100.2,98.771,1.429,100.6,99.741,0.859,100,98.389,1.611,100.4,99.152,1.248,100.8,99.691,1.109,101.2,100.227,0.973,100,99.004,101,100.399,32.278,20449770,67.875,0.437,-0.313,0.28,-0.207,-0.196,0.305
2026-07-07T22:40:00.000Z,50,49.568,44.919,42,41.527,42.489,99.4,98.113,1.287,99.8,98.462,1.338,100.2,99.266,0.934,100.6,99.65,0.95,100,98.638,1.362,100.4,99.57,0.83,100.8,99.249,1.551,101.2,99.89,1.31,100,99.105,101,100.214,32.383,20460000,68.269,0.445,-0.198,0.279,-0.194,-0.204,0.307
2026-07-07T22:45:00.000Z,50,49.793,45.758,42,41.928,41.784,99.4,98.629,0.771,99.8,98.677,1.123,100.2,98.798,1.402,100.6,99.753,0.847,100,99.198,0.802,100.4,99.425,0.975,100.8,99.612,1.188,101.2,99.712,1.488,100,99.226,101,100.096,32.497,20470230,68.578,0.413,-0.274,0.278,-0.18,-0.213,0.308
2026-07-07T22:50:00.000Z,50,49.826,45.864,42,41.886,42.152,99.4,97.856,1.544,99.8,98.267,1.533,100.2,99.111,1.089,100.6,99.099,1.501,100,98.82,1.18,100.4,99.235,1.165,100.8,99.973,0.827,101.2,99.943,1.257,100,99.038,101,100.234,32.861,20480460,68.127,0.466,-0.183,0.276,-0.137,-0.22,0.309
2026-07-07T22:55:00.000Z,50,49.807,45.846,42,41.674,41.997,99.4,98.216,1.184,99.8,99,0.8,100.2,99.585,0.615,100.6,99.449,1.151,100,98.725,1.275,100.4,99.438,0.962,100.8,99.495,1.305,101.2,100.106,1.094,100,99.252,101,100.39,32.746,20490690,68.42,0.529,-0.216,0.274,-0.151,-0.228,0.31
2026-07-07T23:00:00.000Z,50,49.821,45.64,42,41.662,42.729,99.4,98.611,0.789,99.8,99.057,0.743,100.2,99.11,1.09,100.6,99.376,1.224,100,99.416,0.584,100.4,99.176,1.224,100.8,100.117,0.683,101.2,100.679,0.521,100,99.443,101,100.435,32.594,20500920,68.643,0.49,-0.206,0.271,-0.169,-0.235,0.31
2026-07-07T23:05:00.000Z,50,50.009,46.297,42,42.083,42.232,99.4,98.158,1.242,99.8,98.718,1.082,100.2,99.345,0.855,100.6,99.915,0.685,100,99.153,0.847,100.4,99.154,1.246,100.8,99.67,1.13,101.2,100.576,0.624,100,99.336,101,100.506,32.82,20511150,68.905,0.486,-0.159,0.268,-0.142,-0.242,0.31
2026-07-07T23:10:00.000Z,50,49.692,46.055,42,42.061,42.966,99.4,98.319,1.081,99.8,98.709,1.091,100.2,99.252,0.948,100.6,99.845,0.755,100,98.861,1.139,100.4,99.567,0.833,100.8,99.537,1.263,101.2,100.589,0.611,100,99.335,101,100.374,32.767,20521380,69.838,0.371,-0.184,0.265,-0.148,-0.249,0.309
2026-07-07T23:15:00.000Z,50,49.533,46.113,42,41.667,42.776,99.4,98.906,0.494,99.8,99.262,0.538,100.2,99.885,0.315,100.6,100.215,0.385,100,99.103,0.897,100.4,100.084,0.316,100.8,100.124,0.676,101.2,100.029,1.171,100,99.701,101,100.665,33.12,20531610,69.724,0.38,-0.019,0.261,-0.106,-0.256,0.309
2026-07-07T23:20:00.000Z,50,49.918,47.038,42,41.957,43.239,99.4,98.501,0.899,99.8,99.006,0.794,100.2,99.523,0.677,100.6,99.706,0.894,100,99.598,0.402,100.4,100.101,0.299,100.8,100.231,0.569,101.2,100.586,0.614,100,99.657,101,100.656,32.948,20541840,70.022,0.462,-0.014,0.256,-0.126,-0.262,0.308
2026-07-07T23:25:00.000Z,50,49.985,46.701,42,41.892,43.41,99.4,98.812,0.588,99.8,99.338,0.462,100.2,99.418,0.782,100.6,99.802,0.798,100,99.317,0.683,100.4,99.675,0.725,100.8,100.537,0.263,101.2,100.521,0.679,100,99.678,101,100.744,33.408,20552070,70.393,0.487,-0.019,0.251,-0.071,-0.268,0.306
2026-07-07T23:30:00.000Z,50,49.915,47.23,42,41.943,42.93,99.4,99.089,0.311,99.8,98.883,0.917,100.2,99.91,0.29,100.6,100.404,0.196,100,99.099,0.901,100.4,100.039,0.361,100.8,100.561,0.239,101.2,100.783,0.417,100,99.846,101,100.491,33.24,20562300,69.936,0.355,-0.076,0.246,-0.091,-0.274,0.304
2026-07-07T23:35:00.000Z,50,49.789,46.609,42,41.877,43.318,99.4,99.103,0.297,99.8,99.691,0.109,100.2,99.753,0.447,100.6,100.294,0.306,100,99.863,0.137,100.4,100.373,0.027,100.8,99.971,0.829,101.2,100.824,0.376,100,99.984,101,100.519,33.501,20572530,71.189,0.438,0.033,0.24,-0.06,-0.279,0.302
2026-07-07T23:40:00.000Z,50,50.224,47.156,42,41.799,42.964,99.4,98.674,0.726,99.8,99.704,0.096,100.2,99.499,0.701,100.6,100.561,0.039,100,99.47,0.53,100.4,99.885,0.515,100.8,100.017,0.783,101.2,100.716,0.484,100,99.816,101,100.564,33.539,20582760,70.368,0.309,0.008,0.234,-0.055,-0.284,0.299
2026-07-07T23:45:00.000Z,50,50.251,47.615,42,42.012,43.37,99.4,98.995,0.405,99.8,99.551,0.249,100.2,100.001,0.199,100.6,100.347,0.253,100,99.605,0.395,100.4,99.747,0.653,100.8,100.389,0.411,101.2,101.213,-0.013,100,99.981,101,100.8,33.592,20592990,71.078,0.277,-0.006,0.227,-0.049,-0.289,0.296
2026-07-07T23:50:00.000Z,50,49.945,47.164,42,42.104,43.525,99.4,98.862,0.538,99.8,99.824,-0.024,100.2,100.077,0.123,100.6,100.47,0.13,100,100.132,-0.132,100.4,100.142,0.258,100.8,100.714,0.086,101.2,101.241,-0.041,100,100.183,101,100.549,33.655,20603220,72.158,0.278,0.164,0.22,-0.041,-0.293,0.293
2026-07-07T23:55:00.000Z,50,50.024,48.229,42,42.248,43.684,99.4,99.725,-0.325,99.8,99.408,0.392,100.2,100.172,0.028,100.6,100.816,-0.216,100,100.123,-0.123,100.4,100.129,0.271,100.8,100.393,0.407,101.2,100.733,0.467,100,100.187,101,100.8,33.704,20613450,71.859,0.267,0.117,0.213,-0.036,-0.297,0.289
