Timestamp,Dancer_Setpoint,Dancer_Process_Value,Dancer_Output,Nip_Setpoint,Nip_Process_Value,Nip_Output,Seal1_Heat1_Setpoint,Seal1_Heat1_Process_Value,Seal1_Heat1_Draw_Temp_Correction,Seal1_Heat2_Setpoint,Seal1_Heat2_Process_Value,Seal1_Heat2_Draw_Temp_Correction,Seal1_Heat3_Setpoint,Seal1_Heat3_Process_Value,Seal1_Heat3_Draw_Temp_Correction,Seal1_Heat4_Setpoint,Seal1_Heat4_Process_Value,Seal1_Heat4_Draw_Temp_Correction,Seal2_Heat1_Setpoint,Seal2_Heat1_Process_Value,Seal2_Heat1_Draw_Temp_Correction,Seal2_Heat2_Setpoint,Seal2_Heat2_Process_Value,Seal2_Heat2_Draw_Temp_Correction,Seal2_Heat3_Setpoint,Seal2_Heat3_Process_Value,Seal2_Heat3_Draw_Temp_Correction,Seal2_Heat4_Setpoint,Seal2_Heat4_Process_Value,Seal2_Heat4_Draw_Temp_Correction,Seal1_Temperature_Setpoint,Seal1_Temperature_Process_Value,Seal2_Temperature_Setpoint,Seal2_Temperature_Process_Value,Line_Speed,Production_Length,Extrusion_Output,Printmark_Sensor_1_Offset,Printmark_Sensor_2_Offset,Punch_Position_Offset,Punch_Speed_Offset,Seal1_Position_Offset,Seal2_Position_Offset
2026-07-01T00:00:00.000Z,50,49.993,48.199,42,41.854,44.418,99.4,99.041,0.359,99.8,99.57,0.23,100.2,99.876,0.324,100.6,100.701,-0.101,100,99.988,0.012,100.4,100.484,-0.084,100.8,101.037,-0.237,101.2,101.499,-0.299,100,100.275,101,100.966,33.786,0,71.676,-0.02,0.341,0,-0.026,0,0.31
2026-07-01T00:15:00.000Z,50,50.351,48.725,42,42.126,44.556,99.4,99.544,-0.144,99.8,100.334,-0.534,100.2,100.535,-0.335,100.6,100.727,-0.127,100,100.201,-0.201,100.4,101.013,-0.613,100.8,100.678,0.122,101.2,101.088,0.112,100,100.515,101,100.697,34.471,30690,72.861,0.016,0.41,0.035,0.057,0.032,0.308
2026-07-01T00:30:00.000Z,50,50.114,49.539,42,42.394,45.032,99.4,100.157,-0.757,99.8,100.292,-0.492,100.2,100.428,-0.228,100.6,101.326,-0.726,100,100.42,-0.42,100.4,100.953,-0.553,100.8,101.26,-0.46,101.2,101.863,-0.663,100,100.837,101,100.914,34.371,61380,73.063,0.198,0.329,0.069,0.045,0.064,0.303
2026-07-01T00:45:00.000Z,50,50.228,49.691,42,42.404,45.388,99.4,100.443,-1.043,99.8,100.092,-0.292,100.2,100.869,-0.669,100.6,101.553,-0.953,100,100.761,-0.761,100.4,100.894,-0.494,100.8,101.326,-0.526,101.2,101.792,-0.592,100,100.966,101,101.073,34.822,92070,74.633,0.244,0.34,0.103,0.099,0.095,0.295
2026-07-01T01:00:00.000Z,50,50.69,49.904,42,42.433,45.813,99.4,100.199,-0.799,99.8,100.395,-0.595,100.2,101.296,-1.096,100.6,101.15,-0.55,100,100.846,-0.846,100.4,101.254,-0.854,100.8,101.77,-0.97,101.2,102.215,-1.015,100,101.141,101,101.303,35.179,122760,74.705,0.389,0.338,0.134,0.142,0.125,0.284
2026-07-01T01:15:00.000Z,50,50.449,50.667,42,42.487,46.122,99.4,100.39,-0.99,99.8,100.685,-0.885,100.2,101.366,-1.166,100.6,101.526,-0.926,100,101.499,-1.499,100.4,101.694,-1.294,100.8,101.969,-1.169,101.2,102.032,-0.832,100,101.395,101,101.563,35.498,153450,75.463,0.456,0.321,0.164,0.18,0.153,0.269
2026-07-01T01:30:00.000Z,50,50.797,51.275,42,42.463,45.542,99.4,101.176,-1.776,99.8,100.743,-0.943,100.2,101.264,-1.064,100.6,102.175,-1.575,100,101.058,-1.058,100.4,101.487,-1.087,100.8,102.518,-1.718,101.2,102.721,-1.521,100,101.643,101,101.529,35.882,184140,76.181,0.414,0.144,0.191,0.226,0.181,0.252
2026-07-01T01:45:00.000Z,50,50.36,50.531,42,42.412,46.343,99.4,100.552,-1.152,99.8,101.65,-1.85,100.2,101.366,-1.166,100.6,102.196,-1.596,100,101.044,-1.044,100.4,101.785,-1.385,100.8,102.007,-1.207,101.2,102.806,-1.606,100,101.676,101,101.582,36.062,214830,76.513,0.364,0.131,0.215,0.247,0.206,0.232
2026-07-01T02:00:00.000Z,50,50.588,51.471,42,42.472,46.519,99.4,100.951,-1.551,99.8,101.433,-1.633,100.2,101.838,-1.638,100.6,102.555,-1.955,100,101.45,-1.45,100.4,101.749,-1.349,100.8,102.235,-1.435,101.2,102.909,-1.709,100,101.89,101,101.479,35.797,245520,76.131,0.465,0.105,0.236,0.216,0.23,0.21
2026-07-01T02:15:00.000Z,50,51.048,51.419,42,42.311,46.616,99.4,101.232,-1.832,99.8,101.864,-2.064,100.2,102.012,-1.812,100.6,102.526,-1.926,100,101.383,-1.383,100.4,101.969,-1.569,100.8,102.203,-1.403,101.2,102.997,-1.797,100,102.023,101,101.39,36.26,276210,76.377,0.377,-0.022,0.253,0.271,0.251,0.185
2026-07-01T02:30:00.000Z,50,50.559,50.374,42,42.62,45.693,99.4,101.378,-1.978,99.8,101.429,-1.629,100.2,101.85,-1.65,100.6,102.151,-1.551,100,101.875,-1.875,100.4,102.455,-2.055,100.8,102.201,-1.401,101.2,102.778,-1.578,100,102.015,101,101.565,36.064,306900,76.072,0.372,-0.087,0.266,0.248,0.269,0.158
2026-07-01T02:45:00.000Z,50,50.722,51.031,42,42.588,45.989,99.4,101.359,-1.959,99.8,101.122,-1.322,100.2,101.75,-1.55,100.6,102.143,-1.543,100,101.505,-1.505,100.4,102.302,-1.902,100.8,102.779,-1.979,101.2,103.085,-1.885,100,102.006,101,101.947,36.303,337590,74.702,0.313,-0.109,0.275,0.276,0.285,0.13
2026-07-01T03:00:00.000Z,50,51.087,50.311,42,42.807,45.101,99.4,101.492,-2.092,99.8,101.152,-1.352,100.2,101.958,-1.758,100.6,102.109,-1.509,100,101.809,-1.809,100.4,101.942,-1.542,100.8,102.696,-1.896,101.2,102.82,-1.62,100,101.997,101,101.946,36.303,368280,74.528,0.355,-0.255,0.279,0.276,0.298,0.1
2026-07-01T03:15:00.000Z,50,51.063,50.052,42,42.976,45.643,99.4,101.02,-1.62,99.8,101.336,-1.536,100.2,101.737,-1.537,100.6,102.3,-1.7,100,101.321,-1.321,100.4,101.817,-1.417,100.8,102.805,-2.005,101.2,102.753,-1.553,100,101.886,101,102.152,36.231,398970,74.294,0.24,-0.255,0.28,0.268,0.308,0.069
2026-07-01T03:30:00.000Z,50,50.927,49.588,42,42.45,45.162,99.4,100.982,-1.582,99.8,101.582,-1.782,100.2,101.944,-1.744,100.6,102.47,-1.87,100,102.047,-2.047,100.4,102.411,-2.011,100.8,102.579,-1.779,101.2,102.82,-1.62,100,102.104,101,102.067,36.343,429660,73.578,0.227,-0.346,0.276,0.281,0.315,0.038
2026-07-01T03:45:00.000Z,50,51.369,48.254,42,42.873,44.211,99.4,101.26,-1.86,99.8,101.211,-1.411,100.2,102.231,-2.031,100.6,101.963,-1.363,100,102.051,-2.051,100.4,101.847,-1.447,100.8,102.882,-2.082,101.2,102.671,-1.471,100,102.015,101,102.106,36.022,460350,72.364,0.133,-0.388,0.267,0.243,0.319,0.006
2026-07-01T04:00:00.000Z,50,51.311,48.5,42,42.607,43.556,99.4,100.746,-1.346,99.8,101.219,-1.419,100.2,101.612,-1.412,100.6,102.182,-1.582,100,101.549,-1.549,100.4,101.785,-1.385,100.8,102.291,-1.491,101.2,102.489,-1.289,100,101.734,101,102.351,35.941,491040,71.305,-0.101,-0.417,0.255,0.233,0.32,-0.026
2026-07-01T04:15:00.000Z,50,51.388,47.496,42,43.074,43.837,99.4,100.581,-1.181,99.8,101.727,-1.927,100.2,101.692,-1.492,100.6,101.629,-1.029,100,101.638,-1.638,100.4,101.853,-1.453,100.8,102.33,-1.53,101.2,102.871,-1.671,100,101.79,101,102.241,35.863,521730,70.6,-0.093,-0.46,0.238,0.224,0.317,-0.058
2026-07-01T04:30:00.000Z,50,50.953,46.402,42,42.601,43.281,99.4,100.66,-1.26,99.8,101.501,-1.701,100.2,101.681,-1.481,100.6,102.024,-1.424,100,101.045,-1.045,100.4,101.973,-1.573,100.8,102.589,-1.789,101.2,102.196,-0.996,100,101.709,101,102.049,36.08,552420,70.652,-0.138,-0.401,0.218,0.25,0.312,-0.089
2026-07-01T04:45:00.000Z,50,51.555,45.984,42,43.014,42.567,99.4,100.384,-0.984,99.8,101.291,-1.491,100.2,101.276,-1.076,100.6,101.681,-1.081,100,101.408,-1.408,100.4,101.708,-1.308,100.8,101.92,-1.12,101.2,102.909,-1.709,100,101.572,101,101.937,35.718,583110,69.742,-0.262,-0.438,0.194,0.206,0.303,-0.119
2026-07-01T05:00:00.000Z,50,51.006,45.892,42,43.075,42.803,99.4,100.878,-1.478,99.8,100.898,-1.098,100.2,101.077,-0.877,100.6,101.714,-1.114,100,101.573,-1.573,100.4,101.288,-0.888,100.8,102.389,-1.589,101.2,102.407,-1.207,100,101.528,101,102.095,35.876,613800,68.877,-0.406,-0.364,0.168,0.225,0.291,-0.148
2026-07-01T05:15:00.000Z,50,51.564,44.951,42,42.616,41.822,99.4,100.965,-1.565,99.8,101.051,-1.251,100.2,101.228,-1.028,100.6,101.338,-0.738,100,100.739,-0.739,100.4,101.597,-1.197,100.8,102.408,-1.608,101.2,102.38,-1.18,100,101.463,101,102.023,35.493,644490,69.102,-0.405,-0.383,0.138,0.179,0.276,-0.175
2026-07-01T05:30:00.000Z,50,51.092,45.652,42,43.096,41.652,99.4,100.631,-1.231,99.8,100.493,-0.693,100.2,101.431,-1.231,100.6,101.976,-1.376,100,101.307,-1.307,100.4,101.392,-0.992,100.8,101.626,-0.826,101.2,102.696,-1.496,100,101.444,101,102.096,35.542,675180,68.415,-0.414,-0.178,0.107,0.185,0.259,-0.201
2026-07-01T05:45:00.000Z,50,51.465,44.77,42,42.783,42.073,99.4,100.1,-0.7,99.8,100.601,-0.801,100.2,100.876,-0.676,100.6,101.474,-0.874,100,101.195,-1.195,100.4,101.611,-1.211,100.8,101.512,-0.712,101.2,102.072,-0.872,100,101.18,101,102.184,35.541,705870,67.526,-0.497,-0.151,0.074,0.185,0.239,-0.224
2026-07-01T06:00:00.000Z,50,51.272,44.634,42,43.153,41.951,99.4,100.39,-0.99,99.8,100.57,-0.77,100.2,101.666,-1.466,100.6,101.509,-0.909,100,101.451,-1.451,100.4,101.519,-1.119,100.8,101.711,-0.911,101.2,102.476,-1.276,100,101.412,101,102.386,35.579,736560,68.281,-0.468,-0.177,0.04,0.189,0.216,-0.245
2026-07-01T06:15:00.000Z,50,51.505,45.035,42,42.663,42.315,99.4,100.403,-1.003,99.8,101.178,-1.378,100.2,101.33,-1.13,100.6,101.479,-0.879,100,101.449,-1.449,100.4,101.9,-1.5,100.8,102.3,-1.5,101.2,102.607,-1.407,100,101.581,101,102.58,35.42,767250,68.698,-0.355,-0.044,0.005,0.17,0.192,-0.263
2026-07-01T06:30:00.000Z,50,51.72,45.685,42,42.997,42.385,99.4,100.225,-0.825,99.8,101.015,-1.215,100.2,101.601,-1.401,100.6,101.553,-0.953,100,100.984,-0.984,100.4,101.668,-1.268,100.8,101.786,-0.986,101.2,102.438,-1.238,100,101.409,101,102.501,35.758,797940,68.504,-0.378,0.008,-0.03,0.211,0.165,-0.279
2026-07-01T06:45:00.000Z,50,51.238,45.171,42,43.146,42.618,99.4,100.413,-1.013,99.8,101.345,-1.545,100.2,100.977,-0.777,100.6,101.358,-0.758,100,100.975,-0.975,100.4,101.979,-1.579,100.8,102.073,-1.273,101.2,102.064,-0.864,100,101.398,101,102.179,35.491,828630,68.066,-0.363,0.048,-0.065,0.179,0.137,-0.291
2026-07-01T07:00:00.000Z,50,51.628,45.82,42,43.039,42.762,99.4,100.766,-1.366,99.8,101.435,-1.635,100.2,101.042,-0.842,100.6,101.98,-1.38,100,100.811,-0.811,100.4,101.872,-1.472,100.8,101.904,-1.104,101.2,102.822,-1.622,100,101.579,101,102.283,35.95,859320,69.79,-0.251,0.162,-0.098,0.234,0.107,-0.301
2026-07-01T07:15:00.000Z,50,51.024,46.242,42,42.888,42.956,99.4,100.843,-1.443,99.8,101.465,-1.665,100.2,101.785,-1.585,100.6,101.75,-1.15,100,101.31,-1.31,100.4,101.317,-0.917,100.8,101.765,-0.965,101.2,102.348,-1.148,100,101.573,101,102.077,35.815,890010,70.256,-0.135,0.333,-0.13,0.218,0.077,-0.307
2026-07-01T07:30:00.000Z,50,51.522,47.424,42,42.648,42.873,99.4,101.204,-1.804,99.8,101.128,-1.328,100.2,101.589,-1.389,100.6,102.408,-1.808,100,101.105,-1.105,100.4,101.633,-1.233,100.8,102.641,-1.841,101.2,102.452,-1.252,100,101.77,101,102.066,35.941,920700,69.77,-0.173,0.316,-0.16,0.233,0.045,-0.31
2026-07-01T07:45:00.000Z,50,51.339,47.399,42,42.564,43.554,99.4,100.516,-1.116,99.8,101.06,-1.26,100.2,102.1,-1.9,100.6,102.37,-1.77,100,101.271,-1.271,100.4,101.861,-1.461,100.8,102.502,-1.702,101.2,102.35,-1.15,100,101.754,101,101.931,36.091,951390,71.01,-0.031,0.359,-0.187,0.251,0.013,-0.309
2026-07-01T08:00:00.000Z,50,51.321,48.404,42,42.525,44.47,99.4,101.309,-1.909,99.8,101.558,-1.758,100.2,102.133,-1.933,100.6,102.351,-1.751,100,101.313,-1.313,100.4,101.721,-1.321,100.8,102.103,-1.303,101.2,103.062,-1.862,100,101.944,101,102.33,36.118,982080,72.091,0.063,0.461,-0.212,0.254,-0.019,-0.306
2026-07-01T08:15:00.000Z,50,50.829,48.233,42,42.993,44.557,99.4,101.072,-1.672,99.8,101.664,-1.864,100.2,102.059,-1.859,100.6,101.86,-1.26,100,101.594,-1.594,100.4,101.78,-1.38,100.8,102.758,-1.958,101.2,102.746,-1.546,100,101.942,101,101.816,35.977,1012770,72.244,0.062,0.396,-0.233,0.237,-0.05,-0.299
2026-07-01T08:30:00.000Z,50,51.233,48.677,42,42.467,44.72,99.4,100.66,-1.26,99.8,101.673,-1.873,100.2,101.566,-1.366,100.6,101.95,-1.35,100,101.724,-1.724,100.4,102.535,-2.135,100.8,102.097,-1.297,101.2,102.803,-1.603,100,101.876,101,102.021,36.306,1043460,73.983,0.27,0.432,-0.251,0.277,-0.082,-0.288
2026-07-01T08:45:00.000Z,50,51.39,49.305,42,42.648,45.572,99.4,101.384,-1.984,99.8,101.816,-2.016,100.2,101.789,-1.589,100.6,102.579,-1.979,100,101.569,-1.569,100.4,101.861,-1.461,100.8,102.096,-1.296,101.2,102.928,-1.728,100,102.003,101,101.727,36.246,1074150,73.886,0.292,0.419,-0.264,0.27,-0.112,-0.275
2026-07-01T09:00:00.000Z,50,51.063,49.666,42,42.807,45.281,99.4,101.305,-1.905,99.8,101.691,-1.891,100.2,102.384,-2.184,100.6,102.088,-1.488,100,101.682,-1.682,100.4,101.85,-1.45,100.8,102.867,-2.067,101.2,103.076,-1.876,100,102.118,101,101.994,36.06,1104840,74.633,0.328,0.431,-0.274,0.247,-0.142,-0.259
2026-07-01T09:15:00.000Z,50,50.902,49.993,42,42.794,45.9,99.4,101.108,-1.708,99.8,101.629,-1.829,100.2,102.318,-2.118,100.6,102.213,-1.613,100,101.915,-1.915,100.4,101.968,-1.568,100.8,102.769,-1.969,101.2,102.952,-1.752,100,102.109,101,101.584,36.325,1135530,74.79,0.4,0.362,-0.279,0.279,-0.17,-0.24
2026-07-01T09:30:00.000Z,50,50.535,51.307,42,42.476,46.48,99.4,100.798,-1.398,99.8,101.879,-2.079,100.2,101.693,-1.493,100.6,102.141,-1.541,100,102.111,-2.111,100.4,102.186,-1.786,100.8,102.407,-1.607,101.2,103.255,-2.055,100,102.059,101,101.548,35.953,1166220,75.294,0.417,0.288,-0.28,0.234,-0.196,-0.218
2026-07-01T09:45:00.000Z,50,50.748,50.649,42,42.442,45.793,99.4,101.1,-1.7,99.8,101.6,-1.8,100.2,101.98,-1.78,100.6,101.959,-1.359,100,102.061,-2.061,100.4,101.827,-1.427,100.8,102.785,-1.985,101.2,103.171,-1.971,100,102.06,101,101.898,36.22,1196910,76.012,0.501,0.225,-0.276,0.266,-0.22,-0.194
2026-07-01T10:00:00.000Z,50,50.763,51.491,42,42.336,46.472,99.4,100.945,-1.545,99.8,101.32,-1.52,100.2,102.013,-1.813,100.6,102.076,-1.476,100,101.621,-1.621,100.4,102.282,-1.882,100.8,102.666,-1.866,101.2,102.574,-1.374,100,101.937,101,101.552,36.006,1227600,76.662,0.454,0.183,-0.268,0.241,-0.242,-0.168
2026-07-01T10:15:00.000Z,50,50.681,51.083,42,42.258,46.101,99.4,101.084,-1.684,99.8,100.918,-1.118,100.2,101.821,-1.621,100.6,101.725,-1.125,100,101.862,-1.862,100.4,101.837,-1.437,100.8,102.265,-1.465,101.2,102.906,-1.706,100,101.802,101,101.46,36.08,1258290,75.737,0.441,0.168,-0.257,0.25,-0.262,-0.141
2026-07-01T10:30:00.000Z,50,50.761,51.28,42,42.602,45.805,99.4,101.007,-1.607,99.8,101.486,-1.686,100.2,101.382,-1.182,100.6,101.58,-0.98,100,101.773,-1.773,100.4,102.061,-1.661,100.8,101.843,-1.043,101.2,102.6,-1.4,100,101.717,101,101.475,35.762,1288980,76.13,0.403,-0.003,-0.241,0.211,-0.279,-0.111
2026-07-01T10:45:00.000Z,50,50.678,50.096,42,42.11,45.35,99.4,100.138,-0.738,99.8,100.618,-0.818,100.2,101.1,-0.9,100.6,102.135,-1.535,100,101.441,-1.441,100.4,101.355,-0.955,100.8,101.538,-0.738,101.2,102.175,-0.975,100,101.313,101,101.063,35.389,1319670,75.474,0.381,-0.059,-0.221,0.167,-0.293,-0.081
2026-07-01T11:00:00.000Z,50,50.222,50.416,42,42.321,45.502,99.4,100.659,-1.259,99.8,100.346,-0.546,100.2,101.458,-1.258,100.6,101.217,-0.617,100,101.008,-1.008,100.4,101.413,-1.013,100.8,101.925,-1.125,101.2,102.07,-0.87,100,101.262,101,101.019,34.965,1350360,75.098,0.216,-0.177,-0.198,0.116,-0.305,-0.05
2026-07-01T11:15:00.000Z,50,50.502,49.499,42,42.034,45.654,99.4,100.155,-0.755,99.8,100.827,-1.027,100.2,100.89,-0.69,100.6,101.058,-0.458,100,100.72,-0.72,100.4,101.326,-0.926,100.8,101.802,-1.002,101.2,102.292,-1.092,100,101.134,101,101.215,35.013,1381050,74.507,0.165,-0.207,-0.171,0.122,-0.313,-0.018
2026-07-01T11:30:00.000Z,50,50.491,49.312,42,41.853,44.461,99.4,100.351,-0.951,99.8,100.559,-0.759,100.2,100.314,-0.114,100.6,101.386,-0.786,100,100.323,-0.323,100.4,100.526,-0.126,100.8,100.879,-0.079,101.2,101.386,-0.186,100,100.715,101,101.295,34.563,1411740,73.854,0.028,-0.224,-0.142,0.068,-0.318,0.014
2026-07-01T11:45:00.000Z,50,49.847,48.797,42,41.921,44.121,99.4,99.997,-0.597,99.8,100.261,-0.461,100.2,100.479,-0.279,100.6,100.607,-0.007,100,100.097,-0.097,100.4,100.849,-0.449,100.8,101.383,-0.583,101.2,101.307,-0.107,100,100.623,101,100.645,34.327,1442430,72.194,0.063,-0.288,-0.111,0.039,-0.32,0.046
2026-07-01T12:00:00.000Z,50,50.251,48.553,42,41.858,43.822,99.4,99.564,-0.164,99.8,100.229,-0.429,100.2,100.535,-0.335,100.6,100.835,-0.235,100,99.555,0.445,100.4,100.015,0.385,100.8,100.834,-0.034,101.2,100.924,0.276,100,100.311,101,100.995,33.781,1473120,72.167,-0.133,-0.436,-0.078,-0.026,-0.319,0.078
2026-07-01T12:15:00.000Z,50,49.855,47.92,42,41.887,43.455,99.4,99.161,0.239,99.8,99.766,0.034,100.2,100.062,0.138,100.6,100.021,0.579,100,99.526,0.474,100.4,100.584,-0.184,100.8,100.451,0.349,101.2,101.047,0.153,100,100.077,101,100.785,33.781,1503810,70.634,-0.203,-0.378,-0.044,-0.026,-0.314,0.108
2026-07-01T12:30:00.000Z,50,49.9,46.711,42,41.785,43.315,99.4,98.688,0.712,99.8,99.729,0.071,100.2,99.313,0.887,100.6,99.976,0.624,100,99.858,0.142,100.4,99.467,0.933,100.8,99.851,0.949,101.2,100.859,0.341,100,99.718,101,100.455,33.201,1534500,70.759,-0.246,-0.443,-0.009,-0.096,-0.307,0.138
2026-07-01T12:45:00.000Z,50,49.411,46.75,42,41.612,42.476,99.4,98.537,0.863,99.8,99.187,0.613,100.2,99.836,0.364,100.6,99.686,0.914,100,99.708,0.292,100.4,99.216,1.184,100.8,100.193,0.607,101.2,100.271,0.929,100,99.579,101,100.461,33.227,1565190,69.125,-0.333,-0.489,0.026,-0.093,-0.296,0.166
2026-07-01T13:00:00.000Z,50,49.926,45.489,42,42.032,41.959,99.4,98.594,0.806,99.8,98.665,1.135,100.2,99.24,0.96,100.6,100.069,0.531,100,98.652,1.348,100.4,99.348,1.052,100.8,100.194,0.606,101.2,100.199,1.001,100,99.37,101,100.194,32.874,1595880,69.007,-0.425,-0.368,0.06,-0.135,-0.283,0.192
2026-07-01T13:15:00.000Z,50,49.686,45.157,42,41.745,42.534,99.4,98.165,1.235,99.8,98.535,1.265,100.2,99.098,1.102,100.6,99.616,0.984,100,99.278,0.722,100.4,99.648,0.752,100.8,99.603,1.197,101.2,100.212,0.988,100,99.269,101,100.341,32.781,1626570,69.107,-0.386,-0.407,0.094,-0.146,-0.266,0.216
2026-07-01T13:30:00.000Z,50,49.491,45.603,42,41.585,41.63,99.4,98.42,0.98,99.8,98.87,0.93,100.2,99.302,0.898,100.6,99.313,1.287,100,98.865,1.135,100.4,98.743,1.657,100.8,99.28,1.52,101.2,99.852,1.348,100,99.081,101,100.476,32.244,1657260,67.635,-0.503,-0.426,0.126,-0.211,-0.247,0.238
2026-07-01T13:45:00.000Z,50,49.185,44.717,42,41.356,41.93,99.4,98.302,1.098,99.8,98.698,1.102,100.2,98.935,1.265,100.6,99.473,1.127,100,98.954,1.046,100.4,99.129,1.271,100.8,99.401,1.399,101.2,99.666,1.534,100,99.07,101,100.149,32.122,1687950,68.441,-0.413,-0.294,0.156,-0.225,-0.226,0.257
2026-07-01T14:00:00.000Z,50,49.421,45.23,42,41.778,41.915,99.4,97.88,1.52,99.8,98.635,1.165,100.2,98.47,1.73,100.6,99.337,1.263,100,98.271,1.729,100.4,98.563,1.837,100.8,98.917,1.883,101.2,99.466,1.734,100,98.692,101,99.784,31.868,1718640,68.463,-0.386,-0.169,0.184,-0.256,-0.202,0.274
2026-07-01T14:15:00.000Z,50,48.99,45.469,42,41.735,42.02,99.4,98.025,1.375,99.8,98.114,1.686,100.2,98.622,1.578,100.6,98.833,1.767,100,98.18,1.82,100.4,98.901,1.499,100.8,98.93,1.87,101.2,99.421,1.779,100,98.628,101,100.263,32.057,1749330,68.763,-0.442,-0.101,0.209,-0.233,-0.176,0.287
2026-07-01T14:30:00.000Z,50,48.916,44.724,42,41.188,41.501,99.4,97.703,1.697,99.8,98.487,1.313,100.2,98.399,1.801,100.6,99.002,1.598,100,98.364,1.636,100.4,98.952,1.448,100.8,99.481,1.319,101.2,99.04,2.16,100,98.679,101,99.767,31.792,1780020,68.407,-0.324,-0.102,0.23,-0.265,-0.149,0.298
2026-07-01T14:45:00.000Z,50,49.32,45.948,42,41.685,41.74,99.4,97.526,1.874,99.8,98.136,1.664,100.2,98.321,1.879,100.6,98.87,1.73,100,98.651,1.349,100.4,98.981,1.419,100.8,99.349,1.451,101.2,99.855,1.345,100,98.711,101,99.806,31.703,1810710,69.139,-0.291,-0.002,0.248,-0.276,-0.12,0.305
2026-07-01T15:00:00.000Z,50,49.241,45.636,42,41.522,42.261,99.4,97.602,1.798,99.8,97.664,2.136,100.2,98.024,2.176,100.6,98.685,1.915,100,97.946,2.054,100.4,98.671,1.729,100.8,99.437,1.363,101.2,99.299,1.901,100,98.416,101,99.731,31.893,1841400,69.509,-0.275,0.115,0.263,-0.253,-0.089,0.309
2026-07-01T15:15:00.000Z,50,49.103,46.793,42,41.473,42.766,99.4,97.781,1.619,99.8,97.907,1.893,100.2,98.179,2.021,100.6,99.092,1.508,100,98.358,1.642,100.4,98.371,2.029,100.8,99.477,1.323,101.2,99.454,1.746,100,98.577,101,99.542,31.577,1872090,70.017,-0.162,0.068,0.273,-0.291,-0.058,0.31
2026-07-01T15:30:00.000Z,50,49.025,47.356,42,41.143,43.235,99.4,97.795,1.605,99.8,97.801,1.999,100.2,98.065,2.135,100.6,98.535,2.065,100,98.367,1.633,100.4,98.856,1.544,100.8,99.439,1.361,101.2,99.736,1.464,100,98.574,101,99.791,31.646,1902780,69.912,-0.059,0.195,0.278,-0.282,-0.027,0.307
2026-07-01T15:45:00.000Z,50,48.85,47.287,42,41.23,43.363,99.4,98.088,1.312,99.8,97.832,1.968,100.2,98.335,1.865,100.6,98.881,1.719,100,98.171,1.829,100.4,98.91,1.49,100.8,98.736,2.064,101.2,99.71,1.49,100,98.583,101,99.8,31.894,1933470,71.818,-0.064,0.261,0.28,-0.253,0.005,0.302
2026-07-01T16:00:00.000Z,50,48.871,47.557,42,41.455,43.529,99.4,97.692,1.708,99.8,98.047,1.753,100.2,98.324,1.876,100.6,98.896,1.704,100,98.37,1.63,100.4,98.574,1.826,100.8,99.67,1.13,101.2,99.503,1.697,100,98.635,101,99.782,31.76,1964160,71.442,0.051,0.246,0.277,-0.269,0.037,0.293
2026-07-01T16:15:00.000Z,50,48.779,49.002,42,41.067,44.251,99.4,98.12,1.28,99.8,98.752,1.048,100.2,98.918,1.282,100.6,99.41,1.19,100,98.46,1.54,100.4,99.037,1.363,100.8,99.191,1.609,101.2,99.551,1.649,100,98.93,101,99.603,31.995,1994850,73.315,0.259,0.41,0.27,-0.241,0.069,0.28
2026-07-01T16:30:00.000Z,50,48.662,49.112,42,41.27,45.315,99.4,97.765,1.635,99.8,98.751,1.049,100.2,98.592,1.608,100.6,98.782,1.818,100,98.255,1.745,100.4,99.401,0.999,100.8,99.727,1.073,101.2,99.904,1.296,100,98.897,101,99.713,32.299,2025540,74.168,0.31,0.332,0.258,-0.204,0.1,0.265
2026-07-01T16:45:00.000Z,50,48.645,49.457,42,41.142,45.673,99.4,98.344,1.056,99.8,98.226,1.574,100.2,99.162,1.038,100.6,98.839,1.761,100,98.345,1.655,100.4,99.154,1.246,100.8,99.724,1.076,101.2,99.829,1.371,100,98.953,101,99.224,31.986,2056230,73.922,0.351,0.376,0.243,-0.242,0.13,0.247
2026-07-01T17:00:00.000Z,50,48.55,50.289,42,40.976,45.578,99.4,97.853,1.547,99.8,98.315,1.485,100.2,98.656,1.544,100.6,99.522,1.078,100,98.767,1.233,100.4,99.322,1.078,100.8,99.124,1.676,101.2,99.662,1.538,100,98.903,101,99.171,32.388,2086920,74.298,0.43,0.467,0.224,-0.193,0.158,0.227
2026-07-01T17:15:00.000Z,50,48.668,50.146,42,41.13,45.756,99.4,98.242,1.158,99.8,98.173,1.627,100.2,99.206,0.994,100.6,99.715,0.885,100,98.697,1.303,100.4,99.227,1.173,100.8,99.759,1.041,101.2,99.78,1.42,100,99.1,101,99.489,32.079,2117610,75.181,0.499,0.378,0.201,-0.231,0.185,0.203
2026-07-01T17:30:00.000Z,50,48.578,50.473,42,41.366,45.868,99.4,98.418,0.982,99.8,98.948,0.852,100.2,99.205,0.995,100.6,99.645,0.955,100,98.765,1.235,100.4,99.265,1.135,100.8,99.462,1.338,101.2,99.804,1.396,100,99.189,101,99.069,32.569,2148300,76.007,0.479,0.338,0.175,-0.172,0.21,0.178
2026-07-01T17:45:00.000Z,50,48.278,50.874,42,40.835,45.836,99.4,98.088,1.312,99.8,99.046,0.754,100.2,99.203,0.997,100.6,99.161,1.439,100,99.085,0.915,100.4,99.613,0.787,100.8,99.297,1.503,101.2,100.426,0.774,100,99.24,101,99.456,32.31,2178990,75.441,0.506,0.327,0.146,-0.203,0.233,0.151
2026-07-01T18:00:00.000Z,50,48.824,50.875,42,40.944,45.974,99.4,97.854,1.546,99.8,98.77,1.03,100.2,99.132,1.068,100.6,99.295,1.305,100,98.731,1.269,100.4,99.057,1.343,100.8,100.023,0.777,101.2,100.239,0.961,100,99.138,101,99.483,32.433,2209680,76.603,0.377,0.265,0.115,-0.188,0.254,0.122
2026-07-01T18:15:00.000Z,50,48.652,50.62,42,40.963,46.353,99.4,98.555,0.845,99.8,98.321,1.479,100.2,99.325,0.875,100.6,99.442,1.158,100,99.147,0.853,100.4,99.187,1.213,100.8,99.551,1.249,101.2,100.124,1.076,100,99.207,101,99.387,32.406,2240370,75.582,0.45,0.186,0.083,-0.191,0.272,0.092
2026-07-01T18:30:00.000Z,50,48.948,51.106,42,41.208,46.255,99.4,97.918,1.482,99.8,99.105,0.695,100.2,99.138,1.062,100.6,99.695,0.905,100,98.728,1.272,100.4,98.964,1.436,100.8,100.11,0.69,101.2,100.15,1.05,100,99.226,101,99.148,32.565,2271060,75.345,0.36,0.158,0.049,-0.172,0.288,0.061
2026-07-01T18:45:00.000Z,50,48.576,51.081,42,41.291,45.473,99.4,98.665,0.735,99.8,98.202,1.598,100.2,98.866,1.334,100.6,99.004,1.596,100,98.607,1.393,100.4,99.18,1.22,100.8,99.766,1.034,101.2,99.949,1.251,100,99.03,101,99.463,32.104,2301750,75.831,0.298,0.154,0.014,-0.227,0.3,0.03
2026-07-01T19:00:00.000Z,50,48.962,50.449,42,41.2,45.222,99.4,98.091,1.309,99.8,98.362,1.438,100.2,99.034,1.166,100.6,99.306,1.294,100,99.092,0.908,100.4,98.771,1.629,100.8,99.365,1.435,101.2,99.977,1.223,100,99,101,99.226,32.13,2332440,75.513,0.299,0.007,-0.021,-0.224,0.31,-0.003
2026-07-01T19:15:00.000Z,50,48.417,49.718,42,41.231,44.78,99.4,98.203,1.197,99.8,98.886,0.914,100.2,98.941,1.259,100.6,99.168,1.432,100,98.235,1.765,100.4,99.261,1.139,100.8,99.48,1.32,101.2,99.737,1.463,100,98.989,101,99.624,32.318,2363130,74.769,0.079,-0.096,-0.056,-0.202,0.316,-0.035
2026-07-01T19:30:00.000Z,50,48.404,48.61,42,40.942,45.075,99.4,98.293,1.107,99.8,98.113,1.687,100.2,98.638,1.562,100.6,99.35,1.25,100,98.465,1.535,100.4,98.997,1.403,100.8,99.585,1.215,101.2,99.467,1.733,100,98.864,101,99.145,31.928,2393820,73.11,-0.009,-0.056,-0.089,-0.249,0.32,-0.066
2026-07-01T19:45:00.000Z,50,48.658,48.334,42,41.061,44.566,99.4,98.024,1.376,99.8,98.353,1.447,100.2,98.887,1.313,100.6,99.001,1.599,100,98.457,1.543,100.4,99.077,1.323,100.8,99.21,1.59,101.2,100.018,1.182,100,98.878,101,99.41,31.779,2424510,73.337,-0.049,-0.222,-0.122,-0.266,0.32,-0.097
2026-07-01T20:00:00.000Z,50,48.891,48.349,42,41.055,43.599,99.4,97.891,1.509,99.8,98.424,1.376,100.2,98.673,1.527,100.6,99.001,1.599,100,98.473,1.527,100.4,98.537,1.863,100.8,99.009,1.791,101.2,99.595,1.605,100,98.7,101,99.242,31.708,2455200,72.395,-0.201,-0.33,-0.152,-0.275,0.317,-0.127
2026-07-01T20:15:00.000Z,50,48.929,47.451,42,41.015,43.353,99.4,97.825,1.575,99.8,98.03,1.77,100.2,98.956,1.244,100.6,98.943,1.657,100,98,2,100.4,98.667,1.733,100.8,99.396,1.404,101.2,99.764,1.436,100,98.698,101,99.353,31.927,2485890,70.978,-0.275,-0.287,-0.18,-0.249,0.31,-0.155
2026-07-01T20:30:00.000Z,50,48.589,47.254,42,41.377,42.825,99.4,97.583,1.817,99.8,98.461,1.339,100.2,98.058,2.142,100.6,99.164,1.436,100,97.97,2.03,100.4,98.727,1.673,100.8,98.805,1.995,101.2,99.247,1.953,100,98.502,101,99.538,31.636,2516580,70.116,-0.349,-0.4,-0.206,-0.284,0.301,-0.182
2026-07-01T20:45:00.000Z,50,49.136,45.851,42,41.26,43.146,99.4,97.711,1.689,99.8,98.305,1.495,100.2,98.511,1.689,100.6,99.305,1.295,100,97.916,2.084,100.4,98.702,1.698,100.8,99.344,1.456,101.2,99.858,1.342,100,98.707,101,99.652,31.554,2547270,69.702,-0.306,-0.38,-0.228,-0.293,0.289,-0.207
2026-07-01T21:00:00.000Z,50,48.79,45.663,42,41.294,42.92,99.4,97.446,1.954,99.8,97.797,2.003,100.2,98.404,1.796,100.6,98.929,1.671,100,98.381,1.619,100.4,98.247,2.153,100.8,99.173,1.627,101.2,99.698,1.502,100,98.509,101,99.501,31.549,2577960,68.776,-0.357,-0.486,-0.246,-0.294,0.273,-0.23
2026-07-01T21:15:00.000Z,50,49.303,45.73,42,41.696,41.883,99.4,98.072,1.328,99.8,97.598,2.202,100.2,98.72,1.48,100.6,98.383,2.217,100,98.148,1.852,100.4,98.273,2.127,100.8,99.22,1.58,101.2,99.415,1.785,100,98.479,101,99.738,31.658,2608650,69.199,-0.394,-0.428,-0.261,-0.281,0.256,-0.25
2026-07-01T21:30:00.000Z,50,49.213,45.487,42,41.347,41.954,99.4,97.942,1.458,99.8,98.306,1.494,100.2,98.605,1.595,100.6,98.908,1.692,100,98.517,1.483,100.4,98.355,2.045,100.8,99.173,1.627,101.2,99.813,1.387,100,98.702,101,99.94,31.567,2639340,68.142,-0.418,-0.471,-0.272,-0.292,0.235,-0.268
2026-07-01T21:45:00.000Z,50,49.276,45.208,42,41.624,41.801,99.4,97.971,1.429,99.8,98.533,1.267,100.2,98.951,1.249,100.6,99.145,1.455,100,97.881,2.119,100.4,98.531,1.869,100.8,98.854,1.946,101.2,99.136,2.064,100,98.625,101,100.197,31.656,2670030,67.627,-0.52,-0.329,-0.278,-0.281,0.212,-0.282
2026-07-01T22:00:00.000Z,50,49.503,45.289,42,41.752,41.709,99.4,98.204,1.196,99.8,98.445,1.355,100.2,98.435,1.765,100.6,99.443,1.157,100,98.494,1.506,100.4,98.526,1.874,100.8,99.281,1.519,101.2,99.27,1.93,100,98.762,101,100.334,32.247,2700720,67.913,-0.411,-0.316,-0.28,-0.21,0.187,-0.294
2026-07-01T22:15:00.000Z,50,49.228,44.753,42,41.527,42.24,99.4,97.604,1.796,99.8,98.065,1.735,100.2,98.569,1.631,100.6,99.102,1.498,100,98.479,1.521,100.4,99.27,1.13,100.8,99.665,1.135,101.2,99.462,1.738,100,98.777,101,100.242,31.912,2731410,68.417,-0.367,-0.34,-0.278,-0.251,0.16,-0.303
2026-07-01T22:30:00.000Z,50,49.203,45.164,42,41.726,41.72,99.4,98.204,1.196,99.8,98.85,0.95,100.2,98.543,1.657,100.6,99.176,1.424,100,98.556,1.444,100.4,99.43,0.97,100.8,99.221,1.579,101.2,99.853,1.347,100,98.979,101,100.182,32.123,2762100,67.739,-0.372,-0.274,-0.271,-0.225,0.132,-0.308
2026-07-01T22:45:00.000Z,50,49.461,45.247,42,41.949,41.784,99.4,98.147,1.253,99.8,98.306,1.494,100.2,98.732,1.468,100.6,99.442,1.158,100,98.827,1.173,100.4,98.796,1.604,100.8,99.965,0.835,101.2,99.705,1.495,100,98.99,101,100.146,32.708,2792790,68.972,-0.303,-0.248,-0.26,-0.155,0.102,-0.31
2026-07-01T23:00:00.000Z,50,49.39,46.449,42,41.98,42.941,99.4,98.679,0.721,99.8,98.724,1.076,100.2,99.551,0.649,100.6,99.818,0.782,100,99.08,0.92,100.4,99.107,1.293,100.8,100.008,0.792,101.2,100.136,1.064,100,99.388,101,100.344,32.849,2823480,69.097,-0.221,-0.074,-0.245,-0.138,0.071,-0.309
2026-07-01T23:15:00.000Z,50,49.424,46.886,42,41.664,43.09,99.4,99.067,0.333,99.8,98.969,0.831,100.2,99.691,0.509,100.6,100.226,0.374,100,99.198,0.802,100.4,99.48,0.92,100.8,100.154,0.646,101.2,100.71,0.49,100,99.687,101,100.603,32.997,2854170,69.218,-0.123,0.012,-0.226,-0.12,0.04,-0.304
2026-07-01T23:30:00.000Z,50,49.663,47.041,42,42.169,43.481,99.4,99.014,0.386,99.8,99.614,0.186,100.2,99.354,0.846,100.6,99.884,0.716,100,99.464,0.536,100.4,99.965,0.435,100.8,100.581,0.219,101.2,100.648,0.552,100,99.816,101,100.32,33.397,2884860,69.819,-0.039,0.133,-0.204,-0.072,0.008,-0.296
2026-07-01T23:45:00.000Z,50,49.86,47.05,42,41.76,43.903,99.4,98.907,0.493,99.8,99.711,0.089,100.2,99.896,0.304,100.6,100.567,0.033,100,99.671,0.329,100.4,100.381,0.019,100.8,100.242,0.558,101.2,101.331,-0.131,100,100.088,101,100.673,33.84,2915550,71.585,0.056,0.181,-0.179,-0.019,-0.024,-0.285
2026-07-02T00:00:00.000Z,50,49.748,47.896,42,41.947,43.804,99.4,99.251,0.149,99.8,99.768,0.032,100.2,100.324,-0.124,100.6,100.411,0.189,100,99.63,0.37,100.4,100.826,-0.426,100.8,100.743,0.057,101.2,101.407,-0.207,100,100.295,101,100.773,33.924,2946240,72.157,0.077,0.236,-0.15,-0.009,-0.056,-0.271
2026-07-02T00:15:00.000Z,50,50.082,49.185,42,41.985,44.606,99.4,99.407,-0.007,99.8,100.077,-0.277,100.2,100.5,-0.3,100.6,100.477,0.123,100,100.404,-0.404,100.4,100.3,0.1,100.8,101.165,-0.365,101.2,101.714,-0.514,100,100.505,101,100.757,34.233,2976930,73.429,0.225,0.19,-0.12,0.028,-0.087,-0.254
2026-07-02T00:30:00.000Z,50,50.055,48.655,42,42.103,44.469,99.4,100.078,-0.678,99.8,100.455,-0.655,100.2,100.318,-0.118,100.6,101.311,-0.711,100,100.609,-0.609,100.4,101.205,-0.805,100.8,101.515,-0.715,101.2,101.403,-0.203,100,100.862,101,101.167,34.392,3007620,73.239,0.348,0.336,-0.087,0.047,-0.117,-0.234
2026-07-02T00:45:00.000Z,50,50.459,49.909,42,42.141,45.359,99.4,99.89,-0.49,99.8,100.783,-0.983,100.2,100.862,-0.662,100.6,101.49,-0.89,100,101.031,-1.031,100.4,101.307,-0.907,100.8,101.256,-0.456,101.2,102.309,-1.109,100,101.116,101,101.082,34.983,3038310,74.484,0.387,0.29,-0.053,0.118,-0.146,-0.212
2026-07-02T01:00:00.000Z,50,50.516,50.568,42,41.995,45.07,99.4,100.721,-1.321,99.8,100.699,-0.899,100.2,100.777,-0.577,100.6,101.791,-1.191,100,100.787,-0.787,100.4,101.779,-1.379,100.8,102.076,-1.276,101.2,101.717,-0.517,100,101.293,101,101.067,34.969,3069000,74.459,0.484,0.356,-0.019,0.116,-0.174,-0.188
2026-07-02T01:15:00.000Z,50,50.684,49.988,42,42.149,46.183,99.4,100.363,-0.963,99.8,101.131,-1.331,100.2,101.26,-1.06,100.6,102.159,-1.559,100,100.848,-0.848,100.4,101.754,-1.354,100.8,101.962,-1.162,101.2,101.911,-0.711,100,101.423,101,101.389,35.511,3099690,75.184,0.499,0.422,0.016,0.181,-0.2,-0.161
2026-07-02T01:30:00.000Z,50,50.824,51.107,42,42.276,45.887,99.4,100.951,-1.551,99.8,100.771,-0.971,100.2,101.337,-1.137,100.6,101.955,-1.355,100,101.372,-1.372,100.4,102.134,-1.734,100.8,102.43,-1.63,101.2,102.971,-1.771,100,101.74,101,101.67,35.584,3130380,75.809,0.408,0.495,0.051,0.19,-0.224,-0.133
2026-07-02T01:45:00.000Z,50,50.854,51.044,42,42.615,46.253,99.4,100.56,-1.16,99.8,100.957,-1.157,100.2,101.992,-1.792,100.6,102.023,-1.423,100,101.038,-1.038,100.4,102.254,-1.854,100.8,102.586,-1.786,101.2,102.417,-1.217,100,101.728,101,101.341,36.022,3161070,75.384,0.511,0.481,0.085,0.243,-0.246,-0.103
2026-07-02T02:00:00.000Z,50,50.429,50.669,42,42.226,45.845,99.4,101.269,-1.869,99.8,101.738,-1.938,100.2,101.636,-1.436,100.6,102.059,-1.459,100,101.372,-1.372,100.4,102.124,-1.724,100.8,102.597,-1.797,101.2,102.37,-1.17,100,101.896,101,101.411,36.027,3191760,75.382,0.34,0.331,0.118,0.243,-0.265,-0.073
2026-07-02T02:15:00.000Z,50,50.514,50.586,42,42.589,46.505,99.4,101.259,-1.859,99.8,101.078,-1.278,100.2,101.582,-1.382,100.6,101.867,-1.267,100,102.086,-2.086,100.4,102.059,-1.659,100.8,102.045,-1.245,101.2,103.298,-2.098,100,101.909,101,101.898,36.348,3222450,75.855,0.354,0.341,0.148,0.282,-0.282,-0.041
2026-07-02T02:30:00.000Z,50,51.027,50.611,42,42.596,46.414,99.4,101.11,-1.71,99.8,101.122,-1.322,100.2,102.208,-2.008,100.6,102.215,-1.615,100,102.056,-2.056,100.4,102.064,-1.664,100.8,102.968,-2.168,101.2,102.692,-1.492,100,102.054,101,101.955,36.107,3253140,75.213,0.284,0.266,0.177,0.253,-0.295,-0.009
2026-07-02T02:45:00.000Z,50,51.097,50.233,42,42.445,45.816,99.4,100.991,-1.591,99.8,101.985,-2.185,100.2,102.185,-1.985,100.6,101.967,-1.367,100,101.81,-1.81,100.4,102.195,-1.795,100.8,102.514,-1.714,101.2,103.163,-1.963,100,102.101,101,102.037,36.265,3283830,74.885,0.225,0.275,0.203,0.272,-0.306,0.023
2026-07-02T03:00:00.000Z,50,51.087,50.006,42,42.474,45.778,99.4,85.33,14.07,99.8,101.3,-1.5,100.2,101.794,-1.594,100.6,102.551,-1.951,100,101.533,-1.533,100.4,102.514,-2.114,100.8,102.28,-1.48,101.2,103.345,-2.145,100,100.081,101,101.978,36.059,3314520,74.282,0.148,0.154,0.225,0.247,-0.314,0.055
2026-07-02T03:15:00.000Z,50,51.242,49.8,42,42.431,45.396,99.4,85.644,13.756,99.8,85.921,13.879,100.2,86.185,14.015,100.6,85.867,14.733,100,84.434,15.566,100.4,85.014,15.386,100.8,85.27,15.53,101.2,84.948,16.252,100,85.41,101,101.72,36.044,3345210,74.182,0.146,0.091,0.244,0.245,-0.319,0.086
2026-07-02T03:30:00.000Z,50,51.088,49.107,42,42.674,44.376,99.4,101.323,-1.923,99.8,85.461,14.339,100.2,85.636,14.564,100.6,85.795,14.805,100,84.785,15.215,100.4,84.588,15.812,100.8,84.688,16.112,101.2,85.346,15.854,100,87.203,101,101.896,36.13,3375900,73.473,0.054,-0.007,0.259,0.256,-0.32,0.116
2026-07-02T03:45:00.000Z,50,51.426,48.552,42,42.873,44.4,99.4,100.859,-1.459,99.8,101.631,-1.831,100.2,101.696,-1.496,100.6,102.198,-1.598,100,101.233,-1.233,100.4,102.251,-1.851,100.8,102.584,-1.784,101.2,102.43,-1.23,100,101.86,101,101.771,36.314,3406590,73.108,-0.064,-0.029,0.27,0.278,-0.318,0.145
2026-07-02T04:00:00.000Z,50,51.242,47.889,42,42.678,43.919,99.4,100.761,-1.361,99.8,101.469,-1.669,100.2,101.97,-1.77,100.6,102.408,-1.808,100,101.251,-1.251,100.4,101.843,-1.443,100.8,102.274,-1.474,101.2,102.921,-1.721,100,101.862,101,102.239,35.895,3437280,72.035,-0.162,-0.085,0.277,0.227,-0.313,0.173
2026-07-02T04:15:00.000Z,50,51.072,47.866,42,42.748,43.539,99.4,100.443,-1.043,99.8,101.344,-1.544,100.2,101.455,-1.255,100.6,102.306,-1.706,100,101.041,-1.041,100.4,101.714,-1.314,100.8,102.071,-1.271,101.2,102.828,-1.628,100,101.65,101,102.181,35.811,3467970,71.518,-0.184,-0.208,0.28,0.217,-0.305,0.198
2026-07-02T04:30:00.000Z,50,51.285,47.41,42,42.561,42.895,99.4,100.412,-1.012,99.8,100.85,-1.05,100.2,101.828,-1.628,100.6,102.349,-1.749,100,101.784,-1.784,100.4,101.368,-0.968,100.8,102.39,-1.59,101.2,103.024,-1.824,100,101.751,101,101.985,35.728,3498660,70.407,-0.346,-0.315,0.278,0.207,-0.294,0.222
2026-07-02T04:45:00.000Z,50,51.263,46.77,42,43.087,42.507,99.4,101.026,-1.626,99.8,101.309,-1.509,100.2,101.216,-1.016,100.6,101.97,-1.37,100,101.682,-1.682,100.4,101.617,-1.217,100.8,102.371,-1.571,101.2,102.519,-1.319,100,101.714,101,102.441,35.655,3529350,69.749,-0.333,-0.347,0.272,0.199,-0.28,0.243
2026-07-02T05:00:00.000Z,50,51.009,45.636,42,42.911,42.378,99.4,100.781,-1.381,99.8,101.186,-1.386,100.2,101.025,-0.825,100.6,101.813,-1.213,100,101.64,-1.64,100.4,101.405,-1.005,100.8,101.601,-0.801,101.2,102.659,-1.459,100,101.514,101,102.16,35.548,3560040,69.785,-0.436,-0.347,0.262,0.186,-0.263,0.262
2026-07-02T05:15:00.000Z,50,51.551,45.97,42,43.051,41.858,99.4,100.837,-1.437,99.8,101.296,-1.496,100.2,101.449,-1.249,100.6,101.5,-0.9,100,101.372,-1.372,100.4,101.805,-1.405,100.8,101.929,-1.129,101.2,102.176,-0.976,100,101.546,101,102.196,35.774,3590730,69,-0.506,-0.364,0.247,0.213,-0.244,0.277
2026-07-02T05:30:00.000Z,50,51.21,45.53,42,42.91,41.765,99.4,100.87,-1.47,99.8,100.643,-0.843,100.2,100.954,-0.754,100.6,101.619,-1.019,100,101.173,-1.173,100.4,101.45,-1.05,100.8,101.851,-1.051,101.2,102.621,-1.421,100,101.398,101,102.562,35.579,3621420,67.781,-0.372,-0.365,0.229,0.19,-0.222,0.29
2026-07-02T05:45:00.000Z,50,51.312,45.047,42,42.796,41.956,99.4,100.745,-1.345,99.8,101.041,-1.241,100.2,101.728,-1.528,100.6,101.988,-1.388,100,100.787,-0.787,100.4,101.538,-1.138,100.8,102.118,-1.318,101.2,102.21,-1.01,100,101.519,101,102.492,35.778,3652110,68.741,-0.477,-0.422,0.207,0.213,-0.198,0.3
2026-07-02T06:00:00.000Z,50,51.453,45.009,42,42.809,41.588,99.4,100.648,-1.248,99.8,101.207,-1.407,100.2,101.184,-0.984,100.6,102.008,-1.408,100,101.024,-1.024,100.4,101.099,-0.699,100.8,102.073,-1.273,101.2,102.297,-1.097,100,101.443,101,102.399,35.41,3682800,67.908,-0.424,-0.426,0.182,0.169,-0.172,0.306
2026-07-02T06:15:00.000Z,50,51.295,45.085,42,42.819,41.604,99.4,100.798,-1.398,99.8,100.578,-0.778,100.2,101.632,-1.432,100.6,101.855,-1.255,100,101.239,-1.239,100.4,101.43,-1.03,100.8,102.163,-1.363,101.2,102.607,-1.407,100,101.538,101,102.097,35.716,3713490,67.911,-0.349,-0.325,0.154,0.206,-0.144,0.31
2026-07-02T06:30:00.000Z,50,51.339,44.817,42,42.634,41.99,99.4,100.977,-1.577,99.8,101.245,-1.445,100.2,101.251,-1.051,100.6,102.076,-1.476,100,101.098,-1.098,100.4,101.547,-1.147,100.8,102.112,-1.312,101.2,102.775,-1.575,100,101.635,101,102.116,35.409,3744180,68.967,-0.337,-0.315,0.124,0.169,-0.115,0.31
2026-07-02T06:45:00.000Z,50,51.154,45.899,42,42.61,42.653,99.4,100.171,-0.771,99.8,101.266,-1.466,100.2,101.64,-1.44,100.6,101.359,-0.759,100,101.329,-1.329,100.4,101.905,-1.505,100.8,102.287,-1.487,101.2,102.72,-1.52,100,101.585,101,102.058,35.7,3774870,68.759,-0.29,-0.289,0.092,0.204,-0.084,0.306
2026-07-02T07:00:00.000Z,50,51.352,45.962,42,42.865,42.302,99.4,100.274,-0.874,99.8,100.665,-0.865,100.2,101.56,-1.36,100.6,101.565,-0.965,100,101.269,-1.269,100.4,101.782,-1.382,100.8,101.95,-1.15,101.2,102.675,-1.475,100,101.468,101,102.119,35.567,3805560,68.971,-0.1,-0.294,0.058,0.188,-0.053,0.299
2026-07-02T07:15:00.000Z,50,51.388,45.987,42,42.76,42.998,99.4,100.59,-1.19,99.8,100.994,-1.194,100.2,101.334,-1.134,100.6,102.264,-1.664,100,100.929,-0.929,100.4,101.377,-0.977,100.8,102.214,-1.414,101.2,102.28,-1.08,100,101.498,101,102.474,35.585,3836250,70.07,-0.091,-0.13,0.023,0.19,-0.021,0.29
2026-07-02T07:30:00.000Z,50,51.549,47.29,42,42.692,43.172,99.4,100.94,-1.54,99.8,101.124,-1.324,100.2,101.583,-1.383,100.6,102.222,-1.622,100,101.055,-1.055,100.4,101.8,-1.4,100.8,102.11,-1.31,101.2,102.883,-1.683,100,101.715,101,102.099,36.022,3866940,70.513,-0.002,-0.085,-0.012,0.243,0.011,0.277
2026-07-02T07:45:00.000Z,50,51.333,47.92,42,43.015,43.96,99.4,100.882,-1.482,99.8,101.571,-1.771,100.2,102.097,-1.897,100.6,102.387,-1.787,100,101.733,-1.733,100.4,101.489,-1.089,100.8,102.306,-1.506,101.2,102.243,-1.043,100,101.839,101,102.135,36.133,3897630,71.859,0.092,-0.098,-0.047,0.256,0.043,0.261
2026-07-02T08:00:00.000Z,50,51.555,47.895,42,42.768,44.074,99.4,100.804,-1.404,99.8,101.401,-1.601,100.2,101.666,-1.466,100.6,102.249,-1.649,100,101.741,-1.741,100.4,101.525,-1.125,100.8,102.118,-1.318,101.2,102.32,-1.12,100,101.728,101,101.823,36.325,3928320,72.459,0.159,-0.007,-0.081,0.279,0.074,0.242
2026-07-02T08:15:00.000Z,50,51.392,48.602,42,42.709,44.716,99.4,100.783,-1.383,99.8,101.404,-1.604,100.2,101.723,-1.523,100.6,102.231,-1.631,100,101.449,-1.449,100.4,102.452,-2.052,100.8,102.558,-1.758,101.2,102.632,-1.432,100,101.904,101,102.2,36.205,3959010,73.477,0.346,0.081,-0.113,0.265,0.105,0.221
2026-07-02T08:30:00.000Z,50,51.407,49.685,42,42.847,44.757,99.4,101.407,-2.007,99.8,101.136,-1.336,100.2,102.131,-1.931,100.6,101.87,-1.27,100,101.576,-1.576,100.4,102.043,-1.643,100.8,102.151,-1.351,101.2,102.559,-1.359,100,101.859,101,102.138,36.207,3989700,74.212,0.347,0.212,-0.144,0.265,0.134,0.197
2026-07-02T08:45:00.000Z,50,51.187,49.137,42,42.436,45.443,99.4,101.246,-1.846,99.8,101.466,-1.666,100.2,101.619,-1.419,100.6,102.524,-1.924,100,101.707,-1.707,100.4,101.742,-1.342,100.8,102.142,-1.342,101.2,103.139,-1.939,100,101.948,101,102.088,36,4020390,73.699,0.447,0.208,-0.173,0.24,0.163,0.171
2026-07-02T09:00:00.000Z,50,51.086,50.557,42,42.841,45.372,99.4,101.574,-2.174,99.8,101.554,-1.754,100.2,102.384,-2.184,100.6,102.152,-1.552,100,102.211,-2.211,100.4,102.091,-1.691,100.8,102.922,-2.122,101.2,102.741,-1.541,100,102.204,101,101.832,36.114,4051080,74.303,0.49,0.327,-0.199,0.254,0.189,0.144
2026-07-02T09:15:00.000Z,50,50.865,50.588,42,42.368,46.066,99.4,100.883,-1.483,99.8,101.332,-1.532,100.2,102.316,-2.116,100.6,102.488,-1.888,100,101.644,-1.644,100.4,102.19,-1.79,100.8,102.657,-1.857,101.2,103.236,-2.036,100,102.093,101,101.983,36.35,4081770,75.619,0.524,0.356,-0.222,0.282,0.214,0.115
2026-07-02T09:30:00.000Z,50,50.613,51.148,42,42.68,46.485,99.4,101.052,-1.652,99.8,101.448,-1.648,100.2,101.817,-1.617,100.6,102.449,-1.849,100,101.726,-1.726,100.4,102.505,-2.105,100.8,102.193,-1.393,101.2,103.229,-2.029,100,102.052,101,101.988,36.443,4112460,76.309,0.459,0.337,-0.242,0.293,0.237,0.084
2026-07-02T09:45:00.000Z,50,50.429,50.494,42,42.31,46.353,99.4,101.02,-1.62,99.8,101.113,-1.313,100.2,101.669,-1.469,100.6,101.989,-1.389,100,101.398,-1.398,100.4,102.252,-1.852,100.8,102.865,-2.065,101.2,102.942,-1.742,100,101.906,101,101.887,36.325,4143150,75.671,0.401,0.389,-0.257,0.279,0.257,0.053
2026-07-02T10:00:00.000Z,50,50.381,51.353,42,42.53,45.791,99.4,100.845,-1.445,99.8,101.829,-2.029,100.2,101.62,-1.42,100.6,102.202,-1.602,100,101.743,-1.743,100.4,101.978,-1.578,100.8,102.698,-1.898,101.2,102.489,-1.289,100,101.926,101,101.306,35.94,4173840,76.404,0.465,0.495,-0.269,0.233,0.275,0.021
2026-07-02T10:15:00.000Z,50,50.374,51.416,42,42.367,45.703,99.4,100.712,-1.312,99.8,101.268,-1.468,100.2,102.067,-1.867,100.6,102.46,-1.86,100,101.707,-1.707,100.4,102.184,-1.784,100.8,102.625,-1.825,101.2,102.866,-1.666,100,101.986,101,101.64,35.633,4204530,76.245,0.326,0.345,-0.277,0.196,0.29,-0.011
2026-07-02T10:30:00.000Z,50,50.195,50.733,42,42.135,45.715,99.4,100.735,-1.335,99.8,101.541,-1.741,100.2,101.175,-0.975,100.6,102.383,-1.783,100,101.358,-1.358,100.4,102.183,-1.783,100.8,101.686,-0.886,101.2,102.456,-1.256,100,101.69,101,101.346,35.572,4235220,75.537,0.201,0.45,-0.28,0.189,0.302,-0.043
2026-07-02T10:45:00.000Z,50,50.36,50.211,42,42.516,46.074,99.4,100.218,-0.818,99.8,100.689,-0.889,100.2,101.434,-1.234,100.6,101.987,-1.387,100,101.592,-1.592,100.4,101.127,-0.727,100.8,101.544,-0.744,101.2,102.493,-1.293,100,101.385,101,101.357,35.234,4265910,75.406,0.251,0.295,-0.279,0.148,0.311,-0.074
2026-07-02T11:00:00.000Z,50,50.192,50.256,42,42.277,45.154,99.4,100.657,-1.257,99.8,100.565,-0.765,100.2,100.768,-0.568,100.6,101.826,-1.226,100,100.868,-0.868,100.4,101.203,-0.803,100.8,101.548,-0.748,101.2,102.22,-1.02,100,101.207,101,101.209,35.22,4296600,75.486,0.166,0.296,-0.273,0.146,0.317,-0.105
2026-07-02T11:15:00.000Z,50,50.374,49.909,42,42.169,44.968,99.4,99.701,-0.301,99.8,100.525,-0.725,100.2,101.328,-1.128,100.6,101.465,-0.865,100,100.302,-0.302,100.4,101.43,-1.03,100.8,101.934,-1.134,101.2,102.347,-1.147,100,101.129,101,100.943,34.793,4327290,73.675,0.108,0.227,-0.263,0.095,0.32,-0.135
2026-07-02T11:30:00.000Z,50,50.009,49.278,42,42.331,44.836,99.4,99.806,-0.406,99.8,100.007,-0.207,100.2,100.675,-0.475,100.6,101.129,-0.529,100,100.671,-0.671,100.4,100.797,-0.397,100.8,101.598,-0.798,101.2,101.821,-0.621,100,100.813,101,101.013,34.643,4357980,73.572,-0.04,0.143,-0.249,0.077,0.319,-0.163
2026-07-02T11:45:00.000Z,50,49.885,47.996,42,41.981,44.518,99.4,99.981,-0.581,99.8,100.297,-0.497,100.2,100.638,-0.438,100.6,101.186,-0.586,100,100.238,-0.238,100.4,100.281,0.119,100.8,101.183,-0.383,101.2,101.602,-0.402,100,100.676,101,101.146,34.531,4388670,72.572,-0.133,0.126,-0.232,0.064,0.316,-0.189
2026-07-02T12:00:00.000Z,50,49.818,48.471,42,42.109,44.457,99.4,99.837,-0.437,99.8,99.76,0.04,100.2,100.27,-0.07,100.6,100.183,0.417,100,100.234,-0.234,100.4,100.145,0.255,100.8,101.178,-0.378,101.2,101.324,-0.124,100,100.366,101,100.655,34.183,4419360,71.662,-0.196,-0.049,-0.21,0.022,0.309,-0.213
2026-07-02T12:15:00.000Z,50,50.03,47.812,42,42.107,43.404,99.4,99.227,0.173,99.8,99.481,0.319,100.2,100.084,0.116,100.6,100.536,0.064,100,99.538,0.462,100.4,100.062,0.338,100.8,100.372,0.428,101.2,101.041,0.159,100,100.043,101,100.877,33.568,4450050,70.624,-0.233,-0.107,-0.186,-0.052,0.299,-0.236
2026-07-02T12:30:00.000Z,50,50.075,47.413,42,42.151,43.617,99.4,99.335,0.065,99.8,99.249,0.551,100.2,99.812,0.388,100.6,100.027,0.573,100,99.169,0.831,100.4,100.103,0.297,100.8,100.724,0.076,101.2,100.768,0.432,100,99.898,101,100.392,33.377,4480740,70.388,-0.294,-0.181,-0.158,-0.075,0.286,-0.255
2026-07-02T12:45:00.000Z,50,49.489,46.268,42,41.542,42.796,99.4,98.627,0.773,99.8,99.064,0.736,100.2,99.506,0.694,100.6,99.928,0.672,100,99.113,0.887,100.4,99.361,1.039,100.8,99.818,0.982,101.2,100.24,0.96,100,99.457,101,100.614,33.222,4511430,69.175,-0.424,-0.247,-0.128,-0.093,0.271,-0.272
2026-07-02T13:00:00.000Z,50,49.927,45.559,42,41.486,42.392,99.4,98.884,0.516,99.8,98.506,1.294,100.2,99.54,0.66,100.6,99.605,0.995,100,99.387,0.613,100.4,99.447,0.953,100.8,99.632,1.168,101.2,100.379,0.821,100,99.423,101,100.14,32.574,4542120,68.696,-0.444,-0.193,-0.096,-0.171,0.252,-0.286
2026-07-02T13:15:00.000Z,50,49.472,45.804,42,41.603,41.962,99.4,98.569,0.831,99.8,98.683,1.117,100.2,98.761,1.439,100.6,99.867,0.733,100,98.868,1.132,100.4,99.471,0.929,100.8,100.028,0.772,101.2,99.598,1.602,100,99.231,101,100.348,32.716,4572810,69.097,-0.443,-0.399,-0.062,-0.154,0.231,-0.297
2026-07-02T13:30:00.000Z,50,49.589,45.219,42,41.692,41.905,99.4,98.148,1.252,99.8,98.458,1.342,100.2,98.77,1.43,100.6,99.399,1.201,100,98.458,1.542,100.4,98.677,1.723,100.8,99.764,1.036,101.2,100.156,1.044,100,98.979,101,100.193,32.376,4603500,67.882,-0.507,-0.384,-0.028,-0.195,0.208,-0.304
2026-07-02T13:45:00.000Z,50,49.168,45.12,42,41.533,41.606,99.4,98.088,1.312,99.8,98.515,1.285,100.2,98.616,1.584,100.6,98.764,1.836,100,98.488,1.512,100.4,99.308,1.092,100.8,99.333,1.467,101.2,99.833,1.367,100,98.868,101,100.224,32.129,4634190,67.503,-0.393,-0.324,0.007,-0.224,0.183,-0.309
2026-07-02T14:00:00.000Z,50,49.383,44.461,42,41.516,41.628,99.4,97.489,1.911,99.8,98.53,1.27,100.2,98.584,1.616,100.6,99.225,1.375,100,98.538,1.462,100.4,98.664,1.736,100.8,98.804,1.996,101.2,99.252,1.948,100,98.636,101,100.179,31.765,4664880,68.174,-0.458,-0.491,0.042,-0.268,0.156,-0.31
2026-07-02T14:15:00.000Z,50,48.961,45.239,42,41.566,42.049,99.4,97.398,2.002,99.8,98.288,1.512,100.2,98.943,1.257,100.6,99.134,1.466,100,98.616,1.384,100.4,98.556,1.844,100.8,99.405,1.395,101.2,99.928,1.272,100,98.783,101,99.703,32.118,4695570,67.699,-0.253,-0.447,0.076,-0.226,0.127,-0.308
2026-07-02T14:30:00.000Z,50,49.458,44.682,42,41.652,42.346,99.4,97.667,1.733,99.8,98.085,1.715,100.2,98.232,1.968,100.6,99.018,1.582,100,98.162,1.838,100.4,98.504,1.896,100.8,98.858,1.942,101.2,99.662,1.538,100,98.524,101,99.603,31.903,4726260,67.784,-0.218,-0.401,0.109,-0.252,0.097,-0.302
2026-07-02T14:45:00.000Z,50,49.304,45.774,42,41.11,41.716,99.4,97.635,1.765,99.8,98.396,1.404,100.2,98.72,1.48,100.6,98.885,1.715,100,98.16,1.84,100.4,98.598,1.802,100.8,99.425,1.375,101.2,99.185,2.015,100,98.625,101,99.597,31.758,4756950,69.274,-0.251,-0.366,0.14,-0.269,0.066,-0.294
2026-07-02T15:00:00.000Z,50,48.667,45.564,42,41.594,42.464,99.4,97.871,1.529,99.8,97.686,2.114,100.2,98.726,1.474,100.6,99.021,1.579,100,98.251,1.749,100.4,98.204,2.196,100.8,99.272,1.528,101.2,99.035,2.165,100,98.508,101,99.749,31.675,4787640,69.568,-0.119,-0.292,0.17,-0.279,0.034,-0.282
2026-07-02T15:15:00.000Z,50,48.805,46.381,42,41.531,42.835,99.4,97.247,2.153,99.8,98.292,1.508,100.2,98.725,1.475,100.6,98.742,1.858,100,98.153,1.847,100.4,98.769,1.631,100.8,99.297,1.503,101.2,99.723,1.477,100,98.619,101,99.646,31.55,4818330,70.404,0.053,-0.284,0.196,-0.294,0.003,-0.267
2026-07-02T15:30:00.000Z,50,49.021,46.319,42,40.987,43.257,99.4,97.927,1.473,99.8,97.98,1.82,100.2,98.343,1.857,100.6,98.6,2,100,98.667,1.333,100.4,98.849,1.551,100.8,98.938,1.862,101.2,99.177,2.023,100,98.56,101,99.861,31.9,4849020,70.22,0.139,-0.303,0.219,-0.252,-0.029,-0.249
2026-07-02T15:45:00.000Z,50,48.82,47.68,42,41.372,43.317,99.4,97.453,1.947,99.8,97.766,2.034,100.2,98.846,1.354,100.6,98.707,1.893,100,98.604,1.396,100.4,98.326,2.074,100.8,99.542,1.258,101.2,99.861,1.339,100,98.638,101,99.366,32.05,4879710,70.913,0.2,-0.092,0.239,-0.234,-0.061,-0.229
2026-07-02T16:00:00.000Z,50,48.746,47.404,42,40.965,43.639,99.4,97.473,1.927,99.8,98.053,1.747,100.2,98.929,1.271,100.6,99.071,1.529,100,98.603,1.397,100.4,98.862,1.538,100.8,99.565,1.235,101.2,99.354,1.846,100,98.739,101,99.735,31.919,4910400,72.417,0.245,-0.07,0.256,-0.25,-0.092,-0.206
2026-07-02T16:15:00.000Z,50,49.025,49.139,42,41.192,44.175,99.4,97.496,1.904,99.8,98.067,1.733,100.2,98.977,1.223,100.6,99.352,1.248,100,98.392,1.608,100.4,98.91,1.49,100.8,99.08,1.72,101.2,99.921,1.279,100,98.774,101,99.204,32.018,4941090,72.561,0.242,-0.071,0.268,-0.238,-0.122,-0.181
2026-07-02T16:30:00.000Z,50,48.456,49.046,42,41.085,44.527,99.4,98.402,0.998,99.8,98.055,1.745,100.2,98.704,1.496,100.6,99.159,1.441,100,98.825,1.175,100.4,99.058,1.342,100.8,99.267,1.533,101.2,99.779,1.421,100,98.906,101,99.498,32.073,4971780,73.488,0.443,0.036,0.276,-0.231,-0.151,-0.154
2026-07-02T16:45:00.000Z,50,48.835,49.994,42,41.297,45.22,99.4,97.825,1.575,99.8,98.494,1.306,100.2,99.031,1.169,100.6,99.175,1.425,100,99.122,0.878,100.4,98.648,1.752,100.8,99.88,0.92,101.2,99.808,1.392,100,98.998,101,99.259,31.98,5002470,73.994,0.338,0.197,0.28,-0.242,-0.179,-0.125
2026-07-02T17:00:00.000Z,50,48.344,50.616,42,41.074,45.762,99.4,97.982,1.418,99.8,98.209,1.591,100.2,98.567,1.633,100.6,99.102,1.498,100,99.134,0.866,100.4,99.165,1.235,100.8,99.172,1.628,101.2,100.092,1.108,100,98.928,101,99.363,32.471,5033160,74.64,0.392,0.138,0.279,-0.183,-0.204,-0.096
2026-07-02T17:15:00.000Z,50,48.634,50.655,42,41.275,45.487,99.4,98.338,1.062,99.8,98.935,0.865,100.2,98.943,1.257,100.6,99.64,0.96,100,98.671,1.329,100.4,99.194,1.206,100.8,100.051,0.749,101.2,99.568,1.632,100,99.168,101,99.525,32.307,5063850,75.697,0.525,0.287,0.274,-0.203,-0.228,-0.065
2026-07-02T17:30:00.000Z,50,48.432,50.299,42,40.937,46.063,99.4,97.993,1.407,99.8,98.766,1.034,100.2,99.403,0.797,100.6,99.639,0.961,100,99.255,0.745,100.4,99.068,1.332,100.8,99.967,0.833,101.2,100.224,0.976,100,99.289,101,99.165,32.481,5094540,75.063,0.379,0.277,0.265,-0.182,-0.249,-0.033
2026-07-02T17:45:00.000Z,50,48.553,50.554,42,40.812,46.273,99.4,98.327,1.073,99.8,98.74,1.06,100.2,98.677,1.523,100.6,99.686,0.914,100,98.653,1.347,100.4,99.371,1.029,100.8,99.758,1.042,101.2,100.225,0.975,100,99.18,101,99.343,32.325,5125230,75.304,0.453,0.418,0.252,-0.201,-0.268,-0.001
2026-07-02T18:00:00.000Z,50,48.941,50.635,42,40.874,46.273,99.4,98.11,1.29,99.8,98.686,1.114,100.2,99.387,0.813,100.6,99.583,1.017,100,98.995,1.005,100.4,99.608,0.792,100.8,99.766,1.034,101.2,99.655,1.545,100,99.224,101,99.301,32.575,5155920,76.013,0.376,0.372,0.234,-0.171,-0.284,0.031
2026-07-02T18:15:00.000Z,50,48.583,51.025,42,41.334,46.616,99.4,98.331,1.069,99.8,98.461,1.339,100.2,99.13,1.07,100.6,99.536,1.064,100,98.905,1.095,100.4,99.494,0.906,100.8,100.104,0.696,101.2,100.096,1.104,100,99.257,101,99.538,32.438,5186610,75.484,0.272,0.356,0.213,-0.187,-0.297,0.063
2026-07-02T18:30:00.000Z,50,48.48,51.02,42,41.304,45.769,99.4,98.426,0.974,99.8,98.382,1.418,100.2,99.391,0.809,100.6,99.647,0.953,100,98.87,1.13,100.4,99.359,1.041,100.8,99.878,0.922,101.2,99.79,1.41,100,99.218,101,99.456,32.141,5217300,75.484,0.188,0.477,0.189,-0.223,-0.308,0.094
2026-07-02T18:45:00.000Z,50,48.564,51.004,42,40.856,45.813,99.4,98.21,1.19,99.8,98.258,1.542,100.2,99.432,0.768,100.6,99.518,1.082,100,99.045,0.955,100.4,98.869,1.531,100.8,99.708,1.092,101.2,99.647,1.553,100,99.086,101,99.343,32.319,5247990,74.949,0.137,0.35,0.162,-0.202,-0.315,0.124
2026-07-02T19:00:00.000Z,50,48.417,50.04,42,41.312,45.814,99.4,98.26,1.14,99.8,98.503,1.297,100.2,99.379,0.821,100.6,98.908,1.692,100,99.2,0.8,100.4,98.83,1.57,100.8,99.567,1.233,101.2,99.75,1.45,100,99.05,101,99.473,32.191,5278680,74.431,-0.006,0.332,0.132,-0.217,-0.319,0.153
2026-07-02T19:15:00.000Z,50,48.333,50.249,42,41.172,45.484,99.4,98.348,1.052,99.8,98.207,1.593,100.2,98.751,1.449,100.6,99.276,1.324,100,98.771,1.229,100.4,99.113,1.287,100.8,99.631,1.169,101.2,100.33,0.87,100,99.053,101,99.335,32.119,5309370,74.732,-0.034,0.344,0.1,-0.226,-0.32,0.18
2026-07-02T19:30:00.000Z,50,48.942,48.846,42,40.994,45.271,99.4,98.046,1.354,99.8,98.704,1.096,100.2,98.414,1.786,100.6,98.798,1.802,100,99.013,0.987,100.4,99.421,0.979,100.8,99.091,1.709,101.2,99.386,1.814,100,98.859,101,99.361,32.031,5340060,74.224,-0.044,0.252,0.067,-0.236,-0.318,0.205
2026-07-02T19:45:00.000Z,50,48.498,48.492,42,41.183,44.128,99.4,98.089,1.311,99.8,98.189,1.611,100.2,98.986,1.214,100.6,99.502,1.098,100,98.898,1.102,100.4,98.896,1.504,100.8,99.68,1.12,101.2,99.482,1.718,100,98.965,101,99.557,32.228,5370750,73.057,-0.13,0.179,0.032,-0.213,-0.312,0.228
2026-07-02T20:00:00.000Z,50,48.541,47.43,42,41.211,43.915,99.4,97.649,1.751,99.8,98.377,1.423,100.2,98.246,1.954,100.6,98.688,1.912,100,98.573,1.427,100.4,99.066,1.334,100.8,99.022,1.778,101.2,99.759,1.441,100,98.673,101,99.219,31.778,5401440,72.375,-0.277,0.148,-0.002,-0.267,-0.304,0.248
2026-07-02T20:15:00.000Z,50,48.562,47.326,42,41.23,43.766,99.4,97.737,1.663,99.8,98.314,1.486,100.2,98.466,1.734,100.6,98.812,1.788,100,98.141,1.859,100.4,98.553,1.847,100.8,99.399,1.401,101.2,99.44,1.76,100,98.608,101,99.533,31.604,5432130,71.821,-0.363,0.046,-0.037,-0.288,-0.292,0.266
2026-07-02T20:30:00.000Z,50,48.606,46.814,42,41.528,42.829,99.4,97.67,1.73,99.8,97.976,1.824,100.2,98.814,1.386,100.6,99.126,1.474,100,98.494,1.506,100.4,98.875,1.525,100.8,98.854,1.946,101.2,99.213,1.987,100,98.628,101,99.855,31.73,5462820,70.613,-0.35,0.05,-0.072,-0.272,-0.278,0.281
2026-07-02T20:45:00.000Z,50,48.823,45.82,42,41.304,42.649,99.4,98.083,1.317,99.8,98.167,1.633,100.2,98.242,1.958,100.6,98.99,1.61,100,98.218,1.782,100.4,98.921,1.479,100.8,99.381,1.419,101.2,99.354,1.846,100,98.67,101,99.876,31.894,5493510,70.406,-0.461,-0.006,-0.105,-0.253,-0.26,0.293
2026-07-02T21:00:00.000Z,50,49.346,46.343,42,41.602,42.397,99.4,97.683,1.717,99.8,98.231,1.569,100.2,98.235,1.965,100.6,99.063,1.537,100,98.415,1.585,100.4,98.217,2.183,100.8,98.805,1.995,101.2,99.623,1.577,100,98.534,101,99.952,31.761,5524200,68.486,-0.436,-0.114,-0.136,-0.269,-0.24,0.302
2026-07-02T21:15:00.000Z,50,49.361,44.926,42,41.262,41.99,99.4,97.267,2.133,99.8,98.005,1.795,100.2,98.48,1.72,100.6,98.943,1.657,100,98.011,1.989,100.4,98.193,2.207,100.8,99.412,1.388,101.2,99.428,1.772,100,98.467,101,99.98,31.561,5554890,68.052,-0.401,-0.179,-0.166,-0.293,-0.218,0.308
2026-07-02T21:30:00.000Z,50,49.095,45.456,42,41.172,42.37,99.4,97.917,1.483,99.8,97.817,1.983,100.2,98.201,1.999,100.6,98.76,1.84,100,98.547,1.453,100.4,98.281,2.119,100.8,99.246,1.554,101.2,99.782,1.418,100,98.569,101,100.129,31.622,5585580,68.262,-0.386,-0.286,-0.193,-0.285,-0.194,0.31
2026-07-02T21:45:00.000Z,50,49.345,45.239,42,41.242,42.155,99.4,97.702,1.698,99.8,98.213,1.587,100.2,98.456,1.744,100.6,98.5,2.1,100,97.871,2.129,100.4,98.323,2.077,100.8,99.191,1.609,101.2,99.875,1.325,100,98.516,101,100.253,31.979,5616270,67.628,-0.323,-0.313,-0.216,-0.242,-0.167,0.309
2026-07-02T22:00:00.000Z,50,49.028,45.44,42,41.598,41.596,99.4,97.861,1.539,99.8,98.331,1.469,100.2,98.572,1.628,100.6,98.608,1.992,100,98.342,1.658,100.4,98.629,1.771,100.8,99.222,1.578,101.2,99.673,1.527,100,98.655,101,100.093,32.037,5646960,68.009,-0.33,-0.429,-0.237,-0.236,-0.139,0.305
2026-07-02T22:15:00.000Z,50,49.239,45.142,42,41.634,41.369,99.4,97.614,1.786,99.8,98.432,1.368,100.2,98.354,1.846,100.6,99.38,1.22,100,98.509,1.491,100.4,98.787,1.613,100.8,99.145,1.655,101.2,100.117,1.083,100,98.792,101,100.062,32.088,5677650,67.667,-0.278,-0.374,-0.254,-0.229,-0.11,0.297
2026-07-02T22:30:00.000Z,50,49.205,45.331,42,41.798,42.195,99.4,97.98,1.42,99.8,98.532,1.268,100.2,99.172,1.028,100.6,99.217,1.383,100,98.502,1.498,100.4,98.984,1.416,100.8,99.698,1.102,101.2,99.591,1.609,100,98.959,101,99.95,32.371,5708340,68.817,-0.25,-0.349,-0.266,-0.195,-0.079,0.287
2026-07-02T22:45:00.000Z,50,49.273,44.969,42,41.504,41.924,99.4,97.889,1.511,99.8,98.373,1.427,100.2,99.259,0.941,100.6,99.297,1.303,100,98.966,1.034,100.4,99.659,0.741,100.8,99.62,1.18,101.2,100.208,0.992,100,99.159,101,100.309,32.783,5739030,68.46,-0.131,-0.393,-0.275,-0.146,-0.048,0.273
2026-07-02T23:00:00.000Z,50,49.37,45.703,42,41.653,42.504,99.4,98.075,1.325,99.8,99.182,0.618,100.2,98.893,1.307,100.6,99.545,1.055,100,98.705,1.295,100.4,99.131,1.269,100.8,99.952,0.848,101.2,100.091,1.109,100,99.197,101,100.499,32.74,5769720,69.285,-0.106,-0.426,-0.279,-0.151,-0.016,0.256
2026-07-02T23:15:00.000Z,50,49.804,46.332,42,41.942,42.935,99.4,98.79,0.61,99.8,99.016,0.784,100.2,99.56,0.64,100.6,100.164,0.436,100,98.977,1.023,100.4,99.525,0.875,100.8,100.234,0.566,101.2,100.653,0.547,100,99.615,101,100.649,33.073,5800410,70.437,-0.004,-0.368,-0.279,-0.111,0.016,0.237
2026-07-02T23:30:00.000Z,50,49.492,47.41,42,42.036,42.886,99.4,98.713,0.687,99.8,99.444,0.356,100.2,99.288,0.912,100.6,100.041,0.559,100,99.598,0.402,100.4,99.713,0.687,100.8,99.944,0.856,101.2,101.004,0.196,100,99.718,101,100.37,33.469,5831100,69.788,0.135,-0.325,-0.275,-0.064,0.048,0.215
2026-07-02T23:45:00.000Z,50,50.189,47.754,42,41.665,43.267,99.4,99.417,-0.017,99.8,99.236,0.564,100.2,100.35,-0.15,100.6,100.567,0.033,100,100.172,-0.172,100.4,99.746,0.654,100.8,100.253,0.547,101.2,101.051,0.149,100,100.099,101,100.599,33.891,5861790,70.945,0.144,-0.21,-0.266,-0.013,0.079,0.19
2026-07-03T00:00:00.000Z,50,50.091,48.502,42,42.08,43.736,99.4,99.459,-0.059,99.8,99.815,-0.015,100.2,100.083,0.117,100.6,100.688,-0.088,100,100.27,-0.27,100.4,100.41,-0.01,100.8,100.563,0.237,101.2,101.079,0.121,100,100.296,101,100.517,33.807,5892480,71.796,0.227,-0.174,-0.254,-0.023,0.11,0.164
2026-07-03T00:15:00.000Z,50,50.179,47.986,42,41.925,44.608,99.4,99.831,-0.431,99.8,99.887,-0.087,100.2,100.034,0.166,100.6,101.12,-0.52,100,99.992,0.008,100.4,100.854,-0.454,100.8,101.164,-0.364,101.2,101.508,-0.308,100,100.549,101,101.033,34.222,5923170,72.939,0.403,-0.096,-0.237,0.027,0.139,0.136
2026-07-03T00:30:00.000Z,50,50.355,49.093,42,41.93,45.029,99.4,99.511,-0.111,99.8,100.413,-0.613,100.2,100.976,-0.776,100.6,101.243,-0.643,100,100.061,-0.061,100.4,100.923,-0.523,100.8,101.707,-0.907,101.2,101.33,-0.13,100,100.771,101,101.042,34.812,5953860,72.9,0.336,-0.099,-0.216,0.097,0.167,0.107
2026-07-03T00:45:00.000Z,50,50.197,49.795,42,42.369,45.229,99.4,99.813,-0.413,99.8,100.827,-1.027,100.2,100.632,-0.432,100.6,101.1,-0.5,100,100.508,-0.508,100.4,100.7,-0.3,100.8,101.287,-0.487,101.2,102.279,-1.079,100,100.893,101,101.278,34.925,5984550,74.741,0.397,0.055,-0.192,0.111,0.194,0.076
2026-07-03T01:00:00.000Z,50,50.52,50.3,42,42.01,45.641,99.4,100.765,-1.365,99.8,101.05,-1.25,100.2,100.75,-0.55,100.6,101.448,-0.848,100,100.578,-0.578,100.4,101.211,-0.811,100.8,101.477,-0.677,101.2,102.376,-1.176,100,101.207,101,101.041,35.175,6015240,74.323,0.4,0.123,-0.166,0.141,0.218,0.045
2026-07-03T01:15:00.000Z,50,50.518,50.174,42,42.144,45.928,99.4,100.233,-0.833,99.8,100.983,-1.183,100.2,101.483,-1.283,100.6,101.774,-1.174,100,100.896,-0.896,100.4,101.792,-1.392,100.8,101.704,-0.904,101.2,102.476,-1.276,100,101.418,101,101.377,35.538,6045930,75.959,0.497,0.12,-0.136,0.185,0.241,0.013
2026-07-03T01:30:00.000Z,50,50.384,50.322,42,42.374,45.96,99.4,100.759,-1.359,99.8,100.99,-1.19,100.2,101.772,-1.572,100.6,102.009,-1.409,100,101.189,-1.189,100.4,101.371,-0.971,100.8,102.219,-1.419,101.2,102.94,-1.74,100,101.656,101,101.094,35.651,6076620,76.359,0.389,0.16,-0.105,0.198,0.26,-0.019
2026-07-03T01:45:00.000Z,50,50.413,51.259,42,42.41,46.38,99.4,100.868,-1.468,99.8,101.254,-1.454,100.2,101.958,-1.758,100.6,101.997,-1.397,100,101.721,-1.721,100.4,101.891,-1.491,100.8,101.872,-1.072,101.2,102.82,-1.62,100,101.798,101,101.424,35.672,6107310,75.671,0.395,0.343,-0.071,0.201,0.278,-0.051
2026-07-03T02:00:00.000Z,50,50.983,50.52,42,42.198,46.366,99.4,101.211,-1.811,99.8,101.349,-1.549,100.2,101.904,-1.704,100.6,102.321,-1.721,100,102.008,-2.008,100.4,101.907,-1.507,100.8,102.098,-1.298,101.2,103.232,-2.032,100,102.004,101,101.799,36.164,6138000,76.515,0.405,0.257,-0.037,0.26,0.292,-0.082
2026-07-03T02:15:00.000Z,50,50.732,50.599,42,42.618,45.819,99.4,100.788,-1.388,99.8,101.484,-1.684,100.2,101.456,-1.256,100.6,102.618,-2.018,100,101.542,-1.542,100.4,101.836,-1.436,100.8,102.656,-1.856,101.2,102.486,-1.286,100,101.858,101,101.718,36.337,6168690,76.472,0.205,0.425,-0.002,0.28,0.304,-0.113
2026-07-03T02:30:00.000Z,50,50.721,51.147,42,42.693,45.954,99.4,101.323,-1.923,99.8,101.327,-1.527,100.2,101.706,-1.506,100.6,102.403,-1.803,100,101.715,-1.715,100.4,101.8,-1.4,100.8,102.696,-1.896,101.2,103.096,-1.896,100,102.008,101,101.916,36.046,6199380,75.291,0.186,0.353,0.033,0.246,0.312,-0.142
2026-07-03T02:45:00.000Z,50,51.236,50.02,42,42.736,46.236,99.4,100.742,-1.342,99.8,101.153,-1.353,100.2,102.111,-1.911,100.6,102.412,-1.812,100,101.743,-1.743,100.4,101.762,-1.362,100.8,102.518,-1.718,101.2,103.067,-1.867,100,101.939,101,102.018,36.279,6230070,75.05,0.038,0.34,0.067,0.273,0.318,-0.17
2026-07-03T03:00:00.000Z,50,50.821,49.683,42,42.571,45.613,99.4,101.003,-1.603,99.8,101.519,-1.719,100.2,101.736,-1.536,100.6,102.587,-1.987,100,102.208,-2.208,100.4,101.952,-1.552,100.8,102.626,-1.826,101.2,102.918,-1.718,100,102.069,101,101.602,36.188,6260760,74.661,0.08,0.422,0.101,0.263,0.32,-0.196
2026-07-03T03:15:00.000Z,50,51.385,50.103,42,42.691,44.953,99.4,101.006,-1.606,99.8,101.949,-2.149,100.2,101.593,-1.393,100.6,102.386,-1.786,100,101.395,-1.395,100.4,101.9,-1.5,100.8,102.928,-2.128,101.2,102.938,-1.738,100,102.012,101,101.777,36.135,6291450,74.325,-0.027,0.347,0.132,0.256,0.319,-0.219
2026-07-03T03:30:00.000Z,50,50.891,49.534,42,42.869,44.768,99.4,101.105,-1.705,99.8,101.469,-1.669,100.2,101.649,-1.449,100.6,102.596,-1.996,100,101.869,-1.869,100.4,102.255,-1.855,100.8,102.542,-1.742,101.2,103.062,-1.862,100,102.068,101,102.163,36.08,6322140,74.169,-0.08,0.394,0.162,0.25,0.315,-0.241
2026-07-03T03:45:00.000Z,50,51.049,48.368,42,42.985,44.917,99.4,100.98,-1.58,99.8,101.864,-2.064,100.2,102.101,-1.901,100.6,102.402,-1.802,100,101.217,-1.217,100.4,101.636,-1.236,100.8,102.432,-1.632,101.2,102.756,-1.556,100,101.923,101,102.204,35.992,6352830,72.114,-0.163,0.267,0.189,0.239,0.308,-0.26
2026-07-03T04:00:00.000Z,50,51.426,48.213,42,42.97,44.263,99.4,101.191,-1.791,99.8,101.302,-1.502,100.2,101.996,-1.796,100.6,101.776,-1.176,100,101.62,-1.62,100.4,102.243,-1.843,100.8,102.105,-1.305,101.2,102.557,-1.357,100,101.849,101,102.058,36.154,6383520,71.507,-0.347,0.277,0.214,0.258,0.297,-0.276
2026-07-03T04:15:00.000Z,50,51.52,47.063,42,42.753,43.777,99.4,101.07,-1.67,99.8,101.358,-1.558,100.2,101.361,-1.161,100.6,102.266,-1.666,100,101.186,-1.186,100.4,101.513,-1.113,100.8,101.938,-1.138,101.2,102.446,-1.246,100,101.642,101,102.295,36.082,6414210,71.641,-0.347,0.197,0.234,0.25,0.284,-0.289
2026-07-03T04:30:00.000Z,50,51.266,47.042,42,42.593,42.987,99.4,101.16,-1.76,99.8,100.852,-1.052,100.2,101.516,-1.316,100.6,102.414,-1.814,100,101.666,-1.666,100.4,102.235,-1.835,100.8,102.281,-1.481,101.2,102.87,-1.67,100,101.874,101,102.415,35.789,6444900,69.864,-0.455,0.184,0.252,0.215,0.268,-0.299
2026-07-03T04:45:00.000Z,50,50.984,46.252,42,43.08,42.739,99.4,100.99,-1.59,99.8,101.495,-1.695,100.2,101.619,-1.419,100.6,101.799,-1.199,100,100.882,-0.882,100.4,101.651,-1.251,100.8,102.219,-1.419,101.2,102.385,-1.185,100,101.63,101,102.061,35.954,6475590,70.351,-0.383,0.094,0.265,0.234,0.249,-0.306
2026-07-03T05:00:00.000Z,50,51.096,45.98,42,42.771,42.383,99.4,100.378,-0.978,99.8,101.411,-1.611,100.2,101.634,-1.434,100.6,101.72,-1.12,100,100.92,-0.92,100.4,101.289,-0.889,100.8,101.689,-0.889,101.2,102.375,-1.175,100,101.427,101,102.237,35.884,6506280,69.413,-0.401,-0.023,0.274,0.226,0.228,-0.309
2026-07-03T05:15:00.000Z,50,51.54,45.202,42,42.831,42.655,99.4,100.165,-0.765,99.8,101.012,-1.212,100.2,101.536,-1.336,100.6,102.169,-1.569,100,101.508,-1.508,100.4,101.386,-0.986,100.8,102.013,-1.213,101.2,102.739,-1.539,100,101.566,101,102.147,35.602,6536970,68.99,-0.442,-0.042,0.279,0.192,0.204,-0.31
2026-07-03T05:30:00.000Z,50,51.142,45.448,42,42.863,42.067,99.4,100.698,-1.298,99.8,101.171,-1.371,100.2,101.051,-0.851,100.6,101.596,-0.996,100,100.777,-0.777,100.4,101.946,-1.546,100.8,102.35,-1.55,101.2,102.494,-1.294,100,101.51,101,102.337,35.848,6567660,68.133,-0.416,-0.104,0.28,0.222,0.178,-0.307
2026-07-03T05:45:00.000Z,50,51.189,44.463,42,43.029,42.325,99.4,100.642,-1.242,99.8,100.893,-1.093,100.2,101.58,-1.38,100.6,101.526,-0.926,100,101.055,-1.055,100.4,101.676,-1.276,100.8,102.224,-1.424,101.2,102.75,-1.55,100,101.543,101,102.493,35.51,6598350,67.807,-0.407,-0.286,0.276,0.181,0.151,-0.3
2026-07-03T06:00:00.000Z,50,51.536,44.641,42,43.099,41.369,99.4,100.777,-1.377,99.8,101.132,-1.332,100.2,101.141,-0.941,100.6,101.842,-1.242,100,100.846,-0.846,100.4,101.451,-1.051,100.8,101.856,-1.056,101.2,102.314,-1.114,100,101.42,101,102.271,35.432,6629040,68.578,-0.319,-0.334,0.268,0.172,0.122,-0.291
2026-07-03T06:15:00.000Z,50,51.345,44.835,42,43.047,41.59,99.4,100.109,-0.709,99.8,100.901,-1.101,100.2,101.323,-1.123,100.6,101.928,-1.328,100,100.95,-0.95,100.4,101.859,-1.459,100.8,102.259,-1.459,101.2,102.331,-1.131,100,101.458,101,102.076,35.815,6659730,67.502,-0.286,-0.367,0.255,0.218,0.092,-0.278
2026-07-03T06:30:00.000Z,50,51.392,45.153,42,42.772,41.647,99.4,100.198,-0.798,99.8,101.145,-1.345,100.2,101.448,-1.248,100.6,101.737,-1.137,100,101.209,-1.209,100.4,101.797,-1.397,100.8,101.585,-0.785,101.2,102.218,-1.018,100,101.417,101,102.11,35.733,6690420,68.757,-0.237,-0.392,0.239,0.208,0.061,-0.263
2026-07-03T06:45:00.000Z,50,51.225,45.802,42,42.716,42.62,99.4,100.495,-1.095,99.8,100.78,-0.98,100.2,101.235,-1.035,100.6,102.119,-1.519,100,101.432,-1.432,100.4,101.776,-1.376,100.8,102.414,-1.614,101.2,102.302,-1.102,100,101.569,101,102.072,35.592,6721110,68.46,-0.101,-0.375,0.219,0.191,0.029,-0.244
2026-07-03T07:00:00.000Z,50,51.643,46.216,42,42.765,42.33,99.4,101.089,-1.689,99.8,101.191,-1.391,100.2,101.485,-1.285,100.6,102.041,-1.441,100,101.343,-1.343,100.4,101.911,-1.511,100.8,102.326,-1.526,101.2,102.233,-1.033,100,101.702,101,102.323,35.546,6751800,68.892,-0.069,-0.468,0.196,0.185,-0.003,-0.223
2026-07-03T07:15:00.000Z,50,51.272,45.817,42,42.999,42.619,99.4,101.069,-1.669,99.8,100.945,-1.145,100.2,101.789,-1.589,100.6,102.29,-1.69,100,101.081,-1.081,100.4,102.034,-1.634,100.8,102.546,-1.746,101.2,102.078,-0.878,100,101.729,101,102.422,36.037,6782490,69.952,0.078,-0.34,0.169,0.244,-0.035,-0.2
2026-07-03T07:30:00.000Z,50,51.181,47.286,42,42.563,42.814,99.4,100.835,-1.435,99.8,100.817,-1.017,100.2,101.636,-1.436,100.6,101.585,-0.985,100,101.383,-1.383,100.4,101.805,-1.405,100.8,102.106,-1.306,101.2,102.163,-0.963,100,101.541,101,102.214,36.102,6813180,71.068,0.243,-0.422,0.14,0.252,-0.066,-0.174
2026-07-03T07:45:00.000Z,50,51.555,46.999,42,42.916,43.353,99.4,100.492,-1.092,99.8,101.096,-1.296,100.2,101.657,-1.457,100.6,102.003,-1.403,100,101.41,-1.41,100.4,101.429,-1.029,100.8,102.534,-1.734,101.2,102.643,-1.443,100,101.658,101,102.324,35.848,6843870,70.526,0.255,-0.403,0.109,0.222,-0.097,-0.147
2026-07-03T08:00:00.000Z,50,51.255,48.594,42,42.551,44.324,99.4,100.966,-1.566,99.8,101.774,-1.974,100.2,101.359,-1.159,100.6,101.854,-1.254,100,101.641,-1.641,100.4,101.76,-1.36,100.8,102.624,-1.824,101.2,103.132,-1.932,100,101.889,101,102.389,36.146,6874560,72.316,0.381,-0.326,0.076,0.257,-0.127,-0.118
2026-07-03T08:15:00.000Z,50,51.141,48.194,42,43.014,44.628,99.4,100.805,-1.405,99.8,101.484,-1.684,100.2,102.219,-2.019,100.6,102.071,-1.471,100,101.916,-1.916,100.4,101.63,-1.23,100.8,102.854,-2.054,101.2,102.626,-1.426,100,101.951,101,102.036,36.02,6905250,72.545,0.309,-0.349,0.042,0.242,-0.156,-0.087
2026-07-03T08:30:00.000Z,50,51.085,48.813,42,42.98,44.569,99.4,100.85,-1.45,99.8,101.678,-1.878,100.2,101.891,-1.691,100.6,102.045,-1.445,100,101.399,-1.399,100.4,102.358,-1.958,100.8,102.302,-1.502,101.2,103.12,-1.92,100,101.955,101,101.893,36.093,6935940,73.299,0.388,-0.24,0.007,0.251,-0.183,-0.056
2026-07-03T08:45:00.000Z,50,51.302,49.306,42,42.847,44.837,99.4,101.292,-1.892,99.8,101.877,-2.077,100.2,102.167,-1.967,100.6,102.626,-2.026,100,101.945,-1.945,100.4,102.592,-2.192,100.8,102.98,-2.18,101.2,103.109,-1.909,100,102.324,101,101.979,36.408,6966630,74.263,0.43,-0.15,-0.028,0.289,-0.208,-0.025
2026-07-03T09:00:00.000Z,50,51.295,49.765,42,42.519,45.469,99.4,100.752,-1.352,99.8,101.664,-1.864,100.2,101.755,-1.555,100.6,101.941,-1.341,100,101.672,-1.672,100.4,102.292,-1.892,100.8,102.412,-1.612,101.2,102.596,-1.396,100,101.886,101,102.066,36.291,6997320,75.148,0.482,-0.152,-0.063,0.275,-0.232,0.008
2026-07-03T09:15:00.000Z,50,50.897,51.058,42,42.474,45.598,99.4,101.453,-2.053,99.8,101.31,-1.51,100.2,102.008,-1.808,100.6,102.61,-2.01,100,101.764,-1.764,100.4,102.61,-2.21,100.8,102.923,-2.123,101.2,103.365,-2.165,100,102.255,101,101.724,36.428,7028010,75.202,0.466,-0.026,-0.096,0.291,-0.252,0.039
2026-07-03T09:30:00.000Z,50,51.058,51.158,42,42.4,45.751,99.4,101.505,-2.105,99.8,101.194,-1.394,100.2,102.169,-1.969,100.6,102.56,-1.96,100,101.533,-1.533,100.4,101.843,-1.443,100.8,102.918,-2.118,101.2,103.018,-1.818,100,102.093,101,101.605,36.183,7058700,75.082,0.448,0.02,-0.128,0.262,-0.271,0.071
2026-07-03T09:45:00.000Z,50,50.602,51.325,42,42.276,45.658,99.4,100.654,-1.254,99.8,101.48,-1.68,100.2,102.273,-2.073,100.6,102.241,-1.641,100,101.869,-1.869,100.4,102.138,-1.738,100.8,102.126,-1.326,101.2,102.889,-1.689,100,101.959,101,101.735,36.135,7089390,75.964,0.401,0.131,-0.158,0.256,-0.286,0.102
2026-07-03T10:00:00.000Z,50,50.722,51.559,42,42.558,46.418,99.4,101.143,-1.743,99.8,101.318,-1.518,100.2,101.649,-1.449,100.6,102.571,-1.971,100,101.635,-1.635,100.4,101.577,-1.177,100.8,102.713,-1.913,101.2,102.893,-1.693,100,101.937,101,101.295,36.224,7120080,76.261,0.3,0.228,-0.186,0.267,-0.299,0.131
2026-07-03T10:15:00.000Z,50,50.955,51.348,42,42.366,46.066,99.4,101.04,-1.64,99.8,100.872,-1.072,100.2,101.722,-1.522,100.6,102.308,-1.708,100,101.162,-1.162,100.4,101.583,-1.183,100.8,102.486,-1.686,101.2,102.713,-1.513,100,101.736,101,101.666,36.06,7150770,76.252,0.167,0.284,-0.21,0.247,-0.309,0.16
2026-07-03T10:30:00.000Z,50,50.552,50.415,42,42.512,46.402,99.4,100.686,-1.286,99.8,100.899,-1.099,100.2,101.412,-1.212,100.6,102.167,-1.567,100,101.248,-1.248,100.4,101.429,-1.029,100.8,102.186,-1.386,101.2,102.493,-1.293,100,101.565,101,101.474,35.673,7181460,75.125,0.126,0.395,-0.232,0.201,-0.316,0.186
2026-07-03T10:45:00.000Z,50,50.675,50.554,42,42.354,46.254,99.4,100.366,-0.966,99.8,100.828,-1.028,100.2,100.94,-0.74,100.6,101.651,-1.051,100,101.352,-1.352,100.4,101.695,-1.295,100.8,101.925,-1.125,101.2,102.791,-1.591,100,101.444,101,101.066,35.559,7212150,75.773,0.109,0.372,-0.25,0.187,-0.319,0.211
2026-07-03T11:00:00.000Z,50,50.177,50.148,42,42.33,45.347,99.4,100.492,-1.092,99.8,100.755,-0.955,100.2,100.88,-0.68,100.6,101.892,-1.292,100,100.879,-0.879,100.4,101.616,-1.216,100.8,101.487,-0.687,101.2,102.545,-1.345,100,101.318,101,101.189,35.156,7242840,75.058,-0.052,0.47,-0.263,0.139,-0.32,0.233
2026-07-03T11:15:00.000Z,50,49.965,49.273,42,42.331,45.16,99.4,100.41,-1.01,99.8,100.214,-0.414,100.2,100.544,-0.344,100.6,101.746,-1.146,100,100.453,-0.453,100.4,101.267,-0.867,100.8,101.466,-0.666,101.2,102.288,-1.088,100,101.049,101,100.906,34.9,7273530,73.904,-0.152,0.403,-0.273,0.108,-0.317,0.253
2026-07-03T11:30:00.000Z,50,50.281,48.686,42,41.97,45.077,99.4,99.766,-0.366,99.8,100.302,-0.502,100.2,100.378,-0.178,100.6,100.902,-0.302,100,100.649,-0.649,100.4,100.978,-0.578,100.8,101.225,-0.425,101.2,101.36,-0.16,100,100.695,101,101.17,34.693,7304220,73.002,-0.13,0.415,-0.279,0.083,-0.311,0.27
2026-07-03T11:45:00.000Z,50,49.919,48.027,42,42.011,44.694,99.4,99.28,0.12,99.8,99.743,0.057,100.2,100.275,-0.075,100.6,100.867,-0.267,100,100.441,-0.441,100.4,100.667,-0.267,100.8,101.179,-0.379,101.2,101.431,-0.231,100,100.485,101,100.64,34.081,7334910,72.946,-0.293,0.475,-0.28,0.01,-0.302,0.284
2026-07-03T12:00:00.000Z,50,50.008,47.494,42,41.781,44.28,99.4,98.955,0.445,99.8,99.834,-0.034,100.2,100.231,-0.031,100.6,100.41,0.19,100,99.777,0.223,100.4,100.71,-0.31,100.8,101.017,-0.217,101.2,100.98,0.22,100,100.239,101,100.769,34.228,7365600,72.368,-0.373,0.414,-0.277,0.027,-0.29,0.296
2026-07-03T12:15:00.000Z,50,49.615,47.841,42,41.683,43.372,99.4,99.264,0.136,99.8,99.579,0.221,100.2,99.894,0.306,100.6,100.576,0.024,100,99.767,0.233,100.4,99.747,0.653,100.8,100.914,-0.114,101.2,100.738,0.462,100,100.06,101,100.676,33.649,7396290,71.324,-0.383,0.336,-0.269,-0.042,-0.275,0.304
2026-07-03T12:30:00.000Z,50,49.575,47.126,42,42.158,43.507,99.4,99.21,0.19,99.8,98.896,0.904,100.2,99.86,0.34,100.6,100.437,0.163,100,99.755,0.245,100.4,100.232,0.168,100.8,100.614,0.186,101.2,100.297,0.903,100,99.913,101,100.58,33.213,7426980,70.711,-0.448,0.293,-0.257,-0.094,-0.257,0.309
2026-07-03T12:45:00.000Z,50,49.95,45.915,42,41.929,42.894,99.4,98.475,0.925,99.8,98.886,0.914,100.2,99.176,1.024,100.6,100.076,0.524,100,99.462,0.538,100.4,99.745,0.655,100.8,100.414,0.386,101.2,100.477,0.723,100,99.589,101,100.271,33.268,7457670,69.245,-0.418,0.168,-0.242,-0.088,-0.237,0.31
2026-07-03T13:00:00.000Z,50,49.302,46.207,42,41.622,42.693,99.4,98.665,0.735,99.8,98.6,1.2,100.2,99.574,0.626,100.6,99.55,1.05,100,98.646,1.354,100.4,99.292,1.108,100.8,100.005,0.795,101.2,100.442,0.758,100,99.347,101,100.279,32.584,7488360,69.051,-0.401,0.154,-0.222,-0.17,-0.214,0.308
2026-07-03T13:15:00.000Z,50,49.727,45.042,42,42.007,42.186,99.4,97.842,1.558,99.8,98.619,1.181,100.2,98.804,1.396,100.6,99.845,0.755,100,98.802,1.198,100.4,99.433,0.967,100.8,99.3,1.5,101.2,100.028,1.172,100,99.084,101,100.116,32.374,7519050,68.869,-0.431,0.006,-0.199,-0.195,-0.189,0.303
2026-07-03T13:30:00.000Z,50,49.452,45.753,42,41.758,42.114,99.4,98.162,1.238,99.8,98.603,1.197,100.2,98.767,1.433,100.6,99.519,1.081,100,98.867,1.133,100.4,98.822,1.578,100.8,99.552,1.248,101.2,99.957,1.243,100,99.031,101,99.981,32.287,7549740,68.194,-0.32,-0.05,-0.173,-0.206,-0.163,0.295
2026-07-03T13:45:00.000Z,50,49.446,44.591,42,41.492,41.912,99.4,97.863,1.537,99.8,98.216,1.584,100.2,98.563,1.637,100.6,99.206,1.394,100,98.261,1.739,100.4,98.59,1.81,100.8,99.658,1.142,101.2,99.606,1.594,100,98.745,101,100.343,32.329,7580430,67.78,-0.413,-0.021,-0.144,-0.201,-0.134,0.283
2026-07-03T14:00:00.000Z,50,49.058,44.524,42,41.581,42.041,99.4,97.906,1.494,99.8,98.527,1.273,100.2,98.609,1.591,100.6,99.192,1.408,100,98.017,1.983,100.4,98.634,1.766,100.8,99.049,1.751,101.2,100.028,1.172,100,98.745,101,99.819,32.001,7611120,67.811,-0.286,-0.229,-0.113,-0.24,-0.105,0.269
2026-07-03T14:15:00.000Z,50,49.412,45.48,42,41.361,41.412,99.4,97.89,1.51,99.8,97.989,1.811,100.2,98.232,1.968,100.6,98.75,1.85,100,98.369,1.631,100.4,98.693,1.707,100.8,98.689,2.111,101.2,99.507,1.693,100,98.515,101,99.898,31.959,7641810,68.055,-0.243,-0.173,-0.08,-0.245,-0.074,0.251
2026-07-03T14:30:00.000Z,50,49.047,45.715,42,41.587,42.02,99.4,97.246,2.154,99.8,97.652,2.148,100.2,98.447,1.753,100.6,99.074,1.526,100,98.572,1.428,100.4,98.716,1.684,100.8,99.299,1.501,101.2,99.044,2.156,100,98.506,101,99.772,31.803,7672500,68.919,-0.149,-0.315,-0.046,-0.264,-0.042,0.231
2026-07-03T14:45:00.000Z,50,49.169,45.145,42,41.575,41.881,99.4,97.991,1.409,99.8,97.792,2.008,100.2,98.483,1.717,100.6,98.591,2.009,100,97.883,2.117,100.4,98.327,2.073,100.8,98.705,2.095,101.2,99.668,1.532,100,98.43,101,99.79,31.896,7703190,69.34,-0.015,-0.34,-0.011,-0.252,-0.01,0.209
2026-07-03T15:00:00.000Z,50,49.232,45.738,42,41.41,42.642,99.4,97.822,1.578,99.8,97.589,2.211,100.2,98.504,1.696,100.6,99.109,1.491,100,98.059,1.941,100.4,98.522,1.878,100.8,99.433,1.367,101.2,99.877,1.323,100,98.614,101,99.772,31.688,7733880,69.307,0.043,-0.442,0.024,-0.277,0.022,0.184
2026-07-03T15:15:00.000Z,50,48.916,46.088,42,41.136,42.538,99.4,97.662,1.738,99.8,97.745,2.055,100.2,98.183,2.017,100.6,99.093,1.507,100,97.827,2.173,100.4,98.9,1.5,100.8,98.935,1.865,101.2,99.893,1.307,100,98.53,101,99.419,31.749,7764570,69.617,0.147,-0.425,0.058,-0.27,0.053,0.157
2026-07-03T15:30:00.000Z,50,48.738,46.44,42,41.303,42.846,99.4,98.115,1.285,99.8,97.971,1.829,100.2,98.076,2.124,100.6,98.891,1.709,100,98.449,1.551,100.4,99.099,1.301,100.8,98.898,1.902,101.2,99.357,1.843,100,98.607,101,99.678,31.644,7795260,70.006,0.207,-0.374,0.092,-0.283,0.085,0.129
2026-07-03T15:45:00.000Z,50,48.847,47.912,42,40.955,43.702,99.4,97.522,1.878,99.8,97.803,1.997,100.2,98.89,1.31,100.6,99.406,1.194,100,98.45,1.55,100.4,98.943,1.457,100.8,99.482,1.318,101.2,99.929,1.271,100,98.803,101,99.47,31.947,7825950,71.513,0.271,-0.491,0.124,-0.246,0.115,0.099
2026-07-03T16:00:00.000Z,50,48.447,47.721,42,41.088,44.005,99.4,97.635,1.765,99.8,97.84,1.96,100.2,98.243,1.957,100.6,99.256,1.344,100,98.54,1.46,100.4,98.52,1.88,100.8,99.578,1.222,101.2,99.484,1.716,100,98.637,101,99.644,31.912,7856640,72.055,0.361,-0.363,0.154,-0.251,0.144,0.068
2026-07-03T16:15:00.000Z,50,48.673,48.79,42,40.92,44.59,99.4,97.511,1.889,99.8,98.486,1.314,100.2,98.562,1.638,100.6,98.988,1.612,100,98.565,1.435,100.4,99.313,1.087,100.8,99.73,1.07,101.2,99.877,1.323,100,98.879,101,99.738,31.808,7887330,72.963,0.331,-0.403,0.182,-0.263,0.172,0.036
2026-07-03T16:30:00.000Z,50,48.386,49.502,42,41.363,45.047,99.4,97.587,1.813,99.8,98.428,1.372,100.2,99.169,1.031,100.6,99.646,0.954,100,98.788,1.212,100.4,98.989,1.411,100.8,99.088,1.712,101.2,99.363,1.837,100,98.882,101,99.115,32.273,7918020,72.945,0.498,-0.412,0.207,-0.207,0.198,0.004
2026-07-03T16:45:00.000Z,50,48.66,49.313,42,41.334,44.899,99.4,98.118,1.282,99.8,98.58,1.22,100.2,98.76,1.44,100.6,99.567,1.033,100,98.634,1.366,100.4,98.843,1.557,100.8,99.088,1.712,101.2,99.711,1.489,100,98.913,101,99.645,32.034,7948710,73.821,0.507,-0.333,0.229,-0.236,0.222,-0.028
2026-07-03T17:00:00.000Z,50,48.927,49.616,42,41.322,45.347,99.4,98.091,1.309,99.8,98.127,1.673,100.2,99.209,0.991,100.6,99.302,1.298,100,98.867,1.133,100.4,98.727,1.673,100.8,99.494,1.306,101.2,100.372,0.828,100,99.024,101,99.627,32.008,7979400,75.051,0.469,-0.158,0.247,-0.239,0.244,-0.059
2026-07-03T17:15:00.000Z,50,48.381,50.583,42,41.221,45.623,99.4,98.606,0.794,99.8,98.368,1.432,100.2,99.256,0.944,100.6,99.01,1.59,100,98.428,1.572,100.4,99.46,0.94,100.8,99.425,1.375,101.2,99.964,1.236,100,99.065,101,99.62,32.122,8010090,75.1,0.355,-0.22,0.262,-0.225,0.263,-0.091
2026-07-03T17:30:00.000Z,50,48.933,50.306,42,41.214,46.497,99.4,98.09,1.31,99.8,98.715,1.085,100.2,99.421,0.779,100.6,99.704,0.896,100,98.85,1.15,100.4,99.235,1.165,100.8,99.628,1.172,101.2,100.304,0.896,100,99.243,101,99.579,32.455,8040780,75.593,0.353,-0.142,0.272,-0.185,0.28,-0.121
2026-07-03T17:45:00.000Z,50,48.334,50.974,42,41.31,45.91,99.4,97.944,1.456,99.8,98.44,1.36,100.2,98.933,1.267,100.6,99.518,1.082,100,98.886,1.114,100.4,99.376,1.024,100.8,99.825,0.975,101.2,100.225,0.975,100,99.143,101,99.094,32.247,8071470,75.359,0.325,-0.029,0.278,-0.21,0.294,-0.15
2026-07-03T18:00:00.000Z,50,48.25,51.148,42,41.081,45.987,99.4,97.986,1.414,99.8,98.434,1.366,100.2,99.065,1.135,100.6,99.222,1.378,100,99.197,0.803,100.4,99.603,0.797,100.8,100.044,0.756,101.2,99.707,1.493,100,99.157,101,99.277,32.201,8102160,76.654,0.28,0.043,0.28,-0.216,0.305,-0.177
2026-07-03T18:15:00.000Z,50,48.952,50.495,42,41.364,46.132,99.4,98.233,1.167,99.8,98.59,1.21,100.2,99.398,0.802,100.6,99.132,1.468,100,99.015,0.985,100.4,99.106,1.294,100.8,99.731,1.069,101.2,99.706,1.494,100,99.114,101,99.315,32.447,8132850,76.556,0.181,0.153,0.277,-0.186,0.313,-0.202
2026-07-03T18:30:00.000Z,50,48.744,50.444,42,40.819,45.839,99.4,98.018,1.382,99.8,98.603,1.197,100.2,99.211,0.989,100.6,99.224,1.376,100,98.944,1.056,100.4,99.205,1.195,100.8,99.269,1.531,101.2,100.175,1.025,100,99.081,101,99.101,32.514,8163540,75.848,0.031,0.21,0.27,-0.178,0.318,-0.225
2026-07-03T18:45:00.000Z,50,48.84,51.042,42,40.836,46.261,99.4,98.506,0.894,99.8,98.305,1.495,100.2,98.673,1.527,100.6,99.16,1.44,100,98.87,1.13,100.4,99.078,1.322,100.8,99.866,0.934,101.2,100.07,1.13,100,99.066,101,99.526,32.315,8194230,74.96,-0.027,0.366,0.259,-0.202,0.32,-0.246
2026-07-03T19:00:00.000Z,50,48.845,50.387,42,41.095,45.699,99.4,97.902,1.498,99.8,98.643,1.157,100.2,99.141,1.059,100.6,98.994,1.606,100,99.134,0.866,100.4,99.265,1.135,100.8,99.77,1.03,101.2,99.892,1.308,100,99.093,101,99.058,32.35,8224920,74.132,-0.016,0.295,0.244,-0.198,0.319,-0.264
2026-07-03T19:15:00.000Z,50,48.976,50.186,42,41.302,44.811,99.4,98.199,1.201,99.8,98.177,1.623,100.2,99.304,0.896,100.6,99.498,1.102,100,98.712,1.288,100.4,98.714,1.686,100.8,99.557,1.243,101.2,99.477,1.723,100,98.955,101,99.128,32.404,8255610,74.091,-0.173,0.404,0.225,-0.192,0.314,-0.28
2026-07-03T19:30:00.000Z,50,48.491,49.401,42,41.085,45.169,99.4,98.21,1.19,99.8,97.995,1.805,100.2,99.045,1.155,100.6,99.027,1.573,100,98.741,1.259,100.4,99.387,1.013,100.8,99.007,1.793,101.2,99.626,1.574,100,98.88,101,99.421,32.093,8286300,73.665,-0.197,0.471,0.202,-0.229,0.306,-0.292
2026-07-03T19:45:00.000Z,50,48.91,48.411,42,41.368,43.997,99.4,97.99,1.41,99.8,97.912,1.888,100.2,98.452,1.748,100.6,98.698,1.902,100,98.537,1.463,100.4,99.056,1.344,100.8,99.242,1.558,101.2,99.981,1.219,100,98.733,101,99.241,31.771,8316990,73.457,-0.387,0.408,0.177,-0.268,0.295,-0.301
2026-07-03T20:00:00.000Z,50,48.974,48.083,42,40.931,43.792,99.4,97.458,1.942,99.8,98.452,1.348,100.2,98.221,1.979,100.6,99.352,1.248,100,98.311,1.689,100.4,99.107,1.293,100.8,99.381,1.419,101.2,99.6,1.6,100,98.735,101,99.505,31.941,8347680,71.919,-0.436,0.455,0.148,-0.247,0.281,-0.307
2026-07-03T20:15:00.000Z,50,48.554,48.014,42,41.498,43.482,99.4,97.775,1.625,99.8,98.12,1.68,100.2,98.691,1.509,100.6,98.77,1.83,100,97.947,2.053,100.4,98.59,1.81,100.8,99.594,1.206,101.2,99.457,1.743,100,98.618,101,99.834,31.798,8378370,71.276,-0.429,0.388,0.117,-0.264,0.265,-0.31
2026-07-03T20:30:00.000Z,50,49.219,47.44,42,41.479,43.49,99.4,97.388,2.012,99.8,98.161,1.639,100.2,98.671,1.529,100.6,98.798,1.802,100,98.634,1.366,100.4,98.384,2.016,100.8,99.369,1.431,101.2,99.84,1.36,100,98.656,101,99.559,31.906,8409060,70.071,-0.431,0.393,0.085,-0.251,0.245,-0.309
2026-07-03T20:45:00.000Z,50,49.193,45.799,42,41.168,42.611,99.4,97.865,1.535,99.8,97.665,2.135,100.2,98.1,2.1,100.6,98.606,1.994,100,98.621,1.379,100.4,98.472,1.928,100.8,99.075,1.725,101.2,99.54,1.66,100,98.493,101,99.45,31.915,8439750,69.269,-0.458,0.353,0.051,-0.25,0.224,-0.305
2026-07-03T21:00:00.000Z,50,49.352,46.129,42,41.349,42.546,99.4,97.476,1.924,99.8,98.308,1.492,100.2,98.79,1.41,100.6,98.671,1.929,100,98.116,1.884,100.4,98.503,1.897,100.8,99.29,1.51,101.2,98.985,2.215,100,98.517,101,99.814,31.901,8470440,68.571,-0.419,0.352,0.016,-0.252,0.2,-0.298
2026-07-03T21:15:00.000Z,50,49.32,45.228,42,41.699,41.772,99.4,97.566,1.834,99.8,98.099,1.701,100.2,98.358,1.842,100.6,98.514,2.086,100,98.383,1.617,100.4,98.417,1.983,100.8,99.346,1.454,101.2,99.071,2.129,100,98.469,101,99.918,31.715,8501130,68.73,-0.439,0.137,-0.019,-0.274,0.174,-0.288
2026-07-03T21:30:00.000Z,50,49.395,44.979,42,41.37,42.283,99.4,97.804,1.596,99.8,98.038,1.762,100.2,98.769,1.431,100.6,98.763,1.837,100,98.483,1.517,100.4,98.697,1.703,100.8,99.098,1.702,101.2,99.281,1.919,100,98.617,101,99.965,31.603,8531820,68.533,-0.396,0.202,-0.054,-0.288,0.146,-0.274
2026-07-03T21:45:00.000Z,50,49.492,45.049,42,41.605,42.285,99.4,97.331,2.069,99.8,98.105,1.695,100.2,98.436,1.764,100.6,99.101,1.499,100,98.605,1.395,100.4,98.695,1.705,100.8,99.106,1.694,101.2,99.647,1.553,100,98.628,101,99.918,31.837,8562510,68.4,-0.373,0.12,-0.087,-0.26,0.117,-0.258
2026-07-03T22:00:00.000Z,50,49.574,44.922,42,41.496,41.41,99.4,97.882,1.518,99.8,98.079,1.721,100.2,98.78,1.42,100.6,99.4,1.2,100,98.188,1.812,100.4,99.166,1.234,100.8,98.859,1.941,101.2,99.681,1.519,100,98.754,101,100.069,32.174,8593200,68.313,-0.298,-0.015,-0.12,-0.219,0.087,-0.239
2026-07-03T22:15:00.000Z,50,49.448,45.651,42,41.899,42.011,99.4,98.199,1.201,99.8,98.03,1.77,100.2,99.092,1.108,100.6,98.854,1.746,100,98.832,1.168,100.4,99.243,1.157,100.8,99.534,1.266,101.2,99.558,1.642,100,98.918,101,100.135,32.295,8623890,68.495,-0.106,-0.161,-0.151,-0.205,0.056,-0.217
2026-07-03T22:30:00.000Z,50,49.707,44.926,42,41.763,41.917,99.4,98.231,1.169,99.8,98.551,1.249,100.2,98.984,1.216,100.6,99.477,1.123,100,98.363,1.637,100.4,98.964,1.436,100.8,99.419,1.381,101.2,100.182,1.018,100,99.021,101,100.005,32.338,8654580,68.073,-0.14,-0.109,-0.179,-0.199,0.024,-0.193
2026-07-03T22:45:00.000Z,50,49.556,45.267,42,41.603,42.239,99.4,98.288,1.112,99.8,99.016,0.784,100.2,99.271,0.929,100.6,99.217,1.383,100,98.581,1.419,100.4,99.503,0.897,100.8,99.703,1.097,101.2,99.734,1.466,100,99.164,101,100.446,32.559,8685270,68.79,-0.003,-0.253,-0.204,-0.173,-0.008,-0.167
2026-07-03T23:00:00.000Z,50,49.647,45.882,42,41.774,42.055,99.4,98.493,0.907,99.8,99.206,0.594,100.2,99.52,0.68,100.6,99.25,1.35,100,99.068,0.932,100.4,99.642,0.758,100.8,99.729,1.071,101.2,100.623,0.577,100,99.441,101,100.157,32.732,8715960,68.966,0.19,-0.261,-0.227,-0.152,-0.04,-0.139
2026-07-03T23:15:00.000Z,50,50.022,45.783,42,41.788,42.806,99.4,98.593,0.807,99.8,99.319,0.481,100.2,99.699,0.501,100.6,100.2,0.4,100,99.235,0.765,100.4,99.407,0.993,100.8,100.401,0.399,101.2,100.731,0.469,100,99.698,101,100.332,33.186,8746650,69.711,0.179,-0.358,-0.245,-0.098,-0.072,-0.11
2026-07-03T23:30:00.000Z,50,49.74,46.367,42,42.168,43.54,99.4,98.953,0.447,99.8,99.561,0.239,100.2,99.614,0.586,100.6,99.757,0.843,100,99.918,0.082,100.4,99.91,0.49,100.8,100.235,0.565,101.2,101.067,0.133,100,99.877,101,100.435,33.619,8777340,70.822,0.266,-0.324,-0.26,-0.046,-0.102,-0.079
2026-07-03T23:45:00.000Z,50,50.116,47.931,42,42.01,43.766,99.4,99.366,0.034,99.8,99.599,0.201,100.2,100.191,0.009,100.6,100.541,0.059,100,99.617,0.383,100.4,100.383,0.017,100.8,100.74,0.06,101.2,101.063,0.137,100,100.188,101,100.899,33.764,8808030,70.757,0.332,-0.386,-0.271,-0.028,-0.132,-0.048
2026-07-04T00:00:00.000Z,50,49.822,47.494,42,42.286,43.809,99.4,99.162,0.238,99.8,99.791,0.009,100.2,100.281,-0.081,100.6,100.754,-0.154,100,100.178,-0.178,100.4,100.486,-0.086,100.8,100.549,0.251,101.2,101.277,-0.077,100,100.31,101,100.894,33.752,8838720,72.335,0.406,-0.496,-0.278,-0.03,-0.161,-0.016
2026-07-04T00:15:00.000Z,50,50.137,48.144,42,42.101,44.256,99.4,99.636,-0.236,99.8,100.368,-0.568,100.2,100.551,-0.351,100.6,100.504,0.096,100,100.002,-0.002,100.4,100.995,-0.595,100.8,100.675,0.125,101.2,101.768,-0.568,100,100.562,101,101.189,34.529,8869410,72.12,0.503,-0.378,-0.28,0.064,-0.187,0.016
2026-07-04T00:30:00.000Z,50,50.255,49.512,42,42.093,45.145,99.4,99.684,-0.284,99.8,100.185,-0.385,100.2,100.73,-0.53,100.6,100.747,-0.147,100,100.684,-0.684,100.4,100.698,-0.298,100.8,101.616,-0.816,101.2,101.798,-0.598,100,100.768,101,101.22,34.421,8900100,73.758,0.375,-0.446,-0.278,0.051,-0.212,0.048
2026-07-04T00:45:00.000Z,50,50.067,50.051,42,42.225,45.122,99.4,100.581,-1.181,99.8,100.97,-1.17,100.2,100.579,-0.379,100.6,101.509,-0.909,100,100.703,-0.703,100.4,100.925,-0.525,100.8,101.423,-0.623,101.2,102.051,-0.851,100,101.093,101,100.94,34.705,8930790,73.776,0.381,-0.361,-0.272,0.085,-0.235,0.079
2026-07-04T01:00:00.000Z,50,50.384,50.336,42,42.326,45.494,99.4,100.264,-0.864,99.8,100.455,-0.655,100.2,101.072,-0.872,100.6,101.274,-0.674,100,101.231,-1.231,100.4,101.36,-0.96,100.8,102.165,-1.365,101.2,102.151,-0.951,100,101.246,101,100.954,34.942,8961480,74.471,0.434,-0.375,-0.261,0.113,-0.256,0.11
2026-07-04T01:15:00.000Z,50,50.416,50.451,42,42.511,45.491,99.4,100.648,-1.248,99.8,100.667,-0.867,100.2,100.976,-0.776,100.6,101.917,-1.317,100,100.915,-0.915,100.4,101.677,-1.277,100.8,102.074,-1.274,101.2,102.005,-0.805,100,101.36,101,100.988,35.559,8992170,75.828,0.334,-0.332,-0.246,0.187,-0.274,0.139
2026-07-04T01:30:00.000Z,50,50.487,50.355,42,42.439,46.138,99.4,101.104,-1.704,99.8,101.512,-1.712,100.2,101.425,-1.225,100.6,101.772,-1.172,100,100.978,-0.978,100.4,101.933,-1.533,100.8,102.374,-1.574,101.2,102.618,-1.418,100,101.715,101,101.532,35.84,9022860,75.514,0.402,-0.207,-0.228,0.221,-0.289,0.167
2026-07-04T01:45:00.000Z,50,50.709,51.26,42,42.219,46.16,99.4,100.856,-1.456,99.8,101.281,-1.481,100.2,101.55,-1.35,100.6,102.294,-1.694,100,101.093,-1.093,100.4,101.944,-1.544,100.8,102.296,-1.496,101.2,102.958,-1.758,100,101.784,101,101.616,35.812,9053550,76.091,0.34,-0.119,-0.206,0.217,-0.301,0.193
2026-07-04T02:00:00.000Z,50,50.848,50.982,42,42.179,45.725,99.4,101.347,-1.947,99.8,101.135,-1.335,100.2,101.922,-1.722,100.6,101.933,-1.333,100,101.76,-1.76,100.4,101.693,-1.293,100.8,102.552,-1.752,101.2,103.019,-1.819,100,101.92,101,101.366,36.181,9084240,76.57,0.2,-0.14,-0.18,0.262,-0.31,0.217
2026-07-04T02:15:00.000Z,50,50.998,50.736,42,42.298,46.535,99.4,101.249,-1.849,99.8,101.284,-1.484,100.2,102.121,-1.921,100.6,101.933,-1.333,100,101.335,-1.335,100.4,102.187,-1.787,100.8,102.342,-1.542,101.2,103.126,-1.926,100,101.947,101,101.822,36.165,9114930,76.445,0.208,-0.047,-0.152,0.26,-0.317,0.239
2026-07-04T02:30:00.000Z,50,51.115,50.266,42,42.559,46.029,99.4,101.185,-1.785,99.8,101.252,-1.452,100.2,101.814,-1.614,100.6,102.711,-2.111,100,101.442,-1.442,100.4,101.97,-1.57,100.8,102.385,-1.585,101.2,102.596,-1.396,100,101.919,101,101.962,36.083,9145620,75.772,-0.032,0.15,-0.122,0.25,-0.32,0.258
2026-07-04T02:45:00.000Z,50,50.988,49.961,42,42.464,46.08,99.4,100.863,-1.463,99.8,101.958,-2.158,100.2,101.62,-1.42,100.6,102.786,-2.186,100,101.649,-1.649,100.4,101.934,-1.534,100.8,102.506,-1.706,101.2,102.674,-1.474,100,101.999,101,101.721,36.048,9176310,75.99,0.023,0.186,-0.089,0.246,-0.32,0.274
2026-07-04T03:00:00.000Z,50,50.659,49.527,42,42.856,45.062,99.4,101.508,-2.108,99.8,101.937,-2.137,100.2,102.173,-1.973,100.6,101.964,-1.364,100,102.022,-2.022,100.4,102.509,-2.109,100.8,102.412,-1.612,101.2,102.845,-1.645,100,102.171,101,101.757,36.042,9207000,75.236,-0.127,0.205,-0.055,0.245,-0.316,0.288
2026-07-04T03:15:00.000Z,50,50.708,50.132,42,42.546,45.283,99.4,101.228,-1.828,99.8,101.812,-2.012,100.2,101.692,-1.492,100.6,102.002,-1.402,100,101.411,-1.411,100.4,102.449,-2.049,100.8,102.228,-1.428,101.2,102.786,-1.586,100,101.951,101,102.031,36.125,9237690,74.727,-0.217,0.262,-0.021,0.255,-0.31,0.298
2026-07-04T03:30:00.000Z,50,51.009,48.878,42,42.594,44.966,99.4,100.655,-1.255,99.8,101.225,-1.425,100.2,102.288,-2.088,100.6,102.656,-2.056,100,101.73,-1.73,100.4,101.703,-1.303,100.8,102.33,-1.53,101.2,102.993,-1.793,100,101.948,101,101.746,36.275,9268380,73.504,-0.27,0.379,0.014,0.273,-0.3,0.305
2026-07-04T03:45:00.000Z,50,51.139,48.883,42,43.021,44.727,99.4,101.092,-1.692,99.8,101.818,-2.018,100.2,102.191,-1.991,100.6,101.839,-1.239,100,101.61,-1.61,100.4,101.818,-1.418,100.8,102.825,-2.025,101.2,102.759,-1.559,100,101.994,101,102.086,36.136,9299070,72.916,-0.365,0.443,0.049,0.256,-0.287,0.309
2026-07-04T04:00:00.000Z,50,51.285,48.556,42,42.968,44.304,99.4,101.066,-1.666,99.8,101.808,-2.008,100.2,101.467,-1.267,100.6,102.592,-1.992,100,101.837,-1.837,100.4,101.729,-1.329,100.8,102.101,-1.301,101.2,102.717,-1.517,100,101.915,101,102.344,35.96,9329760,71.873,-0.457,0.355,0.083,0.235,-0.272,0.31
2026-07-04T04:15:00.000Z,50,51.31,47.512,42,42.758,43.155,99.4,101.311,-1.911,99.8,101.698,-1.898,100.2,102.076,-1.876,100.6,102.217,-1.617,100,101.313,-1.313,100.4,101.986,-1.586,100.8,102.573,-1.773,101.2,102.655,-1.455,100,101.979,101,102.096,35.829,9360450,71.34,-0.429,0.386,0.116,0.219,-0.254,0.307
2026-07-04T04:30:00.000Z,50,51.118,46.811,42,42.938,43.098,99.4,100.707,-1.307,99.8,101.278,-1.478,100.2,101.729,-1.529,100.6,101.908,-1.308,100,101.748,-1.748,100.4,101.616,-1.216,100.8,102.541,-1.741,101.2,102.886,-1.686,100,101.802,101,102.233,36.135,9391140,70.204,-0.507,0.435,0.147,0.256,-0.233,0.301
2026-07-04T04:45:00.000Z,50,51.116,46.49,42,42.696,42.797,99.4,100.557,-1.157,99.8,101.209,-1.409,100.2,101.202,-1.002,100.6,101.851,-1.251,100,101.137,-1.137,100.4,101.314,-0.914,100.8,102.147,-1.347,101.2,102.427,-1.227,100,101.481,101,101.955,35.924,9421830,69.378,-0.493,0.468,0.175,0.231,-0.21,0.292
2026-07-04T05:00:00.000Z,50,51.617,45.652,42,43.058,42.175,99.4,100.242,-0.842,99.8,100.991,-1.191,100.2,101.498,-1.298,100.6,102.054,-1.454,100,101.594,-1.594,100.4,101.52,-1.12,100.8,102.247,-1.447,101.2,102.564,-1.364,100,101.589,101,102.27,35.972,9452520,69.652,-0.371,0.326,0.201,0.237,-0.185,0.28
2026-07-04T05:15:00.000Z,50,51.467,45.605,42,42.942,42.266,99.4,100.379,-0.979,99.8,101.344,-1.544,100.2,101.218,-1.018,100.6,101.472,-0.872,100,101.444,-1.444,100.4,101.768,-1.368,100.8,102.273,-1.473,101.2,102.764,-1.564,100,101.583,101,102.522,35.926,9483210,68.1,-0.399,0.289,0.224,0.231,-0.158,0.264
2026-07-04T05:30:00.000Z,50,51.262,45.652,42,42.741,42.376,99.4,100.184,-0.784,99.8,101.036,-1.236,100.2,100.998,-0.798,100.6,101.419,-0.819,100,101.039,-1.039,100.4,101.879,-1.479,100.8,101.852,-1.052,101.2,101.985,-0.785,100,101.299,101,102.018,35.588,9513900,68.956,-0.255,0.322,0.243,0.191,-0.129,0.246
2026-07-04T05:45:00.000Z,50,51.32,44.513,42,42.774,42.081,99.4,100.939,-1.539,99.8,101.209,-1.409,100.2,101.058,-0.858,100.6,102.107,-1.507,100,101.499,-1.499,100.4,101.358,-0.958,100.8,101.622,-0.822,101.2,102,-0.8,100,101.474,101,102.359,35.841,9544590,68.698,-0.29,0.259,0.258,0.221,-0.099,0.225
2026-07-04T06:00:00.000Z,50,51.67,44.876,42,42.771,42.268,99.4,100.276,-0.876,99.8,100.81,-1.01,100.2,101.353,-1.153,100.6,101.974,-1.374,100,101.249,-1.249,100.4,101.595,-1.195,100.8,102.005,-1.205,101.2,102.009,-0.809,100,101.409,101,102.333,35.448,9575280,67.704,-0.208,0.078,0.27,0.174,-0.069,0.202
2026-07-04T06:15:00.000Z,50,51.51,45.331,42,42.701,41.796,99.4,100.756,-1.356,99.8,101.067,-1.267,100.2,101.434,-1.234,100.6,101.608,-1.008,100,100.882,-0.882,100.4,101.637,-1.237,100.8,102.337,-1.537,101.2,102.221,-1.021,100,101.493,101,102.527,35.364,9605970,67.453,-0.08,0.138,0.277,0.164,-0.037,0.177
2026-07-04T06:30:00.000Z,50,51.601,45.417,42,42.992,41.828,99.4,100.917,-1.517,99.8,100.517,-0.717,100.2,100.973,-0.773,100.6,101.803,-1.203,100,101.204,-1.204,100.4,101.088,-0.688,100.8,102.308,-1.508,101.2,102.176,-0.976,100,101.373,101,102.175,35.806,9636660,68.247,-0.081,0.052,0.28,0.217,-0.005,0.15
2026-07-04T06:45:00.000Z,50,51.284,45.008,42,42.949,42.273,99.4,100.858,-1.458,99.8,101.213,-1.413,100.2,101.238,-1.038,100.6,101.955,-1.355,100,101.454,-1.454,100.4,101.616,-1.216,100.8,102.028,-1.228,101.2,102.337,-1.137,100,101.587,101,102.03,35.607,9667350,68.02,0.001,-0.039,0.278,0.193,0.027,0.121
2026-07-04T07:00:00.000Z,50,51.028,45.521,42,42.678,42.494,99.4,100.439,-1.039,99.8,101.318,-1.518,100.2,101.866,-1.666,100.6,101.411,-0.811,100,101.205,-1.205,100.4,101.601,-1.201,100.8,102.491,-1.691,101.2,102.338,-1.138,100,101.584,101,102.366,35.807,9698040,68.653,0.21,-0.113,0.273,0.217,0.059,0.091
2026-07-04T07:15:00.000Z,50,51.465,46.753,42,42.689,42.421,99.4,101.133,-1.733,99.8,100.707,-0.907,100.2,101.136,-0.936,100.6,101.713,-1.113,100,101.486,-1.486,100.4,101.626,-1.226,100.8,101.916,-1.116,101.2,102.702,-1.502,100,101.552,101,102.474,35.83,9728730,69.752,0.315,-0.27,0.263,0.22,0.09,0.06
2026-07-04T07:30:00.000Z,50,51.035,46.547,42,42.941,43.574,99.4,100.492,-1.092,99.8,100.984,-1.184,100.2,101.529,-1.329,100.6,101.66,-1.06,100,101.281,-1.281,100.4,101.364,-0.964,100.8,102.114,-1.314,101.2,102.868,-1.668,100,101.536,101,102.429,35.848,9759420,70.251,0.248,-0.285,0.248,0.222,0.12,0.028
2026-07-04T07:45:00.000Z,50,51.346,47.399,42,43.01,43.321,99.4,100.529,-1.129,99.8,101.607,-1.807,100.2,101.776,-1.576,100.6,101.748,-1.148,100,101.26,-1.26,100.4,101.473,-1.073,100.8,102.446,-1.646,101.2,102.389,-1.189,100,101.654,101,102.006,36.239,9790110,70.868,0.386,-0.309,0.23,0.269,0.149,-0.004
2026-07-04T08:00:00.000Z,50,50.978,48.463,42,43,43.601,99.4,100.566,-1.166,99.8,100.987,-1.187,100.2,101.96,-1.76,100.6,102.193,-1.593,100,101.517,-1.517,100.4,102.225,-1.825,100.8,102.207,-1.407,101.2,102.586,-1.386,100,101.78,101,101.84,36.077,9820800,71.444,0.363,-0.317,0.209,0.249,0.176,-0.036
2026-07-04T08:15:00.000Z,50,51.479,48.308,42,42.842,44.171,99.4,100.765,-1.365,99.8,101.241,-1.441,100.2,101.985,-1.785,100.6,102.442,-1.842,100,101.842,-1.842,100.4,102.289,-1.889,100.8,102.437,-1.637,101.2,103.214,-2.014,100,102.027,101,101.967,35.965,9851490,73.241,0.367,-0.462,0.184,0.236,0.202,-0.068
2026-07-04T08:30:00.000Z,50,51.102,49.686,42,42.677,44.699,99.4,100.862,-1.462,99.8,101.917,-2.117,100.2,101.558,-1.358,100.6,101.94,-1.34,100,101.726,-1.726,100.4,101.943,-1.543,100.8,102.712,-1.912,101.2,103.241,-2.041,100,101.987,101,101.767,36.283,9882180,73.796,0.427,-0.468,0.156,0.274,0.226,-0.099
2026-07-04T08:45:00.000Z,50,51.224,49.561,42,42.542,44.965,99.4,100.868,-1.468,99.8,101.37,-1.57,100.2,102.38,-2.18,100.6,102.058,-1.458,100,101.792,-1.792,100.4,101.851,-1.451,100.8,102.797,-1.997,101.2,102.881,-1.681,100,102,101,101.789,36.315,9912870,74.386,0.475,-0.433,0.126,0.278,0.247,-0.128
2026-07-04T09:00:00.000Z,50,50.662,50.634,42,42.363,45.821,99.4,101.038,-1.638,99.8,101.823,-2.023,100.2,102.334,-2.134,100.6,102.794,-2.194,100,101.878,-1.878,100.4,102.323,-1.923,100.8,102.666,-1.866,101.2,102.727,-1.527,100,102.198,101,102.012,36.042,9943560,75.462,0.36,-0.376,0.094,0.245,0.266,-0.157
2026-07-04T09:15:00.000Z,50,51.013,50.439,42,42.501,46.135,99.4,100.735,-1.335,99.8,101.91,-2.11,100.2,101.773,-1.573,100.6,102.5,-1.9,100,101.809,-1.809,100.4,102.069,-1.669,100.8,102.554,-1.754,101.2,102.657,-1.457,100,102.001,101,102.063,36.443,9974250,75.313,0.408,-0.408,0.06,0.293,0.283,-0.184
2026-07-04T09:30:00.000Z,50,50.754,50.971,42,42.628,45.882,99.4,101.583,-2.183,99.8,101.36,-1.56,100.2,101.814,-1.614,100.6,102.542,-1.942,100,101.557,-1.557,100.4,102.057,-1.657,100.8,102.896,-2.096,101.2,102.995,-1.795,100,102.101,101,101.439,36.192,10004940,75.552,0.293,-0.383,0.025,0.263,0.296,-0.208
2026-07-04T09:45:00.000Z,50,50.918,51.385,42,42.231,46.017,99.4,101.273,-1.873,99.8,101.605,-1.805,100.2,101.672,-1.472,100.6,101.857,-1.257,100,101.89,-1.89,100.4,101.79,-1.39,100.8,102.814,-2.014,101.2,102.558,-1.358,100,101.932,101,101.85,35.966,10035630,76.446,0.263,-0.311,-0.01,0.236,0.307,-0.231
2026-07-04T10:00:00.000Z,50,51.016,51.287,42,42.689,46.496,99.4,100.867,-1.467,99.8,101.735,-1.935,100.2,102.047,-1.847,100.6,102.183,-1.583,100,101.79,-1.79,100.4,101.867,-1.467,100.8,102.098,-1.298,101.2,102.542,-1.342,100,101.891,101,101.4,36.174,10066320,76.444,0.191,-0.152,-0.044,0.261,0.314,-0.251
2026-07-04T10:15:00.000Z,50,50.362,50.949,42,42.303,46.141,99.4,100.923,-1.523,99.8,101.213,-1.413,100.2,101.79,-1.59,100.6,102.511,-1.911,100,101.217,-1.217,100.4,101.749,-1.349,100.8,102.077,-1.277,101.2,102.934,-1.734,100,101.802,101,101.686,35.688,10097010,75.743,0.148,-0.103,-0.079,0.203,0.319,-0.269
2026-07-04T10:30:00.000Z,50,50.227,50.258,42,42.608,46.256,99.4,100.46,-1.06,99.8,101.055,-1.255,100.2,101.509,-1.309,100.6,101.997,-1.397,100,101.25,-1.25,100.4,102.027,-1.627,100.8,102.253,-1.453,101.2,102.666,-1.466,100,101.652,101,101.104,35.629,10127700,76.167,-0.04,-0.008,-0.111,0.196,0.32,-0.283
2026-07-04T10:45:00.000Z,50,50.731,50.285,42,42.054,45.966,99.4,100.862,-1.462,99.8,100.646,-0.846,100.2,100.947,-0.747,100.6,101.851,-1.251,100,100.869,-0.869,100.4,102,-1.6,100.8,101.85,-1.05,101.2,102.404,-1.204,100,101.429,101,101.192,35.225,10158390,74.937,-0.124,0.094,-0.143,0.147,0.318,-0.295
2026-07-04T11:00:00.000Z,50,50.611,49.696,42,42.051,45.58,99.4,100.737,-1.337,99.8,100.937,-1.137,100.2,101.401,-1.201,100.6,101.887,-1.287,100,100.85,-0.85,100.4,101.157,-0.757,100.8,101.811,-1.011,101.2,101.835,-0.635,100,101.327,101,101.255,35.302,10189080,74.162,-0.214,0.079,-0.172,0.156,0.313,-0.303
2026-07-04T11:15:00.000Z,50,50.203,50.157,42,42.42,44.876,99.4,100.11,-0.71,99.8,100.568,-0.768,100.2,100.663,-0.463,100.6,101.473,-0.873,100,101.032,-1.032,100.4,101.416,-1.016,100.8,101.395,-0.595,101.2,102.343,-1.143,100,101.125,101,100.97,35.102,10219770,73.635,-0.338,0.183,-0.198,0.132,0.304,-0.308
2026-07-04T11:30:00.000Z,50,49.945,49.114,42,42.117,45.042,99.4,100.306,-0.906,99.8,100.467,-0.667,100.2,100.255,-0.055,100.6,101.31,-0.71,100,100.152,-0.152,100.4,101.341,-0.941,100.8,101.406,-0.606,101.2,101.676,-0.476,100,100.864,101,101.244,34.822,10250460,74.097,-0.409,0.233,-0.221,0.099,0.293,-0.31
2026-07-04T11:45:00.000Z,50,49.929,48.615,42,42.012,44.323,99.4,99.939,-0.539,99.8,100.501,-0.701,100.2,100.663,-0.463,100.6,100.454,0.146,100,100.462,-0.462,100.4,101.061,-0.661,100.8,101.487,-0.687,101.2,101.728,-0.528,100,100.787,101,101.182,34.158,10281150,73.344,-0.411,0.234,-0.241,0.019,0.279,-0.309
2026-07-04T12:00:00.000Z,50,49.844,48.477,42,42.095,43.783,99.4,99.12,0.28,99.8,99.972,-0.172,100.2,100.223,-0.023,100.6,100.351,0.249,100,99.938,0.062,100.4,100.103,0.297,100.8,100.641,0.159,101.2,101.086,0.114,100,100.179,101,100.996,34.238,10311840,71.6,-0.363,0.347,-0.257,0.029,0.262,-0.304
2026-07-04T12:15:00.000Z,50,49.875,46.997,42,41.679,43.938,99.4,98.992,0.408,99.8,99.122,0.678,100.2,99.769,0.431,100.6,99.9,0.7,100,99.545,0.455,100.4,99.966,0.434,100.8,100.941,-0.141,101.2,100.869,0.331,100,99.888,101,100.698,33.505,10342530,70.576,-0.511,0.389,-0.269,-0.059,0.242,-0.296
2026-07-04T12:30:00.000Z,50,49.669,47.152,42,42.119,43.046,99.4,98.638,0.762,99.8,99.68,0.12,100.2,99.879,0.321,100.6,100.086,0.514,100,99.266,0.734,100.4,100.083,0.317,100.8,100.585,0.215,101.2,100.606,0.594,100,99.853,101,100.734,33.499,10373220,70.569,-0.485,0.347,-0.276,-0.06,0.22,-0.285
2026-07-04T12:45:00.000Z,50,50.01,46.388,42,42.028,42.937,99.4,98.457,0.943,99.8,99.114,0.686,100.2,99.492,0.708,100.6,99.46,1.14,100,98.978,1.022,100.4,99.497,0.903,100.8,100.23,0.57,101.2,100.299,0.901,100,99.441,101,100.795,33.241,10403910,69.104,-0.401,0.363,-0.28,-0.091,0.196,-0.27
2026-07-04T13:00:00.000Z,50,49.877,46.393,42,41.544,42.251,99.4,98.762,0.638,99.8,98.877,0.923,100.2,99.608,0.592,100.6,99.616,0.984,100,99.242,0.758,100.4,99.641,0.759,100.8,100.079,0.721,101.2,99.793,1.407,100,99.452,101,100.127,32.786,10434600,68.869,-0.471,0.391,-0.279,-0.146,0.169,-0.253
2026-07-04T13:15:00.000Z,50,49.621,46.047,42,41.893,41.854,99.4,98.44,0.96,99.8,98.722,1.078,100.2,98.625,1.575,100.6,99.233,1.367,100,99.088,0.912,100.4,98.841,1.559,100.8,99.808,0.992,101.2,99.652,1.548,100,99.051,101,100.023,32.683,10465290,69.369,-0.342,0.425,-0.274,-0.158,0.141,-0.233
2026-07-04T13:30:00.000Z,50,49.461,44.637,42,41.801,41.795,99.4,98.061,1.339,99.8,98.291,1.509,100.2,98.903,1.297,100.6,99.654,0.946,100,98.81,1.19,100.4,98.858,1.542,100.8,99.189,1.611,101.2,99.48,1.72,100,98.906,101,100.349,32.539,10495980,68.428,-0.348,0.445,-0.264,-0.175,0.112,-0.211
2026-07-04T13:45:00.000Z,50,49.074,44.789,42,41.817,42.287,99.4,97.909,1.491,99.8,97.885,1.915,100.2,98.643,1.557,100.6,99.443,1.157,100,98.878,1.122,100.4,99.047,1.353,100.8,99.537,1.263,101.2,99.662,1.538,100,98.876,101,99.895,32.396,10526670,68.1,-0.272,0.322,-0.25,-0.192,0.081,-0.187
2026-07-04T14:00:00.000Z,50,49.208,45.113,42,41.313,41.964,99.4,113.406,-14.006,99.8,98.13,1.67,100.2,98.159,2.041,100.6,98.616,1.984,100,98.251,1.749,100.4,98.6,1.8,100.8,99.39,1.41,101.2,99.655,1.545,100,100.526,101,99.812,31.871,10557360,67.808,-0.106,0.26,-0.233,-0.255,0.05,-0.16
2026-07-04T14:15:00.000Z,50,49.012,45.177,42,41.43,41.759,99.4,112.824,-13.424,99.8,113.701,-13.901,100.2,114.488,-14.288,100.6,115.547,-14.947,100,115.323,-15.323,100.4,116.149,-15.749,100.8,116.437,-15.637,101.2,117.387,-16.187,100,115.232,101,99.748,31.699,10588050,68.438,-0.034,0.255,-0.212,-0.276,0.018,-0.132
2026-07-04T14:30:00.000Z,50,49.382,44.835,42,41.388,41.546,99.4,112.914,-13.514,99.8,113.652,-13.852,100.2,114.87,-14.67,100.6,115.64,-15.04,100,115.429,-15.429,100.4,115.483,-15.083,100.8,116.855,-16.055,101.2,117.608,-16.408,100,115.306,101,99.691,31.973,10618740,68.894,0.037,0.138,-0.187,-0.243,-0.014,-0.102
2026-07-04T14:45:00.000Z,50,48.824,45.603,42,41.471,41.881,99.4,97.937,1.463,99.8,113.729,-13.929,100.2,114.275,-14.075,100.6,115.588,-14.988,100,115.036,-15.036,100.4,115.494,-15.094,100.8,116.68,-15.88,101.2,117.426,-16.226,100,113.271,101,99.613,31.599,10649430,68.41,0.069,0.013,-0.16,-0.288,-0.045,-0.071
2026-07-04T15:00:00.000Z,50,49.167,46.135,42,41.233,42.471,99.4,97.858,1.542,99.8,98.187,1.613,100.2,98.128,2.072,100.6,98.388,2.212,100,98.644,1.356,100.4,98.562,1.838,100.8,99.161,1.639,101.2,99.747,1.453,100,98.584,101,99.856,31.577,10680120,69.476,0.255,-0.016,-0.13,-0.291,-0.077,-0.04
2026-07-04T15:15:00.000Z,50,48.855,46.202,42,41.191,43.164,99.4,97.844,1.556,99.8,98.046,1.754,100.2,98.487,1.713,100.6,98.644,1.956,100,97.978,2.022,100.4,98.361,2.039,100.8,99.302,1.498,101.2,99.144,2.056,100,98.476,101,99.455,31.828,10710810,69.706,0.221,-0.046,-0.098,-0.261,-0.107,-0.008
2026-07-04T15:30:00.000Z,50,48.666,46.566,42,41.36,42.887,99.4,97.785,1.615,99.8,98.248,1.552,100.2,98.725,1.475,100.6,98.487,2.113,100,98.528,1.472,100.4,98.631,1.769,100.8,98.931,1.869,101.2,99.473,1.727,100,98.601,101,99.86,31.847,10741500,70.642,0.389,-0.125,-0.064,-0.258,-0.137,0.024
2026-07-04T15:45:00.000Z,50,49.002,47.187,42,41.012,43.083,99.4,97.773,1.627,99.8,98.439,1.361,100.2,98.179,2.021,100.6,98.812,1.788,100,98.397,1.603,100.4,98.687,1.713,100.8,98.889,1.911,101.2,99.709,1.491,100,98.611,101,99.604,31.789,10772190,71.556,0.342,-0.201,-0.03,-0.265,-0.165,0.056
2026-07-04T16:00:00.000Z,50,48.775,48.071,42,40.939,44.204,99.4,98.102,1.298,99.8,98.03,1.77,100.2,99.056,1.144,100.6,98.943,1.657,100,98.672,1.328,100.4,98.397,2.003,100.8,99.065,1.735,101.2,99.684,1.516,100,98.744,101,99.369,31.815,10802880,72.341,0.357,-0.252,0.005,-0.262,-0.192,0.087
2026-07-04T16:15:00.000Z,50,48.795,48.811,42,41.39,44.751,99.4,97.92,1.48,99.8,98.293,1.507,100.2,98.478,1.722,100.6,99.504,1.096,100,98.683,1.317,100.4,99.097,1.303,100.8,99.084,1.716,101.2,99.657,1.543,100,98.84,101,99.702,32.124,10833570,72.62,0.524,-0.282,0.04,-0.225,-0.216,0.118
2026-07-04T16:30:00.000Z,50,48.797,48.923,42,40.914,44.684,99.4,97.619,1.781,99.8,98.577,1.223,100.2,98.625,1.575,100.6,98.81,1.79,100,98.936,1.064,100.4,98.864,1.536,100.8,99.264,1.536,101.2,99.612,1.588,100,98.788,101,99.143,31.846,10864260,74.139,0.52,-0.409,0.074,-0.258,-0.239,0.147
2026-07-04T16:45:00.000Z,50,48.692,49.205,42,40.876,45.354,99.4,97.704,1.696,99.8,98.355,1.445,100.2,98.895,1.305,100.6,99.635,0.965,100,98.619,1.381,100.4,99.481,0.919,100.8,99.198,1.602,101.2,100.168,1.032,100,99.007,101,99.334,32.401,10894950,74.315,0.381,-0.437,0.107,-0.192,-0.259,0.174
2026-07-04T17:00:00.000Z,50,48.906,49.945,42,41.06,45.18,99.4,97.854,1.546,99.8,98.587,1.213,100.2,98.752,1.448,100.6,99.046,1.554,100,98.375,1.625,100.4,98.862,1.538,100.8,99.454,1.346,101.2,99.837,1.363,100,98.846,101,99.183,32.403,10925640,75.071,0.444,-0.381,0.139,-0.192,-0.276,0.2
2026-07-04T17:15:00.000Z,50,48.886,50.636,42,41.397,46.136,99.4,97.769,1.631,99.8,98.253,1.547,100.2,98.927,1.273,100.6,99.459,1.141,100,99.003,0.997,100.4,99.233,1.167,100.8,99.851,0.949,101.2,100.303,0.897,100,99.1,101,99.588,32.341,10956330,75.916,0.322,-0.484,0.168,-0.199,-0.291,0.223
2026-07-04T17:30:00.000Z,50,48.395,50.236,42,41.292,46.3,99.4,97.888,1.512,99.8,98.321,1.479,100.2,98.979,1.221,100.6,99.302,1.298,100,98.765,1.235,100.4,99.538,0.862,100.8,100.001,0.799,101.2,99.641,1.559,100,99.054,101,99.578,32.507,10987020,76.061,0.296,-0.353,0.194,-0.179,-0.303,0.244
2026-07-04T17:45:00.000Z,50,48.769,50.764,42,41.33,46.145,99.4,98.08,1.32,99.8,98.45,1.35,100.2,98.962,1.238,100.6,99.821,0.779,100,98.84,1.16,100.4,99.258,1.142,100.8,99.309,1.491,101.2,99.967,1.233,100,99.086,101,99.443,32.394,11017710,76.352,0.154,-0.302,0.218,-0.193,-0.312,0.262
2026-07-04T18:00:00.000Z,50,48.726,51.324,42,41.221,45.784,99.4,97.886,1.514,99.8,99.125,0.675,100.2,98.874,1.326,100.6,99.705,0.895,100,98.694,1.306,100.4,99.283,1.117,100.8,99.832,0.968,101.2,99.914,1.286,100,99.164,101,99.473,32.302,11048400,75.814,0.072,-0.316,0.238,-0.204,-0.317,0.278
2026-07-04T18:15:00.000Z,50,48.899,50.889,42,40.929,46.656,99.4,97.98,1.42,99.8,98.488,1.312,100.2,99.385,0.815,100.6,99.901,0.699,100,98.515,1.485,100.4,98.885,1.515,100.8,99.809,0.991,101.2,100.206,0.994,100,99.146,101,99.165,32.294,11079090,76.329,0.008,-0.288,0.255,-0.205,-0.32,0.291
2026-07-04T18:30:00.000Z,50,48.695,50.947,42,41.057,46.414,99.4,97.92,1.48,99.8,98.37,1.43,100.2,98.937,1.263,100.6,99.283,1.317,100,98.562,1.438,100.4,99.572,0.828,100.8,99.436,1.364,101.2,99.746,1.454,100,98.978,101,99.316,32.358,11109780,75.347,-0.034,-0.193,0.267,-0.197,-0.319,0.3
2026-07-04T18:45:00.000Z,50,48.325,50.814,42,41.041,45.801,99.4,98.131,1.269,99.8,98.417,1.383,100.2,98.779,1.421,100.6,99.028,1.572,100,98.62,1.38,100.4,99.222,1.178,100.8,99.418,1.382,101.2,99.982,1.218,100,98.95,101,99.567,32.392,11140470,75.006,-0.096,-0.099,0.276,-0.193,-0.315,0.307
2026-07-04T19:00:00.000Z,50,48.738,50.306,42,41.026,45.386,99.4,97.839,1.561,99.8,98.672,1.128,100.2,98.803,1.397,100.6,99.059,1.541,100,98.519,1.481,100.4,99.549,0.851,100.8,99.657,1.143,101.2,100.12,1.08,100,99.027,101,99.165,32.477,11171160,75.296,-0.191,-0.018,0.28,-0.183,-0.308,0.31
2026-07-04T19:15:00.000Z,50,48.528,49.889,42,40.849,45.062,99.4,98.417,0.983,99.8,98.209,1.591,100.2,99.326,0.874,100.6,99.487,1.113,100,98.4,1.6,100.4,99.513,0.887,100.8,99.687,1.113,101.2,100.02,1.18,100,99.132,101,99.629,31.923,11201850,73.841,-0.281,-0.056,0.279,-0.249,-0.298,0.309
2026-07-04T19:30:00.000Z,50,48.972,48.553,42,41.302,45.122,99.4,98.381,1.019,99.8,98.47,1.33,100.2,99.035,1.165,100.6,99.092,1.508,100,98.848,1.152,100.4,98.837,1.563,100.8,99.555,1.245,101.2,100.179,1.021,100,99.05,101,99.699,32.1,11232540,74.153,-0.308,0.099,0.275,-0.228,-0.285,0.306
2026-07-04T19:45:00.000Z,50,48.942,49.027,42,41.104,44.688,99.4,98.008,1.392,99.8,98.292,1.508,100.2,98.702,1.498,100.6,99.438,1.162,100,98.706,1.294,100.4,98.54,1.86,100.8,98.887,1.913,101.2,99.963,1.237,100,98.817,101,99.243,31.794,11263230,72.753,-0.474,0.143,0.266,-0.265,-0.269,0.299
2026-07-04T20:00:00.000Z,50,48.645,48.37,42,41.344,44.295,99.4,97.894,1.506,99.8,98.133,1.667,100.2,98.428,1.772,100.6,99.353,1.247,100,98.224,1.776,100.4,98.898,1.502,100.8,99.102,1.698,101.2,99.546,1.654,100,98.697,101,99.628,31.8,11293920,71.464,-0.452,0.27,0.253,-0.264,-0.25,0.289
2026-07-04T20:15:00.000Z,50,48.883,47.947,42,40.971,43.462,99.4,97.56,1.84,99.8,98.344,1.456,100.2,98.175,2.025,100.6,98.921,1.679,100,98.255,1.745,100.4,98.435,1.965,100.8,99.02,1.78,101.2,99.823,1.377,100,98.567,101,99.354,31.641,11324610,71.358,-0.485,0.268,0.235,-0.283,-0.229,0.276
2026-07-04T20:30:00.000Z,50,48.649,47.45,42,41.186,43.165,99.4,97.717,1.683,99.8,97.667,2.133,100.2,98.499,1.701,100.6,98.472,2.128,100,98.539,1.461,100.4,98.724,1.676,100.8,98.802,1.998,101.2,99.886,1.314,100,98.538,101,99.383,32.008,11355300,71.108,-0.447,0.365,0.215,-0.239,-0.206,0.26
2026-07-04T20:45:00.000Z,50,49.113,46.156,42,41.516,43.259,99.4,97.294,2.106,99.8,97.751,2.049,100.2,98.098,2.102,100.6,98.454,2.146,100,98.082,1.918,100.4,99.042,1.358,100.8,98.633,2.167,101.2,99.412,1.788,100,98.346,101,99.966,31.541,11385990,70.119,-0.431,0.454,0.191,-0.295,-0.18,0.241
2026-07-04T21:00:00.000Z,50,49.013,45.574,42,41.493,42.261,99.4,97.232,2.168,99.8,97.745,2.055,100.2,98.083,2.117,100.6,99.262,1.338,100,98.303,1.697,100.4,98.308,2.092,100.8,98.828,1.972,101.2,99.159,2.041,100,98.365,101,99.605,31.723,11416680,69.161,-0.312,0.405,0.164,-0.273,-0.153,0.22
2026-07-04T21:15:00.000Z,50,49.157,44.959,42,41.192,42.384,99.4,97.787,1.613,99.8,97.972,1.828,100.2,98.8,1.4,100.6,99.035,1.565,100,98.509,1.491,100.4,98.371,2.029,100.8,99.032,1.768,101.2,99.065,2.135,100,98.571,101,99.773,31.887,11447370,69.228,-0.299,0.373,0.134,-0.254,-0.124,0.196
2026-07-04T21:30:00.000Z,50,48.799,45.542,42,41.589,41.566,99.4,97.928,1.472,99.8,98.217,1.583,100.2,98.725,1.475,100.6,99.224,1.376,100,98.451,1.549,100.4,98.949,1.451,100.8,99.286,1.514,101.2,99.054,2.146,100,98.729,101,99.895,31.771,11478060,68.477,-0.318,0.389,0.102,-0.267,-0.094,0.17
2026-07-04T21:45:00.000Z,50,49.013,45.184,42,41.712,41.602,99.4,98.137,1.263,99.8,97.818,1.982,100.2,98.785,1.415,100.6,98.77,1.83,100,98.556,1.444,100.4,98.457,1.943,100.8,99.552,1.248,101.2,99.426,1.774,100,98.688,101,100.013,31.725,11508750,68.185,-0.242,0.452,0.069,-0.273,-0.063,0.142
2026-07-04T22:00:00.000Z,50,49.388,45.033,42,41.557,41.391,99.4,98.187,1.213,99.8,98.203,1.597,100.2,98.381,1.819,100.6,98.64,1.96,100,98.506,1.494,100.4,98.812,1.588,100.8,99.233,1.567,101.2,99.885,1.315,100,98.731,101,99.826,32.05,11539440,68.131,-0.128,0.35,0.035,-0.234,-0.032,0.113
2026-07-04T22:15:00.000Z,50,49.591,44.706,42,41.35,42.093,99.4,98.221,1.179,99.8,98.236,1.564,100.2,98.323,1.877,100.6,98.677,1.923,100,98.181,1.819,100.4,99.321,1.079,100.8,99.305,1.495,101.2,99.456,1.744,100,98.715,101,100.412,32.072,11570130,67.748,0.056,0.339,0,-0.231,0,0.083
2026-07-04T22:30:00.000Z,50,49.605,45.733,42,41.738,42.097,99.4,97.651,1.749,99.8,98.647,1.153,100.2,98.605,1.595,100.6,98.869,1.731,100,98.951,1.049,100.4,99.448,0.952,100.8,99.676,1.124,101.2,99.76,1.44,100,98.951,101,100.331,32.584,11600820,68.455,0.135,0.224,-0.035,-0.17,0.032,0.051
2026-07-04T22:45:00.000Z,50,49.333,44.906,42,41.703,42.291,99.4,97.826,1.574,99.8,98.565,1.235,100.2,99.448,0.752,100.6,99.732,0.868,100,98.466,1.534,100.4,99.647,0.753,100.8,99.821,0.979,101.2,100.472,0.728,100,99.247,101,100.08,32.319,11631510,68.939,0.163,0.199,-0.07,-0.202,0.064,0.02
2026-07-04T23:00:00.000Z,50,49.361,45.378,42,41.549,42.767,99.4,98.711,0.689,99.8,99.162,0.638,100.2,99.158,1.042,100.6,99.766,0.834,100,99.285,0.715,100.4,99.578,0.822,100.8,99.433,1.367,101.2,100.652,0.548,100,99.468,101,100.642,32.812,11662200,69.338,0.228,0.102,-0.103,-0.143,0.095,-0.013
2026-07-04T23:15:00.000Z,50,49.818,46.477,42,41.897,43.168,99.4,98.994,0.406,99.8,99.156,0.644,100.2,99.661,0.539,100.6,100.133,0.467,100,99.2,0.8,100.4,99.924,0.476,100.8,100.388,0.412,101.2,100.691,0.509,100,99.768,101,100.591,33.223,11692890,70.05,0.329,0.002,-0.135,-0.093,0.125,-0.044
2026-07-04T23:30:00.000Z,50,49.495,46.399,42,41.661,43.502,99.4,98.915,0.485,99.8,98.957,0.843,100.2,99.802,0.398,100.6,100.316,0.284,100,99.414,0.586,100.4,99.663,0.737,100.8,99.928,0.872,101.2,100.918,0.282,100,99.739,101,100.689,33.6,11723580,70.083,0.381,0.037,-0.164,-0.048,0.154,-0.076
2026-07-04T23:45:00.000Z,50,50.11,47.138,42,41.981,43.195,99.4,98.993,0.407,99.8,99.363,0.437,100.2,100.03,0.17,100.6,100.339,0.261,100,99.371,0.629,100.4,100.472,-0.072,100.8,100.975,-0.175,101.2,101.277,-0.077,100,100.103,101,100.68,33.555,11754270,71.561,0.356,-0.055,-0.191,-0.053,0.181,-0.107
2026-07-05T00:00:00.000Z,50,49.978,48.165,42,41.765,44.453,99.4,99.666,-0.266,99.8,99.742,0.058,100.2,100.308,-0.108,100.6,100.853,-0.253,100,100.398,-0.398,100.4,100.73,-0.33,100.8,100.621,0.179,101.2,101.618,-0.418,100,100.492,101,100.577,34.147,11784960,71.684,0.505,-0.17,-0.215,0.018,0.206,-0.136
2026-07-05T00:15:00.000Z,50,50.24,49.092,42,42.34,44.4,99.4,99.441,-0.041,99.8,99.725,0.075,100.2,100.693,-0.493,100.6,100.483,0.117,100,100.495,-0.495,100.4,100.364,0.036,100.8,100.685,0.115,101.2,101.359,-0.159,100,100.406,101,101.183,34.128,11815650,73.471,0.381,-0.209,-0.236,0.015,0.23,-0.164
2026-07-05T00:30:00.000Z,50,49.94,49.201,42,42.09,44.828,99.4,100.022,-0.622,99.8,100.228,-0.428,100.2,100.459,-0.259,100.6,101.306,-0.706,100,100.502,-0.502,100.4,100.822,-0.422,100.8,101.173,-0.373,101.2,101.564,-0.364,100,100.759,101,100.784,34.421,11846340,73.931,0.418,-0.233,-0.253,0.051,0.251,-0.19
2026-07-05T00:45:00.000Z,50,50.333,49.799,42,42.13,45.536,99.4,99.874,-0.474,99.8,100.812,-1.012,100.2,100.866,-0.666,100.6,101.662,-1.062,100,100.82,-0.82,100.4,101.054,-0.654,100.8,101.226,-0.426,101.2,101.689,-0.489,100,101,101,100.927,34.779,11877030,74.236,0.443,-0.275,-0.266,0.094,0.269,-0.215
2026-07-05T01:00:00.000Z,50,50.7,49.624,42,42.519,45.783,99.4,100.035,-0.635,99.8,100.384,-0.584,100.2,100.959,-0.759,100.6,101.452,-0.852,100,100.552,-0.552,100.4,101.31,-0.91,100.8,102.12,-1.32,101.2,102.127,-0.927,100,101.117,101,101.081,35.058,11907720,74.294,0.351,-0.385,-0.275,0.127,0.285,-0.237
2026-07-05T01:15:00.000Z,50,50.463,51.09,42,42.515,46.228,99.4,100.472,-1.072,99.8,101.261,-1.461,100.2,101.549,-1.349,100.6,101.43,-0.83,100,100.801,-0.801,100.4,101.905,-1.505,100.8,102.115,-1.315,101.2,102.134,-0.934,100,101.458,101,101.298,35.683,11938410,75.084,0.37,-0.479,-0.279,0.202,0.298,-0.256
2026-07-05T01:30:00.000Z,50,50.592,51.218,42,42.626,46.042,99.4,100.679,-1.279,99.8,100.714,-0.914,100.2,101.635,-1.435,100.6,102.252,-1.652,100,101.247,-1.247,100.4,102.047,-1.647,100.8,102.068,-1.268,101.2,102.217,-1.017,100,101.607,101,101.264,35.899,11969100,75.177,0.241,-0.421,-0.28,0.228,0.308,-0.273
2026-07-05T01:45:00.000Z,50,50.36,51.092,42,42.677,45.832,99.4,100.806,-1.406,99.8,101.124,-1.324,100.2,101.933,-1.733,100.6,101.988,-1.388,100,101.826,-1.826,100.4,101.986,-1.586,100.8,102.647,-1.847,101.2,102.563,-1.363,100,101.859,101,101.544,35.83,11999790,76.274,0.131,-0.343,-0.275,0.22,0.315,-0.286
2026-07-05T02:00:00.000Z,50,50.876,50.759,42,42.457,45.774,99.4,101.356,-1.956,99.8,101.715,-1.915,100.2,101.449,-1.249,100.6,101.999,-1.399,100,101.59,-1.59,100.4,101.585,-1.185,100.8,102.56,-1.76,101.2,102.883,-1.683,100,101.892,101,101.55,36.204,12030480,75.544,0.044,-0.365,-0.267,0.264,0.319,-0.297
2026-07-05T02:15:00.000Z,50,50.636,51.085,42,42.457,46.391,99.4,101.36,-1.96,99.8,101.39,-1.59,100.2,102.099,-1.899,100.6,102.225,-1.625,100,101.534,-1.534,100.4,102.349,-1.949,100.8,102.817,-2.017,101.2,102.718,-1.518,100,102.062,101,101.43,36.356,12061170,76.251,-0.066,-0.345,-0.254,0.283,0.32,-0.305
2026-07-05T02:30:00.000Z,50,51.019,50.947,42,42.464,45.717,99.4,100.782,-1.382,99.8,101.379,-1.579,100.2,102.096,-1.896,100.6,102.577,-1.977,100,101.611,-1.611,100.4,102.034,-1.634,100.8,102.93,-2.13,101.2,102.729,-1.529,100,102.017,101,101.76,35.994,12091860,76.151,-0.093,-0.317,-0.238,0.239,0.317,-0.309
2026-07-05T02:45:00.000Z,50,50.94,50.474,42,42.724,45.922,99.4,101.59,-2.19,99.8,101.965,-2.165,100.2,102.129,-1.929,100.6,101.951,-1.351,100,102.166,-2.166,100.4,102.248,-1.848,100.8,102.395,-1.595,101.2,103.243,-2.043,100,102.211,101,101.625,36.323,12122550,75.524,-0.195,-0.316,-0.218,0.279,0.312,-0.31
2026-07-05T03:00:00.000Z,50,51.186,50.364,42,42.517,45.556,99.4,100.952,-1.552,99.8,101.313,-1.513,100.2,101.707,-1.507,100.6,102.787,-2.187,100,101.723,-1.723,100.4,102.46,-2.06,100.8,102.903,-2.103,101.2,103.054,-1.854,100,102.112,101,101.94,36.154,12153240,74.977,-0.269,-0.121,-0.194,0.258,0.303,-0.308
2026-07-05T03:15:00.000Z,50,51.046,49.865,42,42.715,45.18,99.4,101.526,-2.126,99.8,101.842,-2.042,100.2,102.098,-1.898,100.6,102.352,-1.752,100,101.99,-1.99,100.4,102.079,-1.679,100.8,102.396,-1.596,101.2,102.61,-1.41,100,102.112,101,101.694,36.094,12183930,74.602,-0.323,-0.196,-0.167,0.251,0.291,-0.302
2026-07-05T03:30:00.000Z,50,50.873,48.883,42,42.906,44.426,99.4,101.198,-1.798,99.8,101.115,-1.315,100.2,102.048,-1.848,100.6,102.024,-1.424,100,101.501,-1.501,100.4,101.752,-1.352,100.8,102.621,-1.821,101.2,102.555,-1.355,100,101.852,101,101.931,36.05,12214620,73.339,-0.319,-0.117,-0.138,0.246,0.276,-0.293
2026-07-05T03:45:00.000Z,50,51.181,48.493,42,42.909,44.31,99.4,100.679,-1.279,99.8,101.011,-1.211,100.2,102.076,-1.876,100.6,102.435,-1.835,100,101.801,-1.801,100.4,101.708,-1.308,100.8,102.418,-1.618,101.2,102.929,-1.729,100,101.882,101,102.112,36.317,12245310,72.199,-0.408,0.09,-0.107,0.278,0.259,-0.281
2026-07-05T04:00:00.000Z,50,51.342,47.835,42,42.87,43.845,99.4,101.202,-1.802,99.8,101.16,-1.36,100.2,101.318,-1.118,100.6,102.437,-1.837,100,101.751,-1.751,100.4,101.621,-1.221,100.8,102.804,-2.004,101.2,102.647,-1.447,100,101.868,101,102.219,36.182,12276000,71.425,-0.409,0.092,-0.073,0.262,0.238,-0.266
2026-07-05T04:15:00.000Z,50,51.043,47.583,42,42.816,43.436,99.4,100.932,-1.532,99.8,100.829,-1.029,100.2,102.123,-1.923,100.6,102.004,-1.404,100,101.69,-1.69,100.4,102.086,-1.686,100.8,102.672,-1.872,101.2,102.483,-1.283,100,101.852,101,102.375,35.85,12306690,71.442,-0.519,0.244,-0.039,0.222,0.216,-0.248
2026-07-05T04:30:00.000Z,50,51.064,46.453,42,42.541,43.267,99.4,100.445,-1.045,99.8,100.931,-1.131,100.2,101.341,-1.141,100.6,101.693,-1.093,100,101.046,-1.046,100.4,102.162,-1.762,100.8,102.154,-1.354,101.2,102.397,-1.197,100,101.521,101,102.228,35.869,12337380,70.548,-0.456,0.297,-0.004,0.224,0.191,-0.228
2026-07-05T04:45:00.000Z,50,51.393,46.122,42,42.66,43.261,99.4,100.909,-1.509,99.8,101.435,-1.635,100.2,101.382,-1.182,100.6,102.089,-1.489,100,100.997,-0.997,100.4,101.299,-0.899,100.8,101.757,-0.957,101.2,102.893,-1.693,100,101.595,101,102.438,35.928,12368070,70.085,-0.37,0.246,0.031,0.231,0.165,-0.205
2026-07-05T05:00:00.000Z,50,51.662,46.424,42,43.017,42.471,99.4,100.95,-1.55,99.8,100.748,-0.948,100.2,101.264,-1.064,100.6,102.051,-1.451,100,101.077,-1.077,100.4,101.736,-1.336,100.8,102.294,-1.494,101.2,102.048,-0.848,100,101.521,101,102.172,35.68,12398760,69.15,-0.35,0.428,0.065,0.202,0.137,-0.18
2026-07-05T05:15:00.000Z,50,51.338,46.015,42,42.776,41.716,99.4,100.194,-0.794,99.8,100.876,-1.076,100.2,101.674,-1.474,100.6,101.988,-1.388,100,101.09,-1.09,100.4,101.181,-0.781,100.8,101.864,-1.064,101.2,102.547,-1.347,100,101.427,101,102.109,35.678,12429450,68.169,-0.348,0.361,0.099,0.201,0.107,-0.153
2026-07-05T05:30:00.000Z,50,51.239,45.184,42,43.133,41.976,99.4,100.317,-0.917,99.8,100.669,-0.869,100.2,101.145,-0.945,100.6,101.487,-0.887,100,100.829,-0.829,100.4,101.153,-0.753,100.8,102.274,-1.474,101.2,102.305,-1.105,100,101.272,101,102.302,35.84,12460140,67.764,-0.204,0.49,0.13,0.221,0.076,-0.124
2026-07-05T05:45:00.000Z,50,51.165,45.059,42,42.61,42.002,99.4,100.07,-0.67,99.8,100.676,-0.876,100.2,101.191,-0.991,100.6,101.905,-1.305,100,101.332,-1.332,100.4,101.271,-0.871,100.8,101.7,-0.9,101.2,102.329,-1.129,100,101.309,101,102.217,35.844,12490830,68.707,-0.086,0.497,0.16,0.221,0.045,-0.094
2026-07-05T06:00:00.000Z,50,51.717,44.703,42,43.181,41.665,99.4,100.454,-1.054,99.8,100.679,-0.879,100.2,101.053,-0.853,100.6,101.547,-0.947,100,101.188,-1.188,100.4,101.887,-1.487,100.8,102.141,-1.341,101.2,102.651,-1.451,100,101.45,101,102.527,35.515,12521520,67.492,0.038,0.404,0.188,0.182,0.013,-0.063
2026-07-05T06:15:00.000Z,50,51.717,44.947,42,42.787,41.552,99.4,100.657,-1.257,99.8,100.658,-0.858,100.2,101.692,-1.492,100.6,101.655,-1.055,100,101.545,-1.545,100.4,101.891,-1.491,100.8,101.549,-0.749,101.2,102.584,-1.384,100,101.529,101,102.228,35.473,12552210,68.694,-0.009,0.407,0.212,0.177,-0.019,-0.031
2026-07-05T06:30:00.000Z,50,51.344,45.167,42,42.955,42.084,99.4,100.755,-1.355,99.8,100.701,-0.901,100.2,101.062,-0.862,100.6,101.505,-0.905,100,101.281,-1.281,100.4,101.231,-0.831,100.8,101.831,-1.031,101.2,102.483,-1.283,100,101.356,101,102.232,35.485,12582900,68.173,0.158,0.354,0.233,0.178,-0.051,0.001
2026-07-05T06:45:00.000Z,50,51.677,45.09,42,43.014,42.652,99.4,100.743,-1.343,99.8,101.252,-1.452,100.2,101.301,-1.101,100.6,101.61,-1.01,100,101.499,-1.499,100.4,101.654,-1.254,100.8,101.829,-1.029,101.2,102.57,-1.37,100,101.557,101,101.985,35.551,12613590,68.461,0.246,0.287,0.251,0.186,-0.082,0.033
2026-07-05T07:00:00.000Z,50,51.086,45.493,42,43.131,42.615,99.4,100.938,-1.538,99.8,101.024,-1.224,100.2,101.249,-1.049,100.6,102.044,-1.444,100,101.071,-1.071,100.4,101.877,-1.477,100.8,102.103,-1.303,101.2,102.088,-0.888,100,101.549,101,102.24,35.606,12644280,68.974,0.24,0.279,0.264,0.193,-0.113,0.064
2026-07-05T07:15:00.000Z,50,51.651,46.777,42,42.678,43.198,99.4,100.548,-1.148,99.8,101.56,-1.76,100.2,101.708,-1.508,100.6,102.149,-1.549,100,101.612,-1.612,100.4,102.012,-1.612,100.8,102.041,-1.241,101.2,102.182,-0.982,100,101.726,101,101.999,35.814,12674970,69.162,0.376,0.276,0.274,0.218,-0.142,0.095
2026-07-05T07:30:00.000Z,50,51.256,46.569,42,42.819,43.523,99.4,100.4,-1,99.8,100.928,-1.128,100.2,101.698,-1.498,100.6,101.956,-1.356,100,101.525,-1.525,100.4,101.495,-1.095,100.8,101.747,-0.947,101.2,102.82,-1.62,100,101.571,101,102.329,36.031,12705660,70.206,0.388,0.089,0.279,0.244,-0.17,0.125
2026-07-05T07:45:00.000Z,50,51.521,47.805,42,42.958,43.86,99.4,101.273,-1.873,99.8,101.293,-1.493,100.2,101.868,-1.668,100.6,101.804,-1.204,100,101.41,-1.41,100.4,102.16,-1.76,100.8,102.156,-1.356,101.2,103.084,-1.884,100,101.881,101,102.006,36.022,12736350,71.658,0.434,-0.018,0.28,0.243,-0.196,0.154
2026-07-05T08:00:00.000Z,50,51.545,47.433,42,42.564,43.914,99.4,101.084,-1.684,99.8,101.537,-1.737,100.2,101.602,-1.402,100.6,102.189,-1.589,100,101.328,-1.328,100.4,102.109,-1.709,100.8,102.424,-1.624,101.2,102.889,-1.689,100,101.895,101,101.989,35.917,12767040,71.445,0.496,0.032,0.276,0.23,-0.22,0.181
2026-07-05T08:15:00.000Z,50,51.046,48.197,42,43.026,44.675,99.4,101.178,-1.778,99.8,101.41,-1.61,100.2,101.61,-1.41,100.6,101.842,-1.242,100,102.023,-2.023,100.4,102.365,-1.965,100.8,102.133,-1.333,101.2,102.578,-1.378,100,101.892,101,102.127,36.35,12797730,72.911,0.476,-0.076,0.268,0.282,-0.242,0.206
2026-07-05T08:30:00.000Z,50,51.273,49.201,42,42.684,44.919,99.4,101.532,-2.132,99.8,101.432,-1.632,100.2,101.965,-1.765,100.6,102.006,-1.406,100,101.946,-1.946,100.4,101.851,-1.451,100.8,102.134,-1.334,101.2,102.765,-1.565,100,101.954,101,101.865,36.274,12828420,73.242,0.474,-0.231,0.256,0.273,-0.262,0.229
2026-07-05T08:45:00.000Z,50,50.727,49.765,42,42.962,45.245,99.4,101.107,-1.707,99.8,101.461,-1.661,100.2,101.639,-1.439,100.6,101.903,-1.303,100,101.312,-1.312,100.4,101.724,-1.324,100.8,102.694,-1.894,101.2,102.772,-1.572,100,101.827,101,101.711,36.157,12859110,73.911,0.356,-0.186,0.24,0.259,-0.279,0.249
2026-07-05T09:00:00.000Z,50,50.853,49.949,42,42.528,45.722,99.4,101.041,-1.641,99.8,101.365,-1.565,100.2,102.014,-1.814,100.6,102.525,-1.925,100,101.578,-1.578,100.4,101.946,-1.546,100.8,102.763,-1.963,101.2,102.636,-1.436,100,101.984,101,101.936,36.473,12889800,74.369,0.286,-0.376,0.221,0.297,-0.293,0.267
2026-07-05T09:15:00.000Z,50,50.633,50.93,42,42.449,45.803,99.4,101.148,-1.748,99.8,101.892,-2.092,100.2,101.745,-1.545,100.6,102.48,-1.88,100,101.562,-1.562,100.4,101.91,-1.51,100.8,103.001,-2.201,101.2,102.564,-1.364,100,102.038,101,101.702,36.217,12920490,74.698,0.19,-0.321,0.197,0.266,-0.305,0.282
2026-07-05T09:30:00.000Z,50,50.814,50.723,42,42.402,45.55,99.4,100.707,-1.307,99.8,101.292,-1.492,100.2,101.901,-1.701,100.6,102.713,-2.113,100,102.072,-2.072,100.4,102.159,-1.759,100.8,102.992,-2.192,101.2,102.604,-1.404,100,102.055,101,101.974,36.407,12951180,76.164,0.242,-0.422,0.171,0.289,-0.313,0.294
2026-07-05T09:45:00.000Z,50,50.963,50.509,42,42.4,45.717,99.4,101.464,-2.064,99.8,101.631,-1.831,100.2,101.709,-1.509,100.6,102.71,-2.11,100,101.546,-1.546,100.4,102.439,-2.039,100.8,102.15,-1.35,101.2,102.728,-1.528,100,102.047,101,101.865,35.993,12981870,75.29,0.036,-0.374,0.142,0.239,-0.318,0.302
2026-07-05T10:00:00.000Z,50,50.892,51.076,42,42.467,46.577,99.4,100.828,-1.428,99.8,101.612,-1.812,100.2,101.808,-1.608,100.6,102.125,-1.525,100,101.553,-1.553,100.4,102.223,-1.823,100.8,102.727,-1.927,101.2,102.351,-1.151,100,101.903,101,101.47,36.03,13012560,76.317,-0.031,-0.398,0.111,0.244,-0.32,0.308
2026-07-05T10:15:00.000Z,50,50.486,50.387,42,42.632,45.894,99.4,101.029,-1.629,99.8,101.342,-1.542,100.2,101.304,-1.104,100.6,102.282,-1.682,100,101.876,-1.876,100.4,101.648,-1.248,100.8,102.128,-1.328,101.2,102.623,-1.423,100,101.779,101,101.344,35.674,13043250,76.361,-0.159,-0.477,0.078,0.201,-0.319,0.31
2026-07-05T10:30:00.000Z,50,50.411,50.789,42,42.247,46.157,99.4,100.547,-1.147,99.8,101.053,-1.253,100.2,101.954,-1.754,100.6,102.125,-1.525,100,101.309,-1.309,100.4,101.47,-1.07,100.8,102.063,-1.263,101.2,102.645,-1.445,100,101.646,101,101.441,35.478,13073940,75.162,-0.128,-0.359,0.044,0.177,-0.314,0.309
2026-07-05T10:45:00.000Z,50,50.3,50.12,42,42.373,45.738,99.4,100.189,-0.789,99.8,100.673,-0.873,100.2,101.203,-1.003,100.6,101.757,-1.157,100,100.975,-0.975,100.4,101.115,-0.715,100.8,101.677,-0.877,101.2,102.161,-0.961,100,101.219,101,101.134,35.59,13104630,75.907,-0.25,-0.396,0.009,0.191,-0.307,0.304
2026-07-05T11:00:00.000Z,50,50.6,50.51,42,42.389,45.982,99.4,100.173,-0.773,99.8,100.797,-0.997,100.2,100.79,-0.59,100.6,101.316,-0.716,100,101.397,-1.397,100.4,101.452,-1.052,100.8,101.334,-0.534,101.2,101.866,-0.666,100,101.141,101,100.92,35.054,13135320,74.907,-0.359,-0.287,-0.026,0.126,-0.296,0.297
2026-07-05T11:15:00.000Z,50,50.228,49.978,42,42.265,45.082,99.4,100.215,-0.815,99.8,100.285,-0.485,100.2,101.174,-0.974,100.6,101.227,-0.627,100,101.176,-1.176,100.4,101.574,-1.174,100.8,101.161,-0.361,101.2,101.773,-0.573,100,101.073,101,100.838,35.048,13166010,74.115,-0.386,-0.217,-0.061,0.126,-0.283,0.286
2026-07-05T11:30:00.000Z,50,50.117,49.544,42,41.981,45.178,99.4,99.715,-0.315,99.8,99.879,-0.079,100.2,100.404,-0.204,100.6,101.013,-0.413,100,100.801,-0.801,100.4,100.516,-0.116,100.8,101.641,-0.841,101.2,101.266,-0.066,100,100.654,101,100.7,34.392,13196700,73.051,-0.413,-0.193,-0.094,0.047,-0.266,0.272
2026-07-05T11:45:00.000Z,50,49.78,49.11,42,41.986,44.51,99.4,99.489,-0.089,99.8,100.035,-0.235,100.2,100.083,0.117,100.6,100.969,-0.369,100,100.418,-0.418,100.4,100.86,-0.46,100.8,100.916,-0.116,101.2,101.849,-0.649,100,100.577,101,101.05,34.488,13227390,72.629,-0.431,-0.198,-0.126,0.059,-0.247,0.255
2026-07-05T12:00:00.000Z,50,49.671,48.449,42,41.894,43.644,99.4,99.842,-0.442,99.8,99.895,-0.095,100.2,100.213,-0.013,100.6,100.872,-0.272,100,99.726,0.274,100.4,100.682,-0.282,100.8,101.112,-0.312,101.2,100.893,0.307,100,100.404,101,100.928,34,13258080,72.416,-0.459,0.024,-0.156,0,-0.226,0.236
2026-07-05T12:15:00.000Z,50,49.697,47.319,42,41.866,43.697,99.4,99.027,0.373,99.8,99.98,-0.18,100.2,100.383,-0.183,100.6,100.464,0.136,100,99.919,0.081,100.4,99.958,0.442,100.8,100.29,0.51,101.2,101.224,-0.024,100,100.156,101,100.758,33.685,13288770,71.07,-0.455,0.11,-0.184,-0.038,-0.202,0.214
2026-07-05T12:30:00.000Z,50,50.102,46.343,42,41.862,42.829,99.4,98.84,0.56,99.8,98.945,0.855,100.2,99.658,0.542,100.6,100.473,0.127,100,99.146,0.854,100.4,99.811,0.589,100.8,100.597,0.203,101.2,100.934,0.266,100,99.801,101,100.825,33.313,13319460,70.295,-0.451,0.05,-0.209,-0.082,-0.176,0.189
2026-07-05T12:45:00.000Z,50,49.786,46.767,42,41.811,42.617,99.4,98.959,0.441,99.8,98.7,1.1,100.2,99.114,1.086,100.6,99.756,0.844,100,98.946,1.054,100.4,100.107,0.293,100.8,99.994,0.806,101.2,100.78,0.42,100,99.545,101,100.759,33.025,13350150,69.097,-0.341,0.209,-0.231,-0.117,-0.148,0.163
2026-07-05T13:00:00.000Z,50,49.605,46.446,42,41.784,42.89,99.4,98.183,1.217,99.8,99.267,0.533,100.2,99.099,1.101,100.6,99.82,0.78,100,98.679,1.321,100.4,99.298,1.102,100.8,100.007,0.793,101.2,100.378,0.822,100,99.341,101,100.491,32.847,13380840,69.743,-0.285,0.278,-0.249,-0.138,-0.119,0.135
2026-07-05T13:15:00.000Z,50,49.38,45.968,42,41.504,42.107,99.4,98.333,1.067,99.8,98.651,1.149,100.2,98.695,1.505,100.6,99.464,1.136,100,98.392,1.608,100.4,99.311,1.089,100.8,99.964,0.836,101.2,100.487,0.713,100,99.162,101,100.19,32.512,13411530,68.008,-0.282,0.257,-0.263,-0.179,-0.089,0.105
2026-07-05T13:30:00.000Z,50,49.751,45.672,42,41.616,42.274,99.4,98.333,1.067,99.8,98.125,1.675,100.2,98.908,1.292,100.6,99.463,1.137,100,98.545,1.455,100.4,98.81,1.59,100.8,99.068,1.732,101.2,99.487,1.713,100,98.842,101,99.981,32.307,13442220,68.226,-0.088,0.355,-0.273,-0.203,-0.058,0.075
2026-07-05T13:45:00.000Z,50,49.418,44.573,42,41.309,42.054,99.4,97.609,1.791,99.8,98.1,1.7,100.2,98.816,1.384,100.6,99.262,1.338,100,98.148,1.852,100.4,98.792,1.608,100.8,99.591,1.209,101.2,99.924,1.276,100,98.78,101,100.229,32.049,13472910,68.525,-0.049,0.396,-0.279,-0.234,-0.026,0.043
2026-07-05T14:00:00.000Z,50,49.25,45.19,42,41.823,42.294,99.4,98.069,1.331,99.8,98.257,1.543,100.2,98.562,1.638,100.6,99.031,1.569,100,98.402,1.598,100.4,98.845,1.555,100.8,99.014,1.786,101.2,99.715,1.485,100,98.737,101,100.27,32.065,13503600,68.618,-0.023,0.487,-0.28,-0.232,0.006,0.011
2026-07-05T14:15:00.000Z,50,49.129,45.639,42,41.305,41.626,99.4,98.014,1.386,99.8,98.352,1.448,100.2,98.239,1.961,100.6,98.697,1.903,100,98.019,1.981,100.4,98.856,1.544,100.8,99.545,1.255,101.2,99.269,1.931,100,98.624,101,99.865,31.661,13534290,67.749,0.069,0.418,-0.277,-0.281,0.038,-0.021
2026-07-05T14:30:00.000Z,50,49.231,45.1,42,41.258,41.789,99.4,97.363,2.037,99.8,98.366,1.434,100.2,98.442,1.758,100.6,98.602,1.998,100,98.512,1.488,100.4,98.864,1.536,100.8,99.488,1.312,101.2,99.735,1.465,100,98.672,101,99.73,31.956,13564980,67.852,0.162,0.407,-0.27,-0.245,0.069,-0.053
2026-07-05T14:45:00.000Z,50,49.126,45.207,42,41.558,41.862,99.4,97.701,1.699,99.8,97.71,2.09,100.2,98.389,1.811,100.6,99.042,1.558,100,98.417,1.583,100.4,98.27,2.13,100.8,98.81,1.99,101.2,99.702,1.498,100,98.505,101,99.829,31.898,13595670,68.326,0.224,0.458,-0.258,-0.252,0.1,-0.084
2026-07-05T15:00:00.000Z,50,48.668,45.674,42,41.401,42.532,99.4,97.49,1.91,99.8,97.668,2.132,100.2,98.029,2.171,100.6,98.453,2.147,100,98.599,1.401,100.4,98.425,1.975,100.8,99.247,1.553,101.2,99.219,1.981,100,98.391,101,99.643,31.743,13626360,68.819,0.291,0.337,-0.243,-0.271,0.13,-0.114
2026-07-05T15:15:00.000Z,50,49.056,46.413,42,41.507,42.324,99.4,97.511,1.889,99.8,97.686,2.114,100.2,98.86,1.34,100.6,98.941,1.659,100,97.988,2.012,100.4,98.467,1.933,100.8,98.969,1.831,101.2,99.783,1.417,100,98.526,101,99.449,31.912,13657050,70.074,0.411,0.304,-0.223,-0.251,0.158,-0.144
2026-07-05T15:30:00.000Z,50,49.116,46.573,42,41.097,43.428,99.4,97.255,2.145,99.8,98.52,1.28,100.2,98.603,1.597,100.6,98.983,1.617,100,98.067,1.933,100.4,98.722,1.678,100.8,99.549,1.251,101.2,99.749,1.451,100,98.681,101,99.744,31.978,13687740,70.831,0.409,0.286,-0.201,-0.243,0.185,-0.171
2026-07-05T15:45:00.000Z,50,48.821,47.849,42,41.429,43.309,99.4,97.693,1.707,99.8,97.791,2.009,100.2,98.314,1.886,100.6,98.707,1.893,100,98.22,1.78,100.4,98.329,2.071,100.8,99.065,1.735,101.2,99.912,1.288,100,98.504,101,99.784,31.603,13718430,70.675,0.389,0.132,-0.175,-0.288,0.21,-0.197
2026-07-05T16:00:00.000Z,50,48.463,47.835,42,41.21,44.026,99.4,97.882,1.518,99.8,98.137,1.663,100.2,98.754,1.446,100.6,99.363,1.237,100,98.827,1.173,100.4,99.27,1.13,100.8,99.67,1.13,101.2,100.011,1.189,100,98.989,101,99.436,32.001,13749120,71.804,0.521,0.074,-0.146,-0.24,0.233,-0.221
2026-07-05T16:15:00.000Z,50,48.67,48.817,42,41.134,44.434,99.4,97.598,1.802,99.8,97.982,1.818,100.2,98.988,1.212,100.6,99.06,1.54,100,98.407,1.593,100.4,98.585,1.815,100.8,99.638,1.162,101.2,99.441,1.759,100,98.712,101,99.509,31.956,13779810,73.153,0.395,0.117,-0.115,-0.245,0.254,-0.242
2026-07-05T16:30:00.000Z,50,49.053,48.612,42,41.116,44.455,99.4,98.084,1.316,99.8,98.044,1.756,100.2,98.877,1.323,100.6,99.328,1.272,100,98.592,1.408,100.4,99.357,1.043,100.8,99.419,1.381,101.2,99.678,1.522,100,98.922,101,99.405,32.308,13810500,73.467,0.466,-0.066,-0.082,-0.203,0.272,-0.261
2026-07-05T16:45:00.000Z,50,48.968,49.331,42,41.265,45.349,99.4,97.768,1.632,99.8,98.244,1.556,100.2,98.6,1.6,100.6,99.482,1.118,100,98.643,1.357,100.4,98.712,1.688,100.8,99.318,1.482,101.2,99.438,1.762,100,98.776,101,99.569,31.988,13841190,74.36,0.31,-0.076,-0.048,-0.241,0.288,-0.277
2026-07-05T17:00:00.000Z,50,48.516,50.446,42,41.358,45.822,99.4,97.854,1.546,99.8,98.143,1.657,100.2,99.385,0.815,100.6,99.457,1.143,100,98.352,1.648,100.4,98.891,1.509,100.8,99.353,1.447,101.2,99.915,1.285,100,98.919,101,99.159,32.122,13871880,74.8,0.347,-0.195,-0.014,-0.225,0.3,-0.29
2026-07-05T17:15:00.000Z,50,48.953,50.355,42,41.405,46.164,99.4,98.137,1.263,99.8,99.064,0.736,100.2,99.353,0.847,100.6,99.483,1.117,100,98.876,1.124,100.4,99.24,1.16,100.8,99.313,1.487,101.2,99.938,1.262,100,99.176,101,99.161,32.128,13902570,74.946,0.254,-0.257,0.021,-0.225,0.31,-0.299
2026-07-05T17:30:00.000Z,50,48.792,50.621,42,41.186,46.497,99.4,98.38,1.02,99.8,99.015,0.785,100.2,98.912,1.288,100.6,99.275,1.325,100,98.795,1.205,100.4,99.245,1.155,100.8,99.948,0.852,101.2,99.62,1.58,100,99.149,101,99.253,32.383,13933260,75.973,0.191,-0.242,0.056,-0.194,0.316,-0.306
2026-07-05T17:45:00.000Z,50,48.733,51.232,42,41.121,45.762,99.4,98.061,1.339,99.8,98.437,1.363,100.2,98.943,1.257,100.6,99.092,1.508,100,99.205,0.795,100.4,98.858,1.542,100.8,100.065,0.735,101.2,99.666,1.534,100,99.041,101,99.311,32.633,13963950,76.529,0.048,-0.275,0.09,-0.164,0.32,-0.31
2026-07-05T18:00:00.000Z,50,48.74,50.803,42,41.317,46.465,99.4,98.221,1.179,99.8,98.528,1.272,100.2,98.818,1.382,100.6,99.113,1.487,100,98.739,1.261,100.4,99.624,0.776,100.8,99.768,1.032,101.2,100.342,0.858,100,99.144,101,99.046,32.384,13994640,76.314,-0.007,-0.388,0.122,-0.194,0.32,-0.31
2026-07-05T18:15:00.000Z,50,48.324,50.667,42,40.912,45.903,99.4,98.188,1.212,99.8,98.344,1.456,100.2,98.666,1.534,100.6,99.516,1.084,100,99.125,0.875,100.4,99.141,1.259,100.8,99.993,0.807,101.2,100.235,0.965,100,99.151,101,99.272,32.613,14025330,76.61,-0.111,-0.445,0.153,-0.166,0.317,-0.306
2026-07-05T18:30:00.000Z,50,48.599,50.174,42,41.219,45.919,99.4,98.449,0.951,99.8,98.882,0.918,100.2,98.693,1.507,100.6,99.356,1.244,100,98.561,1.439,100.4,99.488,0.912,100.8,99.891,0.909,101.2,100.158,1.042,100,99.185,101,99.543,32.408,14056020,75.569,-0.182,-0.46,0.181,-0.191,0.31,-0.3
2026-07-05T18:45:00.000Z,50,48.87,50.98,42,41.012,46.19,99.4,98.376,1.024,99.8,98.915,0.885,100.2,98.916,1.284,100.6,99.457,1.143,100,99.047,0.953,100.4,99.486,0.914,100.8,99.916,0.884,101.2,99.605,1.595,100,99.215,101,99.622,32.145,14086710,74.652,-0.261,-0.417,0.206,-0.223,0.301,-0.29
2026-07-05T19:00:00.000Z,50,48.742,49.93,42,41.119,45.114,99.4,97.975,1.425,99.8,98.496,1.304,100.2,99.057,1.143,100.6,99.36,1.24,100,98.428,1.572,100.4,98.96,1.44,100.8,99.958,0.842,101.2,100.101,1.099,100,99.042,101,99.218,32.49,14117400,74.437,-0.283,-0.448,0.228,-0.181,0.289,-0.277
2026-07-05T19:15:00.000Z,50,48.907,49.07,42,41.101,44.829,99.4,97.875,1.525,99.8,98.495,1.305,100.2,99.189,1.011,100.6,99.132,1.468,100,98.743,1.257,100.4,99.519,0.881,100.8,99.257,1.543,101.2,99.972,1.228,100,99.023,101,99.638,32.244,14148090,73.956,-0.461,-0.343,0.246,-0.211,0.273,-0.262
2026-07-05T19:30:00.000Z,50,48.839,49.476,42,41.32,44.453,99.4,98.147,1.253,99.8,98.021,1.779,100.2,98.659,1.541,100.6,98.899,1.701,100,98.358,1.642,100.4,99.424,0.976,100.8,99.271,1.529,101.2,99.601,1.599,100,98.798,101,99.201,32.154,14178780,73.995,-0.369,-0.308,0.261,-0.221,0.255,-0.243
2026-07-05T19:45:00.000Z,50,49.008,48.681,42,41.08,44.222,99.4,97.525,1.875,99.8,98.712,1.088,100.2,98.979,1.221,100.6,99.344,1.256,100,98.114,1.886,100.4,99.305,1.095,100.8,99.171,1.629,101.2,99.851,1.349,100,98.875,101,99.513,31.772,14209470,72.192,-0.507,-0.199,0.272,-0.267,0.235,-0.222
2026-07-05T20:00:00.000Z,50,49.099,48.579,42,41.103,44.138,99.4,97.739,1.661,99.8,97.931,1.869,100.2,98.973,1.227,100.6,99.237,1.363,100,98.824,1.176,100.4,99.038,1.362,100.8,99.237,1.563,101.2,99.895,1.305,100,98.859,101,99.447,31.836,14240160,71.924,-0.44,-0.113,0.278,-0.26,0.212,-0.198
2026-07-05T20:15:00.000Z,50,48.5,47.173,42,41.455,43.98,99.4,97.601,1.799,99.8,98.105,1.695,100.2,98.676,1.524,100.6,99.023,1.577,100,98.341,1.659,100.4,98.368,2.032,100.8,98.94,1.86,101.2,99.912,1.288,100,98.621,101,99.755,31.978,14270850,71.533,-0.361,-0.123,0.28,-0.243,0.187,-0.173
2026-07-05T20:30:00.000Z,50,48.833,46.948,42,41.105,43.616,99.4,97.853,1.547,99.8,98.068,1.732,100.2,98.793,1.407,100.6,99.005,1.595,100,98.731,1.269,100.4,98.466,1.934,100.8,98.923,1.877,101.2,99.227,1.973,100,98.633,101,99.74,31.823,14301540,69.774,-0.443,-0.044,0.278,-0.261,0.16,-0.145
2026-07-05T20:45:00.000Z,50,49.045,46.187,42,41.472,43.243,99.4,97.497,1.903,99.8,98.017,1.783,100.2,98.66,1.54,100.6,98.699,1.901,100,98.314,1.686,100.4,98.8,1.6,100.8,98.957,1.843,101.2,99.235,1.965,100,98.522,101,99.645,31.914,14332230,70.147,-0.327,0.043,0.271,-0.25,0.132,-0.116
2026-07-05T21:00:00.000Z,50,48.944,45.808,42,41.336,42.795,99.4,97.363,2.037,99.8,98.247,1.553,100.2,98.723,1.477,100.6,99.19,1.41,100,98.154,1.846,100.4,98.928,1.472,100.8,99.131,1.669,101.2,99.191,2.009,100,98.616,101,99.899,31.888,14362920,69.246,-0.246,0.139,0.26,-0.253,0.102,-0.086
2026-07-05T21:15:00.000Z,50,48.884,45.182,42,41.184,42.222,99.4,97.646,1.754,99.8,97.87,1.93,100.2,98.391,1.809,100.6,98.745,1.855,100,98.459,1.541,100.4,98.69,1.71,100.8,99.403,1.397,101.2,99.319,1.881,100,98.565,101,99.592,31.8,14393610,68.391,-0.139,0.214,0.245,-0.264,0.071,-0.055
2026-07-05T21:30:00.000Z,50,49.017,45.794,42,41.602,42.364,99.4,97.707,1.693,99.8,97.697,2.103,100.2,98.477,1.723,100.6,99.289,1.311,100,98.354,1.646,100.4,98.971,1.429,100.8,99.265,1.535,101.2,99.033,2.167,100,98.599,101,99.883,31.569,14424300,68.297,-0.181,0.206,0.226,-0.292,0.04,-0.023
2026-07-05T21:45:00.000Z,50,49.288,45.019,42,41.618,41.664,99.4,97.812,1.588,99.8,97.703,2.097,100.2,98.211,1.989,100.6,98.619,1.981,100,98.478,1.522,100.4,98.562,1.838,100.8,99.243,1.557,101.2,99.588,1.612,100,98.527,101,100.02,32.044,14454990,67.54,0.054,0.351,0.204,-0.235,0.008,0.009
2026-07-05T22:00:00.000Z,50,49.322,44.857,42,41.515,42.253,99.4,97.778,1.622,99.8,98.613,1.187,100.2,98.666,1.534,100.6,99.001,1.599,100,98.719,1.281,100.4,98.985,1.415,100.8,99.448,1.352,101.2,99.367,1.833,100,98.822,101,99.82,31.928,14485680,68.255,0.132,0.304,0.178,-0.249,-0.024,0.041
2026-07-05T22:15:00.000Z,50,49.26,45.524,42,41.447,42.244,99.4,98.357,1.043,99.8,98.215,1.585,100.2,98.432,1.768,100.6,99.386,1.214,100,98.963,1.037,100.4,98.956,1.444,100.8,99.157,1.643,101.2,99.594,1.606,100,98.883,101,100.322,32.222,14516370,68.438,0.125,0.449,0.15,-0.213,-0.056,0.073
2026-07-05T22:30:00.000Z,50,49.145,45.113,42,41.836,42.153,99.4,97.624,1.776,99.8,98.076,1.724,100.2,99,1.2,100.6,99.538,1.062,100,98.437,1.563,100.4,98.795,1.605,100.8,99.687,1.113,101.2,99.993,1.207,100,98.894,101,100.315,32.506,14547060,68.845,0.233,0.471,0.119,-0.179,-0.087,0.103
2026-07-05T22:45:00.000Z,50,49.202,45.72,42,41.956,42.525,99.4,98.588,0.812,99.8,98.259,1.541,100.2,99.343,0.857,100.6,99.791,0.809,100,99.007,0.993,100.4,99.179,1.221,100.8,100.042,0.758,101.2,100.409,0.791,100,99.327,101,100.039,32.338,14577750,68.372,0.253,0.362,0.087,-0.199,-0.118,0.133
2026-07-05T23:00:00.000Z,50,49.854,46.274,42,41.975,42.122,99.4,98.411,0.989,99.8,99.059,0.741,100.2,99.184,1.016,100.6,99.96,0.64,100,98.781,1.219,100.4,99.167,1.233,100.8,100.272,0.528,101.2,100.094,1.106,100,99.366,101,100.301,32.906,14608440,69.367,0.419,0.351,0.053,-0.131,-0.147,0.161
2026-07-05T23:15:00.000Z,50,49.512,46.038,42,41.697,42.376,99.4,98.702,0.698,99.8,99.216,0.584,100.2,99.401,0.799,100.6,100.055,0.545,100,99.295,0.705,100.4,99.31,1.09,100.8,100.054,0.746,101.2,100.71,0.49,100,99.593,101,100.487,33.058,14639130,70.133,0.357,0.335,0.018,-0.113,-0.174,0.188
2026-07-05T23:30:00.000Z,50,49.617,46.345,42,41.867,43.459,99.4,98.697,0.703,99.8,99.576,0.224,100.2,99.816,0.384,100.6,100.109,0.491,100,99.925,0.075,100.4,100.054,0.346,100.8,100.746,0.054,101.2,101.134,0.066,100,100.007,101,100.753,33.575,14669820,69.977,0.427,0.314,-0.017,-0.051,-0.2,0.212
2026-07-05T23:45:00.000Z,50,49.664,47.432,42,41.684,43.634,99.4,99.42,-0.02,99.8,99.318,0.482,100.2,99.741,0.459,100.6,100.482,0.118,100,100.038,-0.038,100.4,100.241,0.159,100.8,100.538,0.262,101.2,101.386,-0.186,100,100.146,101,100.695,33.746,14700510,71.655,0.447,0.351,-0.051,-0.031,-0.224,0.234
2026-07-06T00:00:00.000Z,50,50.036,48.54,42,42.034,43.925,99.4,99.586,-0.186,99.8,99.395,0.405,100.2,100.597,-0.397,100.6,100.47,0.13,100,100.107,-0.107,100.4,100.384,0.016,100.8,100.859,-0.059,101.2,101.642,-0.442,100,100.38,101,100.637,33.824,14731200,72.275,0.514,0.192,-0.085,-0.021,-0.246,0.254
2026-07-06T00:15:00.000Z,50,50.216,48.555,42,42.282,44.321,99.4,99.861,-0.461,99.8,100.05,-0.25,100.2,100.577,-0.377,100.6,101.069,-0.469,100,99.855,0.145,100.4,100.688,-0.288,100.8,100.797,0.003,101.2,101.718,-0.518,100,100.577,101,101.004,34.215,14761890,72.49,0.457,0.161,-0.118,0.026,-0.265,0.271
2026-07-06T00:30:00.000Z,50,50.065,49.268,42,41.934,44.436,99.4,99.942,-0.542,99.8,100.564,-0.764,100.2,100.33,-0.13,100.6,101.318,-0.718,100,100.353,-0.353,100.4,100.566,-0.166,100.8,101.271,-0.471,101.2,101.387,-0.187,100,100.716,101,100.779,34.594,14792580,73.839,0.342,0.098,-0.149,0.071,-0.282,0.285
2026-07-06T00:45:00.000Z,50,49.991,49.816,42,41.925,45.163,99.4,99.885,-0.485,99.8,100.403,-0.603,100.2,101.211,-1.011,100.6,101.277,-0.677,100,100.857,-0.857,100.4,101.532,-1.132,100.8,101.661,-0.861,101.2,101.762,-0.562,100,101.074,101,101.118,34.751,14823270,73.9,0.246,0.075,-0.177,0.09,-0.295,0.296
2026-07-06T01:00:00.000Z,50,50.046,49.848,42,42.015,45.345,99.4,99.979,-0.579,99.8,100.802,-1.002,100.2,101.426,-1.226,100.6,101.978,-1.378,100,100.549,-0.549,100.4,101.725,-1.325,100.8,102.143,-1.343,101.2,102.54,-1.34,100,101.393,101,101.322,35.191,14853960,74.589,0.211,-0.087,-0.203,0.143,-0.306,0.304
2026-07-06T01:15:00.000Z,50,50.342,50.836,42,42.111,45.388,99.4,100.381,-0.981,99.8,100.951,-1.151,100.2,100.94,-0.74,100.6,101.723,-1.123,100,101.457,-1.457,100.4,101.729,-1.329,100.8,101.596,-0.796,101.2,102.424,-1.224,100,101.4,101,101.469,35.544,14884650,75.249,0.189,-0.097,-0.225,0.185,-0.314,0.309
2026-07-06T01:30:00.000Z,50,50.501,50.65,42,42.467,45.537,99.4,100.868,-1.468,99.8,101.583,-1.783,100.2,101.815,-1.615,100.6,101.568,-0.968,100,101.749,-1.749,100.4,101.988,-1.588,100.8,101.877,-1.077,101.2,102.31,-1.11,100,101.72,101,101.527,35.717,14915340,76.195,0.048,-0.195,-0.244,0.206,-0.319,0.31
2026-07-06T01:45:00.000Z,50,50.412,51.063,42,42.644,45.864,99.4,101.002,-1.602,99.8,101.213,-1.413,100.2,101.757,-1.557,100.6,101.881,-1.281,100,101.839,-1.839,100.4,102.238,-1.838,100.8,102.713,-1.913,101.2,102.713,-1.513,100,101.919,101,101.17,35.616,14946030,76.148,0.047,-0.289,-0.259,0.194,-0.32,0.308
2026-07-06T02:00:00.000Z,50,50.453,51.331,42,42.314,46.103,99.4,100.92,-1.52,99.8,101.836,-2.036,100.2,102.145,-1.945,100.6,102.308,-1.708,100,101.613,-1.613,100.4,101.744,-1.344,100.8,102.676,-1.876,101.2,102.538,-1.338,100,101.973,101,101.424,36.009,14976720,75.666,-0.06,-0.237,-0.271,0.241,-0.318,0.303
2026-07-06T02:15:00.000Z,50,50.504,50.734,42,42.532,46.637,99.4,100.728,-1.328,99.8,101.32,-1.52,100.2,102.064,-1.864,100.6,102.706,-2.106,100,101.828,-1.828,100.4,102.324,-1.924,100.8,102.483,-1.683,101.2,102.812,-1.612,100,102.033,101,101.527,36.082,15007410,76.044,-0.144,-0.321,-0.277,0.25,-0.313,0.294
2026-07-06T02:30:00.000Z,50,50.766,50.744,42,42.332,46.378,99.4,101.111,-1.711,99.8,101.226,-1.426,100.2,102.188,-1.988,100.6,102.537,-1.937,100,101.788,-1.788,100.4,102.485,-2.085,100.8,102.387,-1.587,101.2,102.581,-1.381,100,102.038,101,101.791,36.039,15038100,75.349,-0.267,-0.413,-0.28,0.245,-0.305,0.283
2026-07-06T02:45:00.000Z,50,50.792,50.068,42,42.354,45.708,99.4,101.345,-1.945,99.8,101.937,-2.137,100.2,102.069,-1.869,100.6,102.336,-1.736,100,101.354,-1.354,100.4,101.889,-1.489,100.8,102.825,-2.025,101.2,102.805,-1.605,100,102.07,101,101.854,36.051,15068790,74.665,-0.366,-0.442,-0.278,0.246,-0.294,0.268
2026-07-06T03:00:00.000Z,50,51.198,50.396,42,42.487,45.098,99.4,101.553,-2.153,99.8,101.202,-1.402,100.2,101.74,-1.54,100.6,102.539,-1.939,100,102.026,-2.026,100.4,102.105,-1.705,100.8,102.304,-1.504,101.2,103.068,-1.868,100,102.067,101,101.71,36.39,15099480,75.329,-0.384,-0.401,-0.272,0.287,-0.28,0.25
2026-07-06T03:15:00.000Z,50,51.304,49.098,42,42.801,45.603,99.4,100.716,-1.316,99.8,101.873,-2.073,100.2,101.99,-1.79,100.6,102.241,-1.641,100,101.615,-1.615,100.4,101.767,-1.367,100.8,102.763,-1.963,101.2,102.528,-1.328,100,101.937,101,101.737,36.076,15130170,74.861,-0.392,-0.401,-0.262,0.249,-0.263,0.23
2026-07-06T03:30:00.000Z,50,51.336,48.612,42,42.425,44.393,99.4,101.249,-1.849,99.8,101.547,-1.747,100.2,101.521,-1.321,100.6,102.368,-1.768,100,101.299,-1.299,100.4,101.723,-1.323,100.8,102.374,-1.574,101.2,102.643,-1.443,100,101.841,101,102.219,36.074,15160860,73.465,-0.435,-0.464,-0.247,0.249,-0.244,0.207
2026-07-06T03:45:00.000Z,50,51.296,48.784,42,42.724,44.251,99.4,101.033,-1.633,99.8,101.094,-1.294,100.2,102.052,-1.852,100.6,101.85,-1.25,100,101.843,-1.843,100.4,102.362,-1.962,100.8,102.399,-1.599,101.2,102.661,-1.461,100,101.912,101,102.097,36.309,15191550,72.654,-0.375,-0.341,-0.229,0.277,-0.222,0.182
2026-07-06T04:00:00.000Z,50,51.475,48.319,42,43.027,43.756,99.4,100.598,-1.198,99.8,101.203,-1.403,100.2,101.368,-1.168,100.6,102.501,-1.901,100,101.323,-1.323,100.4,102.398,-1.998,100.8,102.483,-1.683,101.2,102.94,-1.74,100,101.852,101,102.245,36.009,15222240,71.794,-0.492,-0.267,-0.207,0.241,-0.198,0.156
2026-07-06T04:15:00.000Z,50,51.219,47.443,42,42.92,43.792,99.4,100.613,-1.213,99.8,101.332,-1.532,100.2,101.58,-1.38,100.6,102.306,-1.706,100,101.124,-1.124,100.4,102.184,-1.784,100.8,102.094,-1.294,101.2,103.12,-1.92,100,101.794,101,102.123,36.017,15252930,71.007,-0.37,-0.282,-0.182,0.242,-0.171,0.127
2026-07-06T04:30:00.000Z,50,51.281,46.441,42,43.005,43.114,99.4,100.856,-1.456,99.8,101.549,-1.749,100.2,102.032,-1.832,100.6,101.918,-1.318,100,101.226,-1.226,100.4,102.076,-1.676,100.8,102.355,-1.555,101.2,102.511,-1.311,100,101.815,101,102.06,35.937,15283620,71.012,-0.415,-0.144,-0.154,0.232,-0.144,0.097
2026-07-06T04:45:00.000Z,50,50.977,46.794,42,42.663,43.215,99.4,100.53,-1.13,99.8,101.038,-1.238,100.2,101.7,-1.5,100.6,101.813,-1.213,100,101.654,-1.654,100.4,101.949,-1.549,100.8,102.523,-1.723,101.2,102.9,-1.7,100,101.763,101,102.076,36.073,15314310,69.192,-0.354,-0.124,-0.124,0.249,-0.114,0.066
2026-07-06T05:00:00.000Z,50,51.229,46.046,42,43.162,42.188,99.4,100.387,-0.987,99.8,100.851,-1.051,100.2,101.569,-1.369,100.6,102.068,-1.468,100,101.017,-1.017,100.4,101.789,-1.389,100.8,102.373,-1.573,101.2,102.806,-1.606,100,101.608,101,102.084,35.901,15345000,69.797,-0.159,0.014,-0.091,0.228,-0.084,0.035
2026-07-06T05:15:00.000Z,50,51.543,45.664,42,42.998,42.637,99.4,101.015,-1.615,99.8,101.085,-1.285,100.2,101.727,-1.527,100.6,101.648,-1.048,100,101.405,-1.405,100.4,101.993,-1.593,100.8,102.011,-1.211,101.2,102.394,-1.194,100,101.66,101,102.257,35.527,15375690,69.184,-0.125,0.09,-0.058,0.183,-0.053,0.003
2026-07-06T05:30:00.000Z,50,51.598,45.091,42,43.039,41.513,99.4,100.296,-0.896,99.8,100.76,-0.96,100.2,101.637,-1.437,100.6,101.356,-0.756,100,100.958,-0.958,100.4,101.847,-1.447,100.8,101.643,-0.843,101.2,101.955,-0.755,100,101.307,101,102.383,35.492,15406380,68.423,-0.08,0.182,-0.023,0.179,-0.021,-0.029
2026-07-06T05:45:00.000Z,50,51.289,44.922,42,43.06,42.203,99.4,100.956,-1.556,99.8,100.569,-0.769,100.2,100.965,-0.765,100.6,101.903,-1.303,100,101.559,-1.559,100.4,101.272,-0.872,100.8,102.247,-1.447,101.2,102.751,-1.551,100,101.528,101,102.005,35.86,15437070,67.911,0.001,0.124,0.012,0.223,0.011,-0.061
2026-07-06T06:00:00.000Z,50,51.584,45.23,42,43.074,41.396,99.4,100.828,-1.428,99.8,100.548,-0.748,100.2,101.184,-0.984,100.6,101.623,-1.023,100,101.402,-1.402,100.4,101.407,-1.007,100.8,102.338,-1.538,101.2,102.211,-1.011,100,101.443,101,102.184,35.699,15467760,67.719,0.091,0.182,0.047,0.204,0.043,-0.092
2026-07-06T06:15:00.000Z,50,51.438,45.35,42,42.961,41.993,99.4,100.427,-1.027,99.8,101.109,-1.309,100.2,101.399,-1.199,100.6,101.916,-1.316,100,100.831,-0.831,100.4,101.728,-1.328,100.8,101.792,-0.992,101.2,102.378,-1.178,100,101.448,101,102.525,35.508,15498450,67.679,0.135,0.29,0.081,0.181,0.074,-0.122
2026-07-06T06:30:00.000Z,50,51.372,45.526,42,43.007,42.433,99.4,100.929,-1.529,99.8,101.174,-1.374,100.2,100.953,-0.753,100.6,101.665,-1.065,100,101.374,-1.374,100.4,101.347,-0.947,100.8,101.925,-1.125,101.2,102.074,-0.874,100,101.43,101,102.174,35.773,15529140,68.158,0.206,0.299,0.114,0.213,0.105,-0.151
2026-07-06T06:45:00.000Z,50,51.505,45.937,42,42.749,41.836,99.4,100.547,-1.147,99.8,100.623,-0.823,100.2,101.395,-1.195,100.6,101.712,-1.112,100,101.455,-1.455,100.4,101.577,-1.177,100.8,101.908,-1.108,101.2,102.637,-1.437,100,101.482,101,102.244,35.479,15559830,68.569,0.273,0.457,0.145,0.178,0.135,-0.178
2026-07-06T07:00:00.000Z,50,51.427,46.393,42,43.135,42.512,99.4,100.684,-1.284,99.8,101.384,-1.584,100.2,101.669,-1.469,100.6,101.762,-1.162,100,101.34,-1.34,100.4,101.521,-1.121,100.8,101.873,-1.073,101.2,102.216,-1.016,100,101.556,101,102.525,35.934,15590520,69.361,0.376,0.369,0.173,0.232,0.163,-0.203
2026-07-06T07:15:00.000Z,50,51.309,45.802,42,43.113,43.155,99.4,100.896,-1.496,99.8,101.266,-1.466,100.2,101.099,-0.899,100.6,101.763,-1.163,100,101.422,-1.422,100.4,102.157,-1.757,100.8,102.491,-1.691,101.2,102.536,-1.336,100,101.704,101,102.519,35.947,15621210,69.599,0.509,0.469,0.2,0.234,0.19,-0.226
2026-07-06T07:30:00.000Z,50,51.553,46.444,42,42.854,42.673,99.4,101.042,-1.642,99.8,101.186,-1.386,100.2,101.351,-1.151,100.6,102.035,-1.435,100,101.108,-1.108,100.4,102.06,-1.66,100.8,102.468,-1.668,101.2,102.997,-1.797,100,101.781,101,102.441,35.906,15651900,69.843,0.521,0.483,0.222,0.229,0.214,-0.247
2026-07-06T07:45:00.000Z,50,51.229,47.135,42,43.003,43.548,99.4,101.21,-1.81,99.8,101.713,-1.913,100.2,101.543,-1.343,100.6,101.962,-1.362,100,101.685,-1.685,100.4,101.913,-1.513,100.8,102.37,-1.57,101.2,103.125,-1.925,100,101.94,101,102.237,35.835,15682590,71.086,0.431,0.327,0.242,0.22,0.237,-0.265
2026-07-06T08:00:00.000Z,50,50.984,48.2,42,42.889,44.354,99.4,85.803,13.597,99.8,101.333,-1.533,100.2,101.606,-1.406,100.6,102.321,-1.721,100,101.331,-1.331,100.4,102.31,-1.91,100.8,101.922,-1.122,101.2,103.06,-1.86,100,99.961,101,102.222,36.237,15713280,72.355,0.374,0.399,0.258,0.268,0.257,-0.28
2026-07-06T08:15:00.000Z,50,51.487,48.978,42,42.544,44.201,99.4,85.246,14.154,99.8,85.96,13.84,100.2,85.747,14.453,100.6,85.433,15.167,100,84.64,15.36,100.4,85.123,15.277,100.8,84.446,16.354,101.2,84.788,16.412,100,85.173,101,101.795,36.024,15743970,72.538,0.431,0.334,0.269,0.243,0.275,-0.292
2026-07-06T08:30:00.000Z,50,50.806,48.99,42,42.842,44.695,99.4,101.163,-1.763,99.8,101.638,-1.838,100.2,102.241,-2.041,100.6,101.918,-1.318,100,101.54,-1.54,100.4,102.27,-1.87,100.8,85.205,15.595,101.2,85.029,16.171,100,97.626,101,102.047,36.303,15774660,73.822,0.415,0.3,0.277,0.276,0.29,-0.302
2026-07-06T08:45:00.000Z,50,51.1,49.163,42,42.837,45.252,99.4,101.327,-1.927,99.8,101.472,-1.672,100.2,101.526,-1.326,100.6,102.059,-1.459,100,101.552,-1.552,100.4,102.244,-1.844,100.8,102.72,-1.92,101.2,103.248,-2.048,100,102.019,101,101.887,36.128,15805350,74.787,0.356,0.193,0.28,0.255,0.302,-0.307
2026-07-06T09:00:00.000Z,50,51.101,50.014,42,42.524,45.592,99.4,101.182,-1.782,99.8,101.938,-2.138,100.2,102.161,-1.961,100.6,102.56,-1.96,100,101.401,-1.401,100.4,101.841,-1.441,100.8,102.582,-1.782,101.2,102.524,-1.324,100,102.024,101,101.743,36.212,15836040,75.457,0.156,0.104,0.279,0.265,0.311,-0.31
2026-07-06T09:15:00.000Z,50,50.748,49.957,42,42.496,46.094,99.4,101.507,-2.107,99.8,101.27,-1.47,100.2,102.199,-1.999,100.6,102.247,-1.647,100,101.92,-1.92,100.4,102.276,-1.876,100.8,102.827,-2.027,101.2,103.134,-1.934,100,102.173,101,101.577,36.19,15866730,74.771,0.187,0.042,0.273,0.263,0.317,-0.309
2026-07-06T09:30:00.000Z,50,50.562,50.191,42,42.753,46.307,99.4,100.994,-1.594,99.8,101.408,-1.608,100.2,102.082,-1.882,100.6,102.584,-1.984,100,101.533,-1.533,100.4,102.005,-1.605,100.8,102.337,-1.537,101.2,103.018,-1.818,100,101.995,101,101.956,36.104,15897420,75.649,0.087,-0.006,0.263,0.252,0.32,-0.305
2026-07-06T09:45:00.000Z,50,50.786,50.37,42,42.385,46.137,99.4,100.724,-1.324,99.8,101.819,-2.019,100.2,102.291,-2.091,100.6,102.243,-1.643,100,102.003,-2.003,100.4,102.24,-1.84,100.8,102.381,-1.581,101.2,103.291,-2.091,100,102.124,101,101.57,36.19,15928110,76.51,-0.04,-0.141,0.249,0.263,0.319,-0.298
2026-07-06T10:00:00.000Z,50,50.797,51.552,42,42.182,46.037,99.4,100.922,-1.522,99.8,101.428,-1.628,100.2,101.831,-1.631,100.6,101.986,-1.386,100,101.391,-1.391,100.4,101.971,-1.571,100.8,102.381,-1.581,101.2,103.027,-1.827,100,101.867,101,101.62,36.183,15958800,75.601,-0.216,-0.187,0.232,0.262,0.316,-0.287
2026-07-06T10:15:00.000Z,50,50.477,50.529,42,42.683,46.404,99.4,101.141,-1.741,99.8,101.573,-1.773,100.2,101.943,-1.743,100.6,102.303,-1.703,100,101.859,-1.859,100.4,101.992,-1.592,100.8,102.416,-1.616,101.2,102.836,-1.636,100,102.008,101,101.556,35.654,15989490,75.604,-0.263,-0.256,0.21,0.198,0.309,-0.274
2026-07-06T10:30:00.000Z,50,50.309,50.529,42,42.534,46.084,99.4,100.526,-1.126,99.8,100.84,-1.04,100.2,101.25,-1.05,100.6,102.188,-1.588,100,101.235,-1.235,100.4,101.837,-1.437,100.8,102.187,-1.387,101.2,102.125,-0.925,100,101.524,101,101.083,35.738,16020180,76.173,-0.313,-0.344,0.185,0.209,0.299,-0.257
2026-07-06T10:45:00.000Z,50,50.52,50.748,42,42.207,45.415,99.4,100.432,-1.032,99.8,100.893,-1.093,100.2,101.311,-1.111,100.6,101.612,-1.012,100,101.543,-1.543,100.4,101.255,-0.855,100.8,101.841,-1.041,101.2,102.187,-0.987,100,101.384,101,101.358,35.328,16050870,75.03,-0.357,-0.361,0.158,0.159,0.286,-0.238
2026-07-06T11:00:00.000Z,50,50.592,49.755,42,42.011,45.215,99.4,100.284,-0.884,99.8,100.368,-0.568,100.2,101.099,-0.899,100.6,101.406,-0.806,100,100.805,-0.805,100.4,100.959,-0.559,100.8,101.722,-0.922,101.2,101.867,-0.667,100,101.064,101,101.176,35.046,16081560,75.231,-0.476,-0.414,0.128,0.126,0.27,-0.216
2026-07-06T11:15:00.000Z,50,50.08,50.008,42,42.406,45.663,99.4,100.324,-0.924,99.8,100.352,-0.552,100.2,100.568,-0.368,100.6,101.766,-1.166,100,101.148,-1.148,100.4,100.83,-0.43,100.8,101.459,-0.659,101.2,102.026,-0.826,100,101.059,101,101.233,35.035,16112250,74.729,-0.468,-0.432,0.096,0.124,0.252,-0.192
2026-07-06T11:30:00.000Z,50,50.079,48.671,42,42.057,45.239,99.4,99.898,-0.498,99.8,100.544,-0.744,100.2,100.349,-0.149,100.6,101.278,-0.678,100,100.633,-0.633,100.4,100.997,-0.597,100.8,101.173,-0.373,101.2,101.314,-0.114,100,100.773,101,100.782,34.522,16142940,73.551,-0.413,-0.44,0.062,0.063,0.231,-0.166
2026-07-06T11:45:00.000Z,50,49.982,48.327,42,42.091,44.143,99.4,99.945,-0.545,99.8,100.32,-0.52,100.2,100.802,-0.602,100.6,101.133,-0.533,100,100.22,-0.22,100.4,100.828,-0.428,100.8,100.673,0.127,101.2,101.553,-0.353,100,100.684,101,101.105,34.131,16173630,72.306,-0.505,-0.42,0.028,0.016,0.208,-0.138
2026-07-06T12:00:00.000Z,50,50.219,48.458,42,41.938,44.491,99.4,99.741,-0.341,99.8,99.843,-0.043,100.2,99.784,0.416,100.6,100.416,0.184,100,100.312,-0.312,100.4,100.655,-0.255,100.8,101.049,-0.249,101.2,101.162,0.038,100,100.37,101,100.763,34.129,16204320,71.742,-0.403,-0.361,-0.007,0.015,0.183,-0.108
2026-07-06T12:15:00.000Z,50,50.238,47.543,42,41.683,43.463,99.4,99.085,0.315,99.8,99.402,0.398,100.2,99.512,0.688,100.6,100.537,0.063,100,99.604,0.396,100.4,100.246,0.154,100.8,100.813,-0.013,101.2,101.127,0.073,100,100.041,101,100.41,33.772,16235010,70.584,-0.377,-0.419,-0.042,-0.027,0.155,-0.078
2026-07-06T12:30:00.000Z,50,49.703,47.216,42,42.066,43.553,99.4,99.23,0.17,99.8,98.974,0.826,100.2,99.291,0.909,100.6,99.931,0.669,100,99.724,0.276,100.4,100.252,0.148,100.8,100.382,0.418,101.2,100.967,0.233,100,99.844,101,100.572,33.504,16265700,70.931,-0.285,-0.378,-0.076,-0.06,0.127,-0.046
2026-07-06T12:45:00.000Z,50,49.422,46.62,42,41.601,43.126,99.4,98.582,0.818,99.8,99.079,0.721,100.2,99.603,0.597,100.6,100.136,0.464,100,99.689,0.311,100.4,99.982,0.418,100.8,99.678,1.122,101.2,100.641,0.559,100,99.674,101,100.409,33.224,16296390,69.283,-0.278,-0.305,-0.109,-0.093,0.097,-0.015
2026-07-06T13:00:00.000Z,50,49.873,45.896,42,41.676,42.521,99.4,98.622,0.778,99.8,99.026,0.774,100.2,99.653,0.547,100.6,99.624,0.976,100,99.183,0.817,100.4,99.563,0.837,100.8,99.752,1.048,101.2,100.439,0.761,100,99.483,101,100.317,32.882,16327080,69.37,-0.236,-0.248,-0.141,-0.134,0.066,0.018
2026-07-06T13:15:00.000Z,50,49.404,45.827,42,41.837,42.143,99.4,98.207,1.193,99.8,98.816,0.984,100.2,99.48,0.72,100.6,99.082,1.518,100,98.393,1.607,100.4,99.644,0.756,100.8,99.835,0.965,101.2,100.117,1.083,100,99.197,101,100.369,32.382,16357770,68.938,-0.048,-0.085,-0.17,-0.194,0.034,0.049
2026-07-06T13:30:00.000Z,50,49.226,45.085,42,41.616,41.552,99.4,97.657,1.743,99.8,98.303,1.497,100.2,98.947,1.253,100.6,98.886,1.714,100,98.863,1.137,100.4,98.652,1.748,100.8,99.528,1.272,101.2,100.113,1.087,100,98.869,101,100.288,32.56,16388460,67.89,-0.043,-0.057,-0.196,-0.173,0.002,0.081
2026-07-06T13:45:00.000Z,50,49.431,45.372,42,41.604,42.326,99.4,98.148,1.252,99.8,98.482,1.318,100.2,98.441,1.759,100.6,98.876,1.724,100,98.858,1.142,100.4,98.663,1.737,100.8,98.922,1.878,101.2,99.614,1.586,100,98.751,101,99.93,32.074,16419150,68.594,0.066,0.113,-0.22,-0.231,-0.03,0.111
2026-07-06T14:00:00.000Z,50,49.546,45.422,42,41.326,41.73,99.4,98.081,1.319,99.8,98.141,1.659,100.2,98.831,1.369,100.6,98.662,1.938,100,98.817,1.183,100.4,98.695,1.705,100.8,99.317,1.483,101.2,99.225,1.975,100,98.721,101,99.865,31.8,16449840,68.414,0.243,0.11,-0.24,-0.264,-0.061,0.141
2026-07-06T14:15:00.000Z,50,49.099,45.619,42,41.296,42.221,99.4,97.758,1.642,99.8,97.684,2.116,100.2,98.475,1.725,100.6,98.719,1.881,100,98.515,1.485,100.4,98.499,1.901,100.8,99.35,1.45,101.2,99.603,1.597,100,98.575,101,99.901,32.051,16480530,68.06,0.321,0.271,-0.256,-0.234,-0.092,0.168
2026-07-06T14:30:00.000Z,50,49.066,44.631,42,41.426,42.052,99.4,98.102,1.298,99.8,98.454,1.346,100.2,98.247,1.953,100.6,98.648,1.952,100,98.633,1.367,100.4,98.491,1.909,100.8,99.097,1.703,101.2,99.109,2.091,100,98.598,101,100.168,31.908,16511220,68.743,0.388,0.199,-0.268,-0.251,-0.123,0.194
2026-07-06T14:45:00.000Z,50,48.852,45.186,42,41.399,42.155,99.4,97.498,1.902,99.8,98.383,1.417,100.2,98.858,1.342,100.6,98.532,2.068,100,98.571,1.429,100.4,98.829,1.571,100.8,99.346,1.454,101.2,99.005,2.195,100,98.628,101,99.609,31.92,16541910,68.768,0.377,0.38,-0.276,-0.25,-0.151,0.218
2026-07-06T15:00:00.000Z,50,48.887,45.78,42,41.493,42.901,99.4,98.041,1.359,99.8,97.962,1.838,100.2,98.812,1.388,100.6,98.868,1.732,100,98.204,1.796,100.4,99.075,1.325,100.8,99.409,1.391,101.2,99.453,1.747,100,98.728,101,99.514,31.512,16572600,69.095,0.36,0.365,-0.28,-0.299,-0.179,0.24
2026-07-06T15:15:00.000Z,50,48.771,46.826,42,41.416,43.029,99.4,97.277,2.123,99.8,98.231,1.569,100.2,98.858,1.342,100.6,98.773,1.827,100,98.039,1.961,100.4,98.318,2.082,100.8,98.704,2.096,101.2,99.49,1.71,100,98.461,101,99.49,31.924,16603290,69.438,0.377,0.391,-0.279,-0.249,-0.204,0.259
2026-07-06T15:30:00.000Z,50,49.07,46.956,42,41.305,43.438,99.4,97.739,1.661,99.8,98.075,1.725,100.2,98.526,1.674,100.6,99.094,1.506,100,97.879,2.121,100.4,98.684,1.716,100.8,98.708,2.092,101.2,99.753,1.447,100,98.557,101,99.378,31.838,16633980,70.349,0.511,0.416,-0.274,-0.259,-0.228,0.275
2026-07-06T15:45:00.000Z,50,48.921,46.929,42,41.117,43.272,99.4,97.684,1.716,99.8,98.495,1.305,100.2,98.631,1.569,100.6,98.756,1.844,100,98.312,1.688,100.4,98.715,1.685,100.8,99.356,1.444,101.2,99.913,1.287,100,98.733,101,99.519,31.85,16664670,71.062,0.382,0.453,-0.265,-0.258,-0.249,0.288
2026-07-06T16:00:00.000Z,50,49.073,48.3,42,41.228,43.742,99.4,97.765,1.635,99.8,97.864,1.936,100.2,98.97,1.23,100.6,99.352,1.248,100,98.363,1.637,100.4,99.068,1.332,100.8,99.646,1.154,101.2,99.436,1.764,100,98.808,101,99.646,31.844,16695360,71.721,0.381,0.434,-0.251,-0.259,-0.268,0.299
2026-07-06T16:15:00.000Z,50,49.079,48.964,42,40.905,44.095,99.4,98.129,1.271,99.8,98.243,1.557,100.2,98.332,1.868,100.6,99.136,1.464,100,98.139,1.861,100.4,99.203,1.197,100.8,99.74,1.06,101.2,99.998,1.202,100,98.865,101,99.585,31.822,16726050,73.133,0.429,0.315,-0.234,-0.261,-0.284,0.306
2026-07-06T16:30:00.000Z,50,48.76,48.931,42,41.267,44.398,99.4,97.66,1.74,99.8,98.202,1.598,100.2,99.012,1.188,100.6,99.604,0.996,100,98.36,1.64,100.4,99.37,1.03,100.8,99.837,0.963,101.2,99.775,1.425,100,98.978,101,99.699,31.914,16756740,73.015,0.265,0.369,-0.213,-0.25,-0.297,0.309
2026-07-06T16:45:00.000Z,50,48.808,50.028,42,41.289,44.998,99.4,97.694,1.706,99.8,98.055,1.745,100.2,99.018,1.182,100.6,99.208,1.392,100,98.412,1.588,100.4,99.412,0.988,100.8,99.542,1.258,101.2,100.156,1.044,100,98.937,101,99.221,32.156,16787430,74.091,0.172,0.301,-0.189,-0.221,-0.308,0.31
2026-07-06T17:00:00.000Z,50,48.727,49.607,42,41.246,45.36,99.4,97.775,1.625,99.8,98.183,1.617,100.2,99.312,0.888,100.6,99.52,1.08,100,98.835,1.165,100.4,99.505,0.895,100.8,99.259,1.541,101.2,100.406,0.794,100,99.099,101,99.399,32.266,16818120,74.584,0.147,0.261,-0.162,-0.208,-0.315,0.307
2026-07-06T17:15:00.000Z,50,48.877,50.478,42,41.404,45.603,99.4,98.41,0.99,99.8,98.483,1.317,100.2,99.055,1.145,100.6,99.79,0.81,100,99.069,0.931,100.4,99.459,0.941,100.8,99.702,1.098,101.2,100.407,0.793,100,99.297,101,99.389,32.315,16848810,75.933,0.03,0.232,-0.132,-0.202,-0.319,0.301
2026-07-06T17:30:00.000Z,50,48.826,51.055,42,40.911,46.018,99.4,97.876,1.524,99.8,98.636,1.164,100.2,98.731,1.469,100.6,99.229,1.371,100,98.963,1.037,100.4,99.314,1.086,100.8,100.041,0.759,101.2,99.872,1.328,100,99.083,101,99.17,32.367,16879500,76.207,-0.051,0.099,-0.1,-0.196,-0.32,0.291
2026-07-06T17:45:00.000Z,50,48.881,51.123,42,40.874,45.743,99.4,98.102,1.298,99.8,98.91,0.89,100.2,99.526,0.674,100.6,99.546,1.054,100,99.167,0.833,100.4,99.598,0.802,100.8,99.346,1.454,101.2,100.451,0.749,100,99.331,101,99.526,32.402,16910190,76.283,-0.145,0.02,-0.067,-0.192,-0.318,0.279
2026-07-06T18:00:00.000Z,50,48.366,51.246,42,41.077,45.985,99.4,98.516,0.884,99.8,98.951,0.849,100.2,98.831,1.369,100.6,99.626,0.974,100,99.143,0.857,100.4,99.691,0.709,100.8,99.607,1.193,101.2,99.656,1.544,100,99.253,101,99.391,32.16,16940880,76.407,-0.191,-0.021,-0.032,-0.221,-0.312,0.264
2026-07-06T18:15:00.000Z,50,48.645,50.497,42,40.851,46.29,99.4,98.572,0.828,99.8,99.003,0.797,100.2,98.836,1.364,100.6,99.283,1.317,100,98.945,1.055,100.4,99.509,0.891,100.8,99.726,1.074,101.2,100.219,0.981,100,99.262,101,99.474,32.537,16971570,76.217,-0.207,-0.122,0.003,-0.176,-0.304,0.245
2026-07-06T18:30:00.000Z,50,48.426,50.281,42,41.12,45.903,99.4,98.119,1.281,99.8,98.67,1.13,100.2,99.381,0.819,100.6,99.476,1.124,100,98.778,1.222,100.4,99.314,1.086,100.8,99.268,1.532,101.2,100.303,0.897,100,99.164,101,99.198,32.145,17002260,75.33,-0.264,-0.233,0.038,-0.223,-0.292,0.224
2026-07-06T18:45:00.000Z,50,48.638,50.429,42,41.046,46.04,99.4,97.842,1.558,99.8,98.201,1.599,100.2,99.01,1.19,100.6,99.605,0.995,100,98.608,1.392,100.4,98.844,1.556,100.8,99.365,1.435,101.2,100.045,1.155,100,98.94,101,99.482,32.281,17032950,74.867,-0.404,-0.198,0.072,-0.206,-0.277,0.201
2026-07-06T19:00:00.000Z,50,48.4,50.378,42,41.325,45.356,99.4,98.2,1.2,99.8,98.631,1.169,100.2,99.257,0.943,100.6,99.101,1.499,100,98.466,1.534,100.4,99.112,1.288,100.8,99.468,1.332,101.2,99.824,1.376,100,99.007,101,99.467,32.017,17063640,74.236,-0.415,-0.342,0.105,-0.238,-0.26,0.176
2026-07-06T19:15:00.000Z,50,48.912,49.224,42,41.238,45.47,99.4,98.162,1.238,99.8,98.745,1.055,100.2,98.502,1.698,100.6,99.631,0.969,100,98.679,1.321,100.4,98.771,1.629,100.8,99.168,1.632,101.2,99.852,1.348,100,98.939,101,99.269,32.185,17094330,73.92,-0.449,-0.287,0.137,-0.218,-0.24,0.148
2026-07-06T19:30:00.000Z,50,48.996,49.483,42,40.923,45.144,99.4,97.983,1.417,99.8,98.317,1.483,100.2,99.14,1.06,100.6,99.247,1.353,100,98.658,1.342,100.4,98.72,1.68,100.8,99.833,0.967,101.2,100.068,1.132,100,98.996,101,99.599,32.196,17125020,73.164,-0.453,-0.356,0.166,-0.216,-0.218,0.119
2026-07-06T19:45:00.000Z,50,48.579,49.023,42,41.013,44.604,99.4,97.728,1.672,99.8,98.296,1.504,100.2,98.485,1.715,100.6,99.378,1.222,100,98.913,1.087,100.4,98.901,1.499,100.8,99.531,1.269,101.2,99.453,1.747,100,98.836,101,99.222,32.129,17155710,72.196,-0.475,-0.385,0.193,-0.224,-0.193,0.089
2026-07-06T20:00:00.000Z,50,48.752,48.415,42,40.933,44.113,99.4,97.58,1.82,99.8,98.619,1.181,100.2,98.812,1.388,100.6,99.266,1.334,100,98.582,1.418,100.4,98.995,1.405,100.8,99.297,1.503,101.2,99.538,1.662,100,98.836,101,99.571,32.083,17186400,71.926,-0.342,-0.354,0.217,-0.23,-0.167,0.058
2026-07-06T20:15:00.000Z,50,48.949,47.522,42,41.237,43.636,99.4,97.496,1.904,99.8,98.575,1.225,100.2,98.352,1.848,100.6,98.636,1.964,100,97.987,2.013,100.4,98.889,1.511,100.8,99.414,1.386,101.2,99.835,1.365,100,98.648,101,99.731,31.881,17217090,71.336,-0.425,-0.393,0.237,-0.254,-0.139,0.026
2026-07-06T20:30:00.000Z,50,48.835,47.367,42,41.473,42.909,99.4,97.908,1.492,99.8,98.45,1.35,100.2,98.952,1.248,100.6,99.089,1.511,100,98.394,1.606,100.4,98.66,1.74,100.8,99.227,1.573,101.2,99.162,2.038,100,98.73,101,99.58,31.556,17247780,70.112,-0.309,-0.398,0.254,-0.293,-0.109,-0.006
2026-07-06T20:45:00.000Z,50,48.865,46.133,42,41.144,42.335,99.4,97.784,1.616,99.8,97.872,1.928,100.2,98.409,1.791,100.6,98.585,2.015,100,97.883,2.117,100.4,98.767,1.633,100.8,99.317,1.483,101.2,99.076,2.124,100,98.462,101,99.898,31.779,17278470,70.374,-0.164,-0.393,0.267,-0.266,-0.079,-0.038
2026-07-06T21:00:00.000Z,50,48.807,45.93,42,41.175,42.799,99.4,97.395,2.005,99.8,98.135,1.665,100.2,98.428,1.772,100.6,99.152,1.448,100,97.889,2.111,100.4,98.996,1.404,100.8,98.65,2.15,101.2,99.521,1.679,100,98.521,101,99.607,31.866,17309160,69.222,-0.138,-0.365,0.275,-0.256,-0.047,-0.069
2026-07-06T21:15:00.000Z,50,49.044,45.088,42,41.364,42.095,99.4,97.758,1.642,99.8,97.586,2.214,100.2,98.068,2.132,100.6,98.483,2.117,100,98.6,1.4,100.4,98.409,1.991,100.8,99.14,1.66,101.2,99.264,1.936,100,98.414,101,99.953,31.698,17339850,68.695,-0.007,-0.315,0.279,-0.276,-0.016,-0.1
2026-07-06T21:30:00.000Z,50,49.309,44.951,42,41.564,41.816,99.4,97.453,1.947,99.8,98.268,1.532,100.2,98.787,1.413,100.6,99.307,1.293,100,98.375,1.625,100.4,98.456,1.944,100.8,99.493,1.307,101.2,99.547,1.653,100,98.711,101,99.686,32.043,17370540,68.943,0.064,-0.237,0.279,-0.235,0.016,-0.13
2026-07-06T21:45:00.000Z,50,49.408,44.876,42,41.656,41.401,99.4,97.659,1.741,99.8,98.221,1.579,100.2,98.544,1.656,100.6,99.026,1.574,100,98.745,1.255,100.4,98.381,2.019,100.8,99.426,1.374,101.2,99.888,1.312,100,98.736,101,99.778,31.794,17401230,67.43,0.092,-0.178,0.275,-0.265,0.048,-0.158
2026-07-06T22:00:00.000Z,50,49.159,45.469,42,41.56,41.754,99.4,97.444,1.956,99.8,98.266,1.534,100.2,98.858,1.342,100.6,99.188,1.412,100,98.619,1.381,100.4,98.544,1.856,100.8,99.622,1.178,101.2,99.5,1.7,100,98.755,101,99.75,31.844,17431920,67.302,0.236,0.019,0.266,-0.259,0.08,-0.185
2026-07-06T22:15:00.000Z,50,49.635,45.352,42,41.56,42.096,99.4,97.496,1.904,99.8,98.097,1.703,100.2,98.349,1.851,100.6,98.818,1.782,100,98.262,1.738,100.4,99.004,1.396,100.8,99.296,1.504,101.2,99.613,1.587,100,98.617,101,100.05,32.148,17462610,68.671,0.366,0.037,0.253,-0.222,0.11,-0.21
2026-07-06T22:30:00.000Z,50,49.792,45.51,42,41.588,41.556,99.4,97.726,1.674,99.8,98.61,1.19,100.2,99.238,0.962,100.6,99.646,0.954,100,98.935,1.065,100.4,98.691,1.709,100.8,99.663,1.137,101.2,99.423,1.777,100,98.992,101,100.115,32.181,17493300,67.727,0.412,0.064,0.237,-0.218,0.14,-0.232
2026-07-06T22:45:00.000Z,50,49.474,45.226,42,41.601,42.635,99.4,98.159,1.241,99.8,98.615,1.185,100.2,98.692,1.508,100.6,99.511,1.089,100,98.956,1.044,100.4,98.943,1.457,100.8,99.209,1.591,101.2,100.052,1.148,100,99.017,101,100.057,32.385,17523990,68.595,0.453,0.225,0.216,-0.194,0.168,-0.252
2026-07-06T23:00:00.000Z,50,49.298,45.897,42,41.875,42.859,99.4,98.18,1.22,99.8,98.797,1.003,100.2,99.598,0.602,100.6,99.752,0.848,100,99.345,0.655,100.4,99.554,0.846,100.8,99.737,1.063,101.2,100.463,0.737,100,99.428,101,100.139,32.812,17554680,68.645,0.361,0.297,0.192,-0.143,0.194,-0.269
2026-07-06T23:15:00.000Z,50,50.041,46.125,42,41.888,42.52,99.4,98.211,1.189,99.8,98.644,1.156,100.2,99.878,0.322,100.6,99.486,1.114,100,99.367,0.633,100.4,99.335,1.065,100.8,99.716,1.084,101.2,100.159,1.041,100,99.35,101,100.366,33.129,17585370,70.142,0.422,0.243,0.165,-0.105,0.218,-0.284
2026-07-06T23:30:00.000Z,50,49.922,47.237,42,41.693,43.153,99.4,99.312,0.088,99.8,98.906,0.894,100.2,99.581,0.619,100.6,100.171,0.429,100,99.638,0.362,100.4,100.249,0.151,100.8,100.155,0.645,101.2,100.533,0.667,100,99.818,101,100.737,33.339,17616060,70.516,0.504,0.33,0.136,-0.079,0.241,-0.295
2026-07-06T23:45:00.000Z,50,49.92,47.622,42,41.729,43.107,99.4,99.056,0.344,99.8,99.692,0.108,100.2,99.511,0.689,100.6,100.342,0.258,100,99.801,0.199,100.4,99.705,0.695,100.8,100.449,0.351,101.2,100.505,0.695,100,99.883,101,100.407,33.575,17646750,70.636,0.491,0.363,0.104,-0.051,0.261,-0.303
2026-07-07T00:00:00.000Z,50,49.914,48,42,41.825,43.845,99.4,99.348,0.052,99.8,99.711,0.089,100.2,100.604,-0.404,100.6,100.289,0.311,100,100.117,-0.117,100.4,100.029,0.371,100.8,100.651,0.149,101.2,101.455,-0.255,100,100.276,101,100.938,33.779,17677440,72.369,0.322,0.429,0.071,-0.027,0.278,-0.308
2026-07-07T00:15:00.000Z,50,50.343,49.095,42,41.923,44.757,99.4,99.709,-0.309,99.8,100.126,-0.326,100.2,100.597,-0.397,100.6,100.539,0.061,100,100.069,-0.069,100.4,100.393,0.007,100.8,101.314,-0.514,101.2,101.512,-0.312,100,100.532,101,101.045,34.481,17708130,72.318,0.344,0.461,0.037,0.058,0.292,-0.31
2026-07-07T00:30:00.000Z,50,50.212,49.239,42,42.259,44.877,99.4,99.755,-0.355,99.8,100.428,-0.628,100.2,100.464,-0.264,100.6,101.18,-0.58,100,100.318,-0.318,100.4,100.631,-0.231,100.8,101.418,-0.618,101.2,102.085,-0.885,100,100.785,101,100.936,34.409,17738820,73.423,0.332,0.338,0.002,0.049,0.304,-0.308
2026-07-07T00:45:00.000Z,50,50.435,49.854,42,42.285,45.22,99.4,100.121,-0.721,99.8,100.357,-0.557,100.2,100.758,-0.558,100.6,101.547,-0.947,100,100.86,-0.86,100.4,101.231,-0.831,100.8,101.609,-0.809,101.2,102.23,-1.03,100,101.089,101,100.876,34.794,17769510,74.224,0.206,0.398,-0.033,0.095,0.312,-0.303
2026-07-07T01:00:00.000Z,50,50.608,49.957,42,42.367,46.01,99.4,99.983,-0.583,99.8,100.765,-0.965,100.2,101.446,-1.246,100.6,101.772,-1.172,100,100.517,-0.517,100.4,101.628,-1.228,100.8,101.777,-0.977,101.2,101.938,-0.738,100,101.228,101,101.124,35.273,17800200,75.145,0.07,0.324,-0.067,0.153,0.318,-0.295
2026-07-07T01:15:00.000Z,50,50.375,50.955,42,42.162,45.923,99.4,100.169,-0.769,99.8,100.832,-1.032,100.2,101.227,-1.027,100.6,101.947,-1.347,100,101.502,-1.502,100.4,101.765,-1.365,100.8,102.165,-1.365,101.2,102.456,-1.256,100,101.508,101,101.479,35.576,17830890,74.884,-0.007,0.358,-0.101,0.189,0.32,-0.284
2026-07-07T01:30:00.000Z,50,50.657,51.274,42,42.632,46.032,99.4,100.344,-0.944,99.8,100.837,-1.037,100.2,101.326,-1.126,100.6,101.592,-0.992,100,101.703,-1.703,100.4,102.166,-1.766,100.8,102.503,-1.703,101.2,102.5,-1.3,100,101.621,101,101.14,35.75,17861580,75.817,-0.139,0.286,-0.133,0.21,0.319,-0.27
2026-07-07T01:45:00.000Z,50,50.766,51.204,42,42.408,46.035,99.4,100.832,-1.432,99.8,101.623,-1.823,100.2,101.465,-1.265,100.6,102.499,-1.899,100,101.757,-1.757,100.4,101.912,-1.512,100.8,102.66,-1.86,101.2,102.826,-1.626,100,101.947,101,101.498,35.825,17892270,75.824,-0.097,0.25,-0.162,0.219,0.315,-0.252
2026-07-07T02:00:00.000Z,50,50.937,50.868,42,42.247,46.322,99.4,100.627,-1.227,99.8,101.303,-1.503,100.2,101.477,-1.277,100.6,102.3,-1.7,100,101.614,-1.614,100.4,102.406,-2.006,100.8,101.956,-1.156,101.2,102.969,-1.769,100,101.832,101,101.797,35.809,17922960,76.155,-0.216,0.138,-0.189,0.217,0.307,-0.232
2026-07-07T02:15:00.000Z,50,50.751,50.531,42,42.454,46.578,99.4,100.746,-1.346,99.8,101.426,-1.626,100.2,101.86,-1.66,100.6,102.256,-1.656,100,101.331,-1.331,100.4,102.386,-1.986,100.8,102.155,-1.355,101.2,102.962,-1.762,100,101.89,101,101.409,36.139,17953650,76.292,-0.264,0.021,-0.214,0.257,0.297,-0.21
2026-07-07T02:30:00.000Z,50,51.01,50.361,42,42.671,45.566,99.4,101.389,-1.989,99.8,101.583,-1.783,100.2,102.371,-2.171,100.6,102.27,-1.67,100,101.817,-1.817,100.4,102.332,-1.932,100.8,102.537,-1.737,101.2,102.676,-1.476,100,102.122,101,101.698,36.048,17984340,76.294,-0.338,-0.123,-0.235,0.246,0.284,-0.185
2026-07-07T02:45:00.000Z,50,51.212,49.942,42,42.337,45.978,99.4,101.234,-1.834,99.8,101.279,-1.479,100.2,101.931,-1.731,100.6,101.948,-1.348,100,101.83,-1.83,100.4,102.412,-2.012,100.8,102.829,-2.029,101.2,103.298,-2.098,100,102.095,101,101.708,36.28,18015030,75.118,-0.419,-0.137,-0.252,0.274,0.268,-0.159
2026-07-07T03:00:00.000Z,50,51.101,50.085,42,42.338,45.851,99.4,101.037,-1.637,99.8,101.373,-1.573,100.2,101.783,-1.583,100.6,102.176,-1.576,100,102.084,-2.084,100.4,102.612,-2.212,100.8,102.613,-1.813,101.2,103.217,-2.017,100,102.112,101,101.599,36.411,18045720,74.325,-0.508,-0.221,-0.265,0.289,0.249,-0.13
2026-07-07T03:15:00.000Z,50,51.033,50.075,42,42.613,45.124,99.4,101.211,-1.811,99.8,101.905,-2.105,100.2,102.129,-1.929,100.6,101.992,-1.392,100,101.834,-1.834,100.4,102.405,-2.005,100.8,102.739,-1.939,101.2,103.078,-1.878,100,102.162,101,101.712,36.164,18076410,73.715,-0.495,-0.21,-0.274,0.26,0.227,-0.1
2026-07-07T03:30:00.000Z,50,50.769,49.492,42,42.715,44.51,99.4,101.12,-1.72,99.8,101.755,-1.955,100.2,101.986,-1.786,100.6,102.245,-1.645,100,101.774,-1.774,100.4,101.844,-1.444,100.8,102.808,-2.008,101.2,102.527,-1.327,100,102.007,101,102.204,36.355,18107100,72.964,-0.395,-0.319,-0.279,0.283,0.204,-0.07
2026-07-07T03:45:00.000Z,50,51.178,49.054,42,42.845,44.064,99.4,100.763,-1.363,99.8,101.16,-1.36,100.2,102.034,-1.834,100.6,101.836,-1.236,100,101.712,-1.712,100.4,102.357,-1.957,100.8,102.554,-1.754,101.2,103.207,-2.007,100,101.953,101,102.267,36.109,18137790,73.048,-0.359,-0.382,-0.28,0.253,0.178,-0.038
2026-07-07T04:00:00.000Z,50,51.138,47.642,42,42.634,43.889,99.4,100.938,-1.538,99.8,101.566,-1.766,100.2,101.651,-1.451,100.6,102.123,-1.523,100,101.522,-1.522,100.4,102.004,-1.604,100.8,102.703,-1.903,101.2,103.001,-1.801,100,101.938,101,102.043,36.075,18168480,71.905,-0.399,-0.452,-0.276,0.249,0.151,-0.006
2026-07-07T04:15:00.000Z,50,51.233,47.845,42,43.04,43.863,99.4,101.046,-1.646,99.8,100.878,-1.078,100.2,101.254,-1.054,100.6,102.387,-1.787,100,101.205,-1.205,100.4,102.157,-1.757,100.8,102.722,-1.922,101.2,102.276,-1.076,100,101.741,101,102.205,35.826,18199170,71.401,-0.264,-0.467,-0.268,0.219,0.122,0.026
2026-07-07T04:30:00.000Z,50,51.569,47.274,42,42.797,43.019,99.4,100.614,-1.214,99.8,101.481,-1.681,100.2,101.238,-1.038,100.6,102.181,-1.581,100,101.671,-1.671,100.4,102.058,-1.658,100.8,102.245,-1.445,101.2,102.752,-1.552,100,101.78,101,102.032,36.11,18229860,71.045,-0.308,-0.341,-0.255,0.253,0.092,0.058
2026-07-07T04:45:00.000Z,50,51.175,45.95,42,42.869,42.501,99.4,100.608,-1.208,99.8,100.984,-1.184,100.2,101.215,-1.015,100.6,101.527,-0.927,100,101.201,-1.201,100.4,101.794,-1.394,100.8,102.504,-1.704,101.2,102.178,-0.978,100,101.501,101,102.199,35.772,18260550,69.42,-0.214,-0.367,-0.239,0.213,0.061,0.089
2026-07-07T05:00:00.000Z,50,51.633,45.748,42,42.612,42.737,99.4,100.941,-1.541,99.8,101.042,-1.242,100.2,101.19,-0.99,100.6,101.395,-0.795,100,100.854,-0.854,100.4,101.762,-1.362,100.8,102.287,-1.487,101.2,102.791,-1.591,100,101.533,101,102.545,35.624,18291240,68.975,-0.107,-0.435,-0.219,0.195,0.029,0.119
2026-07-07T05:15:00.000Z,50,51.235,45.561,42,43.155,42.592,99.4,100.635,-1.235,99.8,100.581,-0.781,100.2,101.556,-1.356,100.6,101.912,-1.312,100,101.212,-1.212,100.4,101.269,-0.869,100.8,102.076,-1.276,101.2,102.228,-1.028,100,101.434,101,102.071,35.879,18321930,68.765,0.008,-0.352,-0.196,0.226,-0.003,0.148
2026-07-07T05:30:00.000Z,50,51.18,45.194,42,42.808,41.788,99.4,100.239,-0.839,99.8,101.023,-1.223,100.2,101.028,-0.828,100.6,101.564,-0.964,100,100.904,-0.904,100.4,101.302,-0.902,100.8,101.787,-0.987,101.2,102.404,-1.204,100,101.281,101,102.422,35.595,18352620,67.815,0.16,-0.289,-0.169,0.191,-0.035,0.175
2026-07-07T05:45:00.000Z,50,51.526,44.913,42,42.879,42.165,99.4,100.2,-0.8,99.8,101.189,-1.389,100.2,101.028,-0.828,100.6,101.939,-1.339,100,101.329,-1.329,100.4,101.359,-0.959,100.8,101.692,-0.892,101.2,102.589,-1.389,100,101.416,101,102.416,35.645,18383310,67.819,0.13,-0.248,-0.14,0.197,-0.067,0.201
2026-07-07T06:00:00.000Z,50,51.691,44.597,42,42.834,42.035,99.4,100.927,-1.527,99.8,100.672,-0.872,100.2,101.147,-0.947,100.6,101.684,-1.084,100,100.964,-0.964,100.4,101.093,-0.693,100.8,101.862,-1.062,101.2,102.178,-0.978,100,101.316,101,102.142,35.408,18414000,67.889,0.28,-0.224,-0.109,0.169,-0.098,0.224
2026-07-07T06:15:00.000Z,50,51.476,45.501,42,43.009,41.938,99.4,100.678,-1.278,99.8,100.98,-1.18,100.2,101.082,-0.882,100.6,101.329,-0.729,100,101.408,-1.408,100.4,101.189,-0.789,100.8,102.333,-1.533,101.2,102.358,-1.158,100,101.42,101,102.487,35.452,18444690,68.014,0.353,-0.159,-0.076,0.174,-0.127,0.245
2026-07-07T06:30:00.000Z,50,51.137,44.7,42,43.136,41.918,99.4,100.848,-1.448,99.8,100.881,-1.081,100.2,101.006,-0.806,100.6,101.348,-0.748,100,100.833,-0.833,100.4,101.383,-0.983,100.8,102.364,-1.564,101.2,102.026,-0.826,100,101.336,101,102.192,35.522,18475380,68.574,0.41,0.018,-0.041,0.183,-0.156,0.263
2026-07-07T06:45:00.000Z,50,51.635,45.09,42,43.076,42.053,99.4,100.678,-1.278,99.8,101.171,-1.371,100.2,101.375,-1.175,100.6,101.997,-1.397,100,100.781,-0.781,100.4,101.932,-1.532,100.8,101.827,-1.027,101.2,102.471,-1.271,100,101.529,101,102.044,35.708,18506070,69.23,0.399,0.071,-0.007,0.205,-0.183,0.279
2026-07-07T07:00:00.000Z,50,51.402,46.421,42,42.944,42.407,99.4,100.458,-1.058,99.8,101.176,-1.376,100.2,101.833,-1.633,100.6,101.872,-1.272,100,101.316,-1.316,100.4,101.857,-1.457,100.8,101.692,-0.892,101.2,102.381,-1.181,100,101.573,101,102.113,35.773,18536760,68.948,0.514,0.11,0.028,0.213,-0.209,0.291
2026-07-07T07:15:00.000Z,50,51.095,46.932,42,43.146,42.872,99.4,101.073,-1.673,99.8,100.851,-1.051,100.2,101.564,-1.364,100.6,101.637,-1.037,100,101.281,-1.281,100.4,102.151,-1.751,100.8,102.429,-1.629,101.2,102.839,-1.639,100,101.728,101,102.267,35.808,18567450,70.464,0.436,0.209,0.063,0.217,-0.232,0.301
2026-07-07T07:30:00.000Z,50,51.46,46.641,42,43.034,42.805,99.4,101.088,-1.688,99.8,101.038,-1.238,100.2,101.225,-1.025,100.6,102.403,-1.803,100,101.11,-1.11,100.4,101.635,-1.235,100.8,102.596,-1.796,101.2,102.668,-1.468,100,101.72,101,102.483,35.99,18598140,70.499,0.454,0.251,0.096,0.239,-0.253,0.307
2026-07-07T07:45:00.000Z,50,50.959,47.7,42,42.741,43.739,99.4,100.627,-1.227,99.8,101.172,-1.372,100.2,101.313,-1.113,100.6,102.263,-1.663,100,101.551,-1.551,100.4,101.994,-1.594,100.8,102.19,-1.39,101.2,102.662,-1.462,100,101.721,101,102.224,36.036,18628830,71.322,0.453,0.248,0.128,0.244,-0.271,0.31
2026-07-07T08:00:00.000Z,50,51.189,47.911,42,42.691,44.403,99.4,100.913,-1.513,99.8,101.173,-1.373,100.2,102.148,-1.948,100.6,101.726,-1.126,100,101.265,-1.265,100.4,101.715,-1.315,100.8,102.167,-1.367,101.2,102.484,-1.284,100,101.699,101,102.256,36.002,18659520,72.435,0.385,0.439,0.159,0.24,-0.287,0.309
2026-07-07T08:15:00.000Z,50,51.366,48.457,42,42.891,44.02,99.4,100.862,-1.462,99.8,100.985,-1.185,100.2,102.095,-1.895,100.6,101.819,-1.219,100,101.766,-1.766,100.4,101.795,-1.395,100.8,102.373,-1.573,101.2,102.433,-1.233,100,101.766,101,102.248,36.213,18690210,72.263,0.247,0.448,0.186,0.266,-0.299,0.306
2026-07-07T08:30:00.000Z,50,50.947,49.263,42,42.579,44.951,99.4,100.772,-1.372,99.8,101.874,-2.074,100.2,102.143,-1.943,100.6,102.454,-1.854,100,101.998,-1.998,100.4,101.895,-1.495,100.8,102.051,-1.251,101.2,103.146,-1.946,100,102.042,101,101.762,36.42,18720900,73.946,0.156,0.341,0.211,0.29,-0.309,0.299
2026-07-07T08:45:00.000Z,50,51.344,49.22,42,42.876,45.284,99.4,100.83,-1.43,99.8,101.502,-1.702,100.2,101.796,-1.596,100.6,102.025,-1.425,100,102.074,-2.074,100.4,102.396,-1.996,100.8,102.325,-1.525,101.2,103.308,-2.108,100,102.032,101,101.891,36.341,18751590,74.08,0.112,0.431,0.232,0.281,-0.316,0.288
2026-07-07T09:00:00.000Z,50,51.24,50.283,42,42.59,45.588,99.4,100.988,-1.588,99.8,101.961,-2.161,100.2,102.334,-2.134,100.6,101.999,-1.399,100,102.184,-2.184,100.4,102.34,-1.94,100.8,102.121,-1.321,101.2,102.582,-1.382,100,102.064,101,101.862,36.353,18782280,75.157,-0.007,0.336,0.25,0.282,-0.319,0.275
2026-07-07T09:15:00.000Z,50,50.923,51.048,42,42.835,45.335,99.4,101.524,-2.124,99.8,101.594,-1.794,100.2,101.93,-1.73,100.6,102.758,-2.158,100,102.08,-2.08,100.4,101.753,-1.353,100.8,102.814,-2.014,101.2,102.768,-1.568,100,102.153,101,101.545,36.129,18812970,75.17,0.006,0.385,0.264,0.255,-0.32,0.259
2026-07-07T09:30:00.000Z,50,50.623,50.958,42,42.827,46.256,99.4,100.952,-1.552,99.8,101.327,-1.527,100.2,102.035,-1.835,100.6,102.674,-2.074,100,101.985,-1.985,100.4,102.229,-1.829,100.8,102.491,-1.691,101.2,102.754,-1.554,100,102.056,101,101.98,36.318,18843660,76.386,-0.168,0.367,0.273,0.278,-0.317,0.24
2026-07-07T09:45:00.000Z,50,50.799,51.292,42,42.458,46.371,99.4,101.263,-1.863,99.8,101.463,-1.663,100.2,102.233,-2.033,100.6,101.858,-1.258,100,102.013,-2.013,100.4,102.075,-1.675,100.8,102.54,-1.74,101.2,102.581,-1.381,100,102.003,101,101.673,36.272,18874350,76.586,-0.131,0.229,0.279,0.273,-0.311,0.218
2026-07-07T10:00:00.000Z,50,50.622,51.192,42,42.195,45.935,99.4,101.027,-1.627,99.8,101.781,-1.981,100.2,101.449,-1.249,100.6,101.778,-1.178,100,101.713,-1.713,100.4,102.294,-1.894,100.8,102.459,-1.659,101.2,103.042,-1.842,100,101.943,101,101.816,36.054,18905040,76.517,-0.318,0.156,0.28,0.247,-0.302,0.195
2026-07-07T10:15:00.000Z,50,50.582,50.416,42,42.594,46.355,99.4,101.058,-1.658,99.8,101.552,-1.752,100.2,101.579,-1.379,100.6,101.636,-1.036,100,101.507,-1.507,100.4,102.041,-1.641,100.8,102.176,-1.376,101.2,103.025,-1.825,100,101.822,101,101.34,35.8,18935730,75.357,-0.398,0.183,0.277,0.216,-0.29,0.169
2026-07-07T10:30:00.000Z,50,50.306,50.989,42,42.591,45.665,99.4,100.868,-1.468,99.8,101.422,-1.622,100.2,101.677,-1.477,100.6,102.314,-1.714,100,101.085,-1.085,100.4,101.761,-1.361,100.8,101.809,-1.009,101.2,102.79,-1.59,100,101.716,101,101.544,35.526,18966420,75.143,-0.461,0.017,0.269,0.183,-0.275,0.141
2026-07-07T10:45:00.000Z,50,50.222,50.547,42,42.291,46.221,99.4,100.979,-1.579,99.8,101.308,-1.508,100.2,101.575,-1.375,100.6,101.368,-0.768,100,100.782,-0.782,100.4,101.23,-0.83,100.8,102.122,-1.322,101.2,102.779,-1.579,100,101.518,101,101.405,35.579,18997110,75.784,-0.405,0.006,0.257,0.19,-0.257,0.112
2026-07-07T11:00:00.000Z,50,50.309,50,42,42.135,45.465,99.4,100.76,-1.36,99.8,100.771,-0.971,100.2,101.119,-0.919,100.6,101.745,-1.145,100,101.229,-1.229,100.4,101.72,-1.32,100.8,101.886,-1.086,101.2,102.501,-1.301,100,101.466,101,101.208,35.187,19027800,75.138,-0.456,-0.089,0.241,0.142,-0.237,0.081
2026-07-07T11:15:00.000Z,50,50.619,49.752,42,41.886,45.079,99.4,100.029,-0.629,99.8,100.887,-1.087,100.2,101.162,-0.962,100.6,101.763,-1.163,100,100.483,-0.483,100.4,101.557,-1.157,100.8,101.315,-0.515,101.2,102.053,-0.853,100,101.156,101,100.977,34.722,19058490,74.213,-0.392,-0.1,0.222,0.087,-0.214,0.05
2026-07-07T11:30:00.000Z,50,50.007,49.562,42,42.316,45.328,99.4,100.077,-0.677,99.8,100.676,-0.876,100.2,100.868,-0.668,100.6,100.724,-0.124,100,100.529,-0.529,100.4,100.854,-0.454,100.8,101.209,-0.409,101.2,102.125,-0.925,100,100.883,101,101.119,34.506,19089180,73.266,-0.411,-0.16,0.199,0.061,-0.189,0.018
2026-07-07T11:45:00.000Z,50,50.325,49.029,42,42.316,44.43,99.4,99.71,-0.31,99.8,99.696,0.104,100.2,100.218,-0.018,100.6,101.041,-0.441,100,99.818,0.182,100.4,101.026,-0.626,100.8,101.459,-0.659,101.2,101.741,-0.541,100,100.589,101,100.716,34.278,19119870,73.118,-0.431,-0.337,0.173,0.033,-0.162,-0.014
2026-07-07T12:00:00.000Z,50,50.234,48.506,42,41.762,43.733,99.4,99.248,0.152,99.8,99.811,-0.011,100.2,100.21,-0.01,100.6,101.04,-0.44,100,100.162,-0.162,100.4,100.587,-0.187,100.8,100.445,0.355,101.2,101.432,-0.232,100,100.367,101,100.605,34.207,19150560,72.053,-0.385,-0.259,0.144,0.025,-0.134,-0.046
2026-07-07T12:15:00.000Z,50,49.612,47.972,42,41.821,43.387,99.4,98.877,0.523,99.8,99.569,0.231,100.2,99.546,0.654,100.6,100.279,0.321,100,99.76,0.24,100.4,100.289,0.111,100.8,100.695,0.105,101.2,101.003,0.197,100,100.002,101,100.812,33.555,19181250,71.422,-0.198,-0.331,0.113,-0.053,-0.104,-0.077
2026-07-07T12:30:00.000Z,50,49.944,47.007,42,42.164,43.193,99.4,99.218,0.182,99.8,99.405,0.395,100.2,99.319,0.881,100.6,99.992,0.608,100,99.467,0.533,100.4,100.322,0.078,100.8,100.135,0.665,101.2,100.844,0.356,100,99.838,101,100.892,33.247,19211940,70.312,-0.158,-0.333,0.08,-0.09,-0.074,-0.108
2026-07-07T12:45:00.000Z,50,49.718,46.629,42,41.547,43.205,99.4,98.635,0.765,99.8,98.968,0.832,100.2,99.073,1.127,100.6,100.003,0.597,100,99.239,0.761,100.4,99.777,0.623,100.8,100.272,0.528,101.2,100.077,1.123,100,99.506,101,100.334,32.981,19242630,69.147,-0.157,-0.435,0.046,-0.122,-0.042,-0.137
2026-07-07T13:00:00.000Z,50,49.608,45.662,42,41.841,42.776,99.4,98.158,1.242,99.8,98.904,0.896,100.2,99.247,0.953,100.6,100.071,0.529,100,99.322,0.678,100.4,98.99,1.41,100.8,100.233,0.567,101.2,100.46,0.74,100,99.423,101,100.552,32.722,19273320,69.283,0.007,-0.393,0.011,-0.153,-0.01,-0.165
2026-07-07T13:15:00.000Z,50,49.263,45.011,42,41.526,42.234,99.4,97.86,1.54,99.8,98.491,1.309,100.2,98.744,1.456,100.6,99.282,1.318,100,98.942,1.058,100.4,99.015,1.385,100.8,99.282,1.518,101.2,100.45,0.75,100,99.008,101,100.176,32.807,19304010,67.992,0.113,-0.384,-0.024,-0.143,0.022,-0.192
2026-07-07T13:30:00.000Z,50,49.748,45.742,42,41.936,42.232,99.4,98.302,1.098,99.8,98.876,0.924,100.2,99.223,0.977,100.6,99.243,1.357,100,98.923,1.077,100.4,98.673,1.727,100.8,99.045,1.755,101.2,99.455,1.745,100,98.968,101,100.024,32.587,19334700,67.656,0.115,-0.317,-0.058,-0.17,0.054,-0.216
2026-07-07T13:45:00.000Z,50,49.355,44.667,42,41.781,41.404,99.4,98.015,1.385,99.8,98.223,1.577,100.2,98.513,1.687,100.6,99.252,1.348,100,98.09,1.91,100.4,98.475,1.925,100.8,98.974,1.826,101.2,99.834,1.366,100,98.672,101,99.969,32.042,19365390,68.398,0.252,-0.365,-0.092,-0.235,0.085,-0.238
2026-07-07T14:00:00.000Z,50,49.558,44.76,42,41.848,41.538,99.4,97.632,1.768,99.8,97.769,2.031,100.2,98.441,1.759,100.6,98.706,1.894,100,98.501,1.499,100.4,99.141,1.259,100.8,99.639,1.161,101.2,99.418,1.782,100,98.656,101,99.827,31.9,19396080,67.546,0.377,-0.315,-0.124,-0.252,0.115,-0.257
2026-07-07T14:15:00.000Z,50,49.458,45.566,42,41.417,42.134,99.4,97.945,1.455,99.8,98.497,1.303,100.2,98.34,1.86,100.6,99.096,1.504,100,98.643,1.357,100.4,98.803,1.597,100.8,99.317,1.483,101.2,99.677,1.523,100,98.79,101,100.237,31.924,19426770,68.675,0.311,-0.312,-0.155,-0.249,0.144,-0.273
2026-07-07T14:30:00.000Z,50,49.456,45.014,42,41.436,42.126,99.4,97.952,1.448,99.8,97.938,1.862,100.2,98.763,1.437,100.6,99.236,1.364,100,98.407,1.593,100.4,98.492,1.908,100.8,99.219,1.581,101.2,99.45,1.75,100,98.682,101,99.963,31.846,19457460,67.87,0.404,-0.108,-0.183,-0.259,0.172,-0.287
2026-07-07T14:45:00.000Z,50,49.178,45.364,42,41.178,42.629,99.4,97.527,1.873,99.8,97.949,1.851,100.2,98.191,2.009,100.6,98.487,2.113,100,98.28,1.72,100.4,98.836,1.564,100.8,99.417,1.383,101.2,99.679,1.521,100,98.546,101,99.807,31.947,19488150,68.149,0.515,-0.14,-0.208,-0.246,0.198,-0.298
2026-07-07T15:00:00.000Z,50,48.739,45.963,42,41.547,42.021,99.4,97.242,2.158,99.8,98.163,1.637,100.2,98.412,1.788,100.6,99.048,1.552,100,98.272,1.728,100.4,98.326,2.074,100.8,98.831,1.969,101.2,99.177,2.023,100,98.434,101,99.562,31.55,19518840,68.805,0.386,0.046,-0.229,-0.294,0.222,-0.305
2026-07-07T15:15:00.000Z,50,48.603,46.108,42,41.225,43.195,99.4,97.754,1.646,99.8,97.91,1.89,100.2,98.032,2.168,100.6,99.154,1.446,100,98.141,1.859,100.4,98.312,2.088,100.8,99.415,1.385,101.2,99.552,1.648,100,98.534,101,99.389,31.934,19549530,69.456,0.412,0.096,-0.248,-0.248,0.244,-0.309
2026-07-07T15:30:00.000Z,50,49.113,46.959,42,41.312,43.613,99.4,97.748,1.652,99.8,97.876,1.924,100.2,98.279,1.921,100.6,99.139,1.461,100,97.98,2.02,100.4,98.469,1.931,100.8,99.522,1.278,101.2,99.739,1.461,100,98.594,101,99.653,31.978,19580220,70.802,0.447,0.085,-0.262,-0.243,0.264,-0.31
2026-07-07T15:45:00.000Z,50,48.659,47.753,42,41.134,43.119,99.4,98.158,1.242,99.8,98.594,1.206,100.2,98.739,1.461,100.6,99.267,1.333,100,98.596,1.404,100.4,98.98,1.42,100.8,99.403,1.397,101.2,99.382,1.818,100,98.89,101,99.364,32.078,19610910,71.523,0.336,0.142,-0.272,-0.231,0.28,-0.307
2026-07-07T16:00:00.000Z,50,48.616,47.786,42,41.385,44.021,99.4,97.628,1.772,99.8,98.017,1.783,100.2,98.321,1.879,100.6,98.995,1.605,100,98.882,1.118,100.4,98.631,1.769,100.8,99.005,1.795,101.2,99.626,1.574,100,98.638,101,99.336,31.696,19641600,71.639,0.353,0.249,-0.278,-0.276,0.294,-0.302
2026-07-07T16:15:00.000Z,50,48.578,47.995,42,41.152,44.097,99.4,97.517,1.883,99.8,98.449,1.351,100.2,98.496,1.704,100.6,99.515,1.085,100,98.933,1.067,100.4,99.159,1.241,100.8,99.725,1.075,101.2,99.357,1.843,100,98.894,101,99.399,32.117,19672290,73.432,0.201,0.299,-0.28,-0.226,0.305,-0.293
2026-07-07T16:30:00.000Z,50,48.876,49.242,42,41.08,44.372,99.4,97.715,1.685,99.8,98.455,1.345,100.2,98.467,1.733,100.6,99.312,1.288,100,98.485,1.515,100.4,99.263,1.137,100.8,99.603,1.197,101.2,99.831,1.369,100,98.891,101,99.364,31.884,19702980,72.847,0.227,0.327,-0.277,-0.254,0.313,-0.28
2026-07-07T16:45:00.000Z,50,48.925,49.48,42,41.244,45.374,99.4,97.772,1.628,99.8,98.595,1.205,100.2,99.104,1.096,100.6,99.688,0.912,100,98.508,1.492,100.4,99.15,1.25,100.8,99.814,0.986,101.2,99.481,1.719,100,99.014,101,99.417,32.164,19733670,73.544,0.037,0.43,-0.27,-0.22,0.318,-0.265
2026-07-07T17:00:00.000Z,50,48.739,50.028,42,41.239,45.549,99.4,98.21,1.19,99.8,98.15,1.65,100.2,98.629,1.571,100.6,99.248,1.352,100,98.751,1.249,100.4,98.718,1.682,100.8,99.241,1.559,101.2,99.776,1.424,100,98.84,101,99.149,32.049,19764360,75.272,-0.061,0.445,-0.259,-0.234,0.32,-0.247
2026-07-07T17:15:00.000Z,50,48.715,50.612,42,41.264,45.506,99.4,98.173,1.227,99.8,98.78,1.02,100.2,98.787,1.413,100.6,99.221,1.379,100,98.878,1.122,100.4,98.992,1.408,100.8,100.054,0.746,101.2,100.181,1.019,100,99.133,101,99.17,32.44,19795050,75.907,-0.101,0.492,-0.244,-0.187,0.318,-0.227
2026-07-07T17:30:00.000Z,50,48.351,51.101,42,41.332,46.526,99.4,98.299,1.101,99.8,98.594,1.206,100.2,98.703,1.497,100.6,99.644,0.956,100,98.842,1.158,100.4,98.852,1.548,100.8,99.461,1.339,101.2,99.725,1.475,100,99.015,101,99.605,32.241,19825740,75.923,-0.221,0.337,-0.225,-0.211,0.314,-0.204
2026-07-07T17:45:00.000Z,50,48.83,50.442,42,40.827,45.8,99.4,98.398,1.002,99.8,98.263,1.537,100.2,99.396,0.804,100.6,99.825,0.775,100,98.52,1.48,100.4,98.86,1.54,100.8,99.91,0.89,101.2,100.527,0.673,100,99.212,101,99.563,32.514,19856430,76.495,-0.314,0.315,-0.202,-0.178,0.306,-0.178
2026-07-07T18:00:00.000Z,50,48.864,50.681,42,41.067,45.954,99.4,98.304,1.096,99.8,99.041,0.759,100.2,99.477,0.723,100.6,99.191,1.409,100,99.312,0.688,100.4,98.922,1.478,100.8,99.739,1.061,101.2,100.349,0.851,100,99.292,101,99.456,32.353,19887120,75.654,-0.388,0.393,-0.176,-0.198,0.295,-0.151
2026-07-07T18:15:00.000Z,50,48.424,51.489,42,41.26,46.091,99.4,97.943,1.457,99.8,99.036,0.764,100.2,99.217,0.983,100.6,99.735,0.865,100,98.582,1.418,100.4,99.14,1.26,100.8,99.275,1.525,101.2,99.735,1.465,100,99.083,101,99.417,32.284,19917810,76.202,-0.385,0.297,-0.148,-0.206,0.281,-0.123
2026-07-07T18:30:00.000Z,50,48.907,51.33,42,41.275,46.23,99.4,98.138,1.262,99.8,98.277,1.523,100.2,99.032,1.168,100.6,99.615,0.985,100,98.822,1.178,100.4,98.952,1.448,100.8,99.356,1.444,101.2,99.801,1.399,100,98.999,101,99.593,32.478,19948500,75.831,-0.347,0.294,-0.117,-0.183,0.265,-0.092
2026-07-07T18:45:00.000Z,50,48.734,50.328,42,40.934,46.299,99.4,97.843,1.557,99.8,98.717,1.083,100.2,99.269,0.931,100.6,99.053,1.547,100,98.401,1.599,100.4,98.802,1.598,100.8,99.531,1.269,101.2,99.973,1.227,100,98.949,101,99.086,32.476,19979190,75.305,-0.471,0.104,-0.084,-0.183,0.245,-0.061
2026-07-07T19:00:00.000Z,50,48.606,50.404,42,41.017,45.139,99.4,113.889,-14.489,99.8,98.878,0.922,100.2,99.046,1.154,100.6,99.161,1.439,100,98.945,1.055,100.4,98.788,1.612,100.8,99.69,1.11,101.2,99.658,1.542,100,101.007,101,99.417,32.082,20009880,74.192,-0.402,0.031,-0.051,-0.23,0.224,-0.03
2026-07-07T19:15:00.000Z,50,48.642,49.937,42,41.007,45.184,99.4,113.681,-14.281,99.8,114.223,-14.423,100.2,115.008,-14.808,100.6,115.6,-15,100,115.553,-15.553,100.4,116.462,-16.062,100.8,116.901,-16.101,101.2,118.143,-16.943,100,115.696,101,99.133,31.993,20040570,74.464,-0.428,0.04,-0.016,-0.241,0.2,0.002
2026-07-07T19:30:00.000Z,50,48.751,49.568,42,41.051,44.941,99.4,98.355,1.045,99.8,114.689,-14.889,100.2,114.693,-14.493,100.6,116.108,-15.508,100,115.322,-15.322,100.4,116.691,-16.291,100.8,117.031,-16.231,101.2,117.413,-16.213,100,113.788,101,99.597,32.042,20071260,72.976,-0.423,0.009,0.019,-0.235,0.174,0.034
2026-07-07T19:45:00.000Z,50,48.962,48.935,42,41.283,44.352,99.4,98.007,1.393,99.8,98.662,1.138,100.2,98.92,1.28,100.6,99.494,1.106,100,98.382,1.618,100.4,98.939,1.461,100.8,99.289,1.511,101.2,99.603,1.597,100,98.912,101,99.721,32.229,20101950,72.931,-0.322,-0.157,0.054,-0.212,0.146,0.066
2026-07-07T20:00:00.000Z,50,49.007,47.471,42,41.328,43.927,99.4,98.008,1.392,99.8,98.117,1.683,100.2,99.037,1.163,100.6,98.971,1.629,100,98.099,1.901,100.4,98.724,1.676,100.8,99.327,1.473,101.2,99.941,1.259,100,98.778,101,99.23,31.902,20132640,72.169,-0.354,-0.199,0.088,-0.252,0.117,0.097
2026-07-07T20:15:00.000Z,50,49.017,47.294,42,41.446,43.499,99.4,97.728,1.672,99.8,98.193,1.607,100.2,98.921,1.279,100.6,98.616,1.984,100,98.458,1.542,100.4,98.437,1.963,100.8,99.443,1.357,101.2,99.736,1.464,100,98.691,101,99.82,31.739,20163330,71.802,-0.205,-0.35,0.12,-0.271,0.086,0.127
2026-07-07T20:30:00.000Z,50,49.042,46.423,42,41.504,43.37,99.4,98.007,1.393,99.8,98.316,1.484,100.2,98.73,1.47,100.6,98.807,1.793,100,98.434,1.566,100.4,98.707,1.693,100.8,99.3,1.5,101.2,99.071,2.129,100,98.672,101,99.632,31.59,20194020,70.331,-0.159,-0.336,0.151,-0.289,0.055,0.155
2026-07-07T20:45:00.000Z,50,49.295,46.074,42,41.028,43,99.4,97.45,1.95,99.8,98.34,1.46,100.2,98.149,2.051,100.6,99.039,1.561,100,98.268,1.732,100.4,98.346,2.054,100.8,99.491,1.309,101.2,99.356,1.844,100,98.555,101,99.883,31.828,20224710,69.641,-0.056,-0.352,0.179,-0.261,0.023,0.182
2026-07-07T21:00:00.000Z,50,49.132,45.367,42,41.58,42.715,99.4,97.762,1.638,99.8,98.455,1.345,100.2,98.301,1.899,100.6,99.122,1.478,100,98.091,1.909,100.4,98.789,1.611,100.8,98.687,2.113,101.2,99.021,2.179,100,98.529,101,99.567,31.874,20255400,68.879,-0.02,-0.389,0.204,-0.255,-0.008,0.207
2026-07-07T21:15:00.000Z,50,49.328,45.282,42,41.352,42.552,99.4,97.832,1.568,99.8,98.349,1.451,100.2,98.655,1.545,100.6,98.557,2.043,100,98.313,1.687,100.4,98.827,1.573,100.8,99.118,1.682,101.2,99.322,1.878,100,98.622,101,99.944,31.676,20286090,68.23,0.128,-0.497,0.227,-0.279,-0.04,0.23
2026-07-07T21:30:00.000Z,50,49.367,45.737,42,41.158,41.914,99.4,97.475,1.925,99.8,97.744,2.056,100.2,98.457,1.743,100.6,99.131,1.469,100,98.167,1.833,100.4,98.479,1.921,100.8,99.193,1.607,101.2,99.698,1.502,100,98.543,101,99.729,31.944,20316780,68.621,0.192,-0.399,0.245,-0.247,-0.072,0.25
2026-07-07T21:45:00.000Z,50,49.073,45.289,42,41.54,41.945,99.4,98.095,1.305,99.8,97.836,1.964,100.2,98.904,1.296,100.6,98.923,1.677,100,97.905,2.095,100.4,98.305,2.095,100.8,99.083,1.717,101.2,99.686,1.514,100,98.592,101,99.713,31.883,20347470,68.032,0.249,-0.38,0.26,-0.254,-0.103,0.268
2026-07-07T22:00:00.000Z,50,49.108,44.47,42,41.46,41.722,99.4,97.956,1.444,99.8,97.934,1.866,100.2,98.973,1.227,100.6,98.938,1.662,100,98.805,1.195,100.4,98.546,1.854,100.8,99.07,1.73,101.2,99.165,2.035,100,98.673,101,100.168,32.156,20378160,68.059,0.389,-0.341,0.271,-0.221,-0.132,0.282
2026-07-07T22:15:00.000Z,50,49.268,45.116,42,41.691,41.791,99.4,98.143,1.257,99.8,97.996,1.804,100.2,99.161,1.039,100.6,99.327,1.273,100,98.194,1.806,100.4,98.761,1.639,100.8,99.526,1.274,101.2,99.369,1.831,100,98.81,101,100.029,32.293,20408850,68.419,0.449,-0.263,0.278,-0.205,-0.161,0.294
2026-07-07T22:30:00.000Z,50,49.581,45.608,42,41.723,42.419,99.4,98.423,0.977,99.8,98.551,1.249,100.2,98.689,1.511,100.6,98.842,1.758,100,98.638,1.362,100.4,99.332,1.068,100.8,99.233,1.567,101.2,99.901,1.299,100,98.951,101,100.147,32.18,20439540,67.611,0.388,-0.31,0.28,-0.218,-0.188,0.303
2026-07-07T22:45:00.000Z,50,49.793,45.758,42,41.928,41.784,99.4,98.629,0.771,99.8,98.677,1.123,100.2,98.798,1.402,100.6,99.753,0.847,100,99.198,0.802,100.4,99.425,0.975,100.8,99.612,1.188,101.2,99.712,1.488,100,99.226,101,100.096,32.497,20470230,68.578,0.413,-0.274,0.278,-0.18,-0.213,0.308
2026-07-07T23:00:00.000Z,50,49.821,45.64,42,41.662,42.729,99.4,98.611,0.789,99.8,99.057,0.743,100.2,99.11,1.09,100.6,99.376,1.224,100,99.416,0.584,100.4,99.176,1.224,100.8,100.117,0.683,101.2,100.679,0.521,100,99.443,101,100.435,32.594,20500920,68.643,0.49,-0.206,0.271,-0.169,-0.235,0.31
2026-07-07T23:15:00.000Z,50,49.533,46.113,42,41.667,42.776,99.4,98.906,0.494,99.8,99.262,0.538,100.2,99.885,0.315,100.6,100.215,0.385,100,99.103,0.897,100.4,100.084,0.316,100.8,100.124,0.676,101.2,100.029,1.171,100,99.701,101,100.665,33.12,20531610,69.724,0.38,-0.019,0.261,-0.106,-0.256,0.309
2026-07-07T23:30:00.000Z,50,49.915,47.23,42,41.943,42.93,99.4,99.089,0.311,99.8,98.883,0.917,100.2,99.91,0.29,100.6,100.404,0.196,100,99.099,0.901,100.4,100.039,0.361,100.8,100.561,0.239,101.2,100.783,0.417,100,99.846,101,100.491,33.24,20562300,69.936,0.355,-0.076,0.246,-0.091,-0.274,0.304
2026-07-07T23:45:00.000Z,50,50.251,47.615,42,42.012,43.37,99.4,98.995,0.405,99.8,99.551,0.249,100.2,100.001,0.199,100.6,100.347,0.253,100,99.605,0.395,100.4,99.747,0.653,100.8,100.389,0.411,101.2,101.213,-0.013,100,99.981,101,100.8,33.592,20592990,71.078,0.277,-0.006,0.227,-0.049,-0.289,0.296
